0 info it worked if it ends with ok
1 verbose cli [ 'node',
1 verbose cli   'C:\\Users\\jerry\\anaconda3\\Library\\lib\\node_modules\\npm\\bin\\npm-cli.js',
1 verbose cli   'install' ]
2 info using npm@1.4.12
3 info using node@v0.12.18
4 warn package.json mingxu-liu-portfolio@1.0.0 No description
5 warn package.json mingxu-liu-portfolio@1.0.0 No repository field.
6 warn package.json mingxu-liu-portfolio@1.0.0 No README data
7 verbose readDependencies using package.json deps
8 verbose install where, deps [ 'C:\\Users\\jerry\\Documents\\mingxu-liu-portfolio',
8 verbose install   [ 'astro' ] ]
9 info preinstall mingxu-liu-portfolio@1.0.0
10 verbose readDependencies using package.json deps
11 verbose cache add [ 'astro@^5.0.0', null ]
12 verbose cache add name=undefined spec="astro@^5.0.0" args=["astro@^5.0.0",null]
13 verbose parsed url { protocol: null,
13 verbose parsed url   slashes: null,
13 verbose parsed url   auth: null,
13 verbose parsed url   host: null,
13 verbose parsed url   port: null,
13 verbose parsed url   hostname: null,
13 verbose parsed url   hash: null,
13 verbose parsed url   search: null,
13 verbose parsed url   query: null,
13 verbose parsed url   pathname: 'astro@%5E5.0.0',
13 verbose parsed url   path: 'astro@%5E5.0.0',
13 verbose parsed url   href: 'astro@%5E5.0.0' }
14 verbose cache add name="astro" spec="^5.0.0" args=["astro","^5.0.0"]
15 verbose parsed url { protocol: null,
15 verbose parsed url   slashes: null,
15 verbose parsed url   auth: null,
15 verbose parsed url   host: null,
15 verbose parsed url   port: null,
15 verbose parsed url   hostname: null,
15 verbose parsed url   hash: null,
15 verbose parsed url   search: null,
15 verbose parsed url   query: null,
15 verbose parsed url   pathname: '%5E5.0.0',
15 verbose parsed url   path: '%5E5.0.0',
15 verbose parsed url   href: '%5E5.0.0' }
16 verbose addNamed [ 'astro', '^5.0.0' ]
17 verbose addNamed [ null, '>=5.0.0-0 <6.0.0-0' ]
18 silly lockFile 29370393-astro-5-0-0 astro@^5.0.0
19 verbose lock astro@^5.0.0 C:\Users\jerry\AppData\Roaming\npm-cache\29370393-astro-5-0-0.lock
20 silly addNameRange { name: 'astro', range: '>=5.0.0-0 <6.0.0-0', hasData: false }
21 verbose url raw astro
22 verbose url resolving [ 'https://registry.npmjs.org/', './astro' ]
23 verbose url resolved https://registry.npmjs.org/astro
24 info trying registry request attempt 1 at 16:50:18
25 http GET https://registry.npmjs.org/astro
26 http 200 https://registry.npmjs.org/astro
27 silly registry.get cb [ 200,
27 silly registry.get   { date: 'Mon, 14 Sep 2026 20:50:17 GMT',
27 silly registry.get     'content-type': 'application/json',
27 silly registry.get     'transfer-encoding': 'chunked',
27 silly registry.get     connection: 'close',
27 silly registry.get     'set-cookie':
27 silly registry.get      [ '__cf_bm=NtKgzdpjS_gtTpAtdvCPojRAWXf6VnvBg7.Dhz6Pq.o-1789419017.4699118-1.0.1.1-LitNC8oNGVanVS84KPhpoV_juV619loYkPjfdHtVA7xs5pIZvY.FDnwC7ZlCX3e4miDKBzPEpfKv0oVSDz_zcOYLJD.YJjBiy6rjrslv6GLdL3FZP2olPi.DB9pNaIW5; HttpOnly; SameSite=None; Secure; Path=/; Domain=npmjs.org; Expires=Mon, 14 Sep 2026 21:20:17 GMT',
27 silly registry.get        '_cfuvid=QwxuTL6Pc_3zjE6vh8el6RYlGy477sLzUSb2.blByZM-1789419017.4699118-1.0.1.1-Nc91x92kE2UES3fYgLt52Khl4B9JiJDS7gXPbnQ6h8Q; HttpOnly; SameSite=None; Secure; Path=/; Domain=npmjs.org' ],
27 silly registry.get     'cf-ray': 'a3b2435b2af3ec03-IAD',
27 silly registry.get     'cf-cache-status': 'HIT',
27 silly registry.get     'access-control-allow-origin': '*',
27 silly registry.get     age: '12',
27 silly registry.get     'cache-control': 'public, max-age=300',
27 silly registry.get     vary: 'accept-encoding, accept',
27 silly registry.get     'last-modified': 'Tue, 08 Sep 2026 15:55:05 GMT',
27 silly registry.get     server: 'cloudflare',
27 silly registry.get     etag: 'W/"803f3083728068fbf306753f569d4dc7"',
27 silly registry.get     'content-encoding': 'gzip' } ]
28 silly addNameRange number 2 { name: 'astro', range: '>=5.0.0-0 <6.0.0-0', hasData: true }
29 silly addNameRange versions [ 'astro',
29 silly addNameRange   [ '0.1.0',
29 silly addNameRange     '0.0.2',
29 silly addNameRange     '0.0.3',
29 silly addNameRange     '0.0.4',
29 silly addNameRange     '0.0.5',
29 silly addNameRange     '0.0.6',
29 silly addNameRange     '0.0.7',
29 silly addNameRange     '0.0.8',
29 silly addNameRange     '0.0.9',
29 silly addNameRange     '0.0.10',
29 silly addNameRange     '0.0.11',
29 silly addNameRange     '0.0.12',
29 silly addNameRange     '0.10.0',
29 silly addNameRange     '0.11.0',
29 silly addNameRange     '0.12.0-next.0',
29 silly addNameRange     '0.12.0-next.1',
29 silly addNameRange     '0.12.0',
29 silly addNameRange     '0.12.1',
29 silly addNameRange     '0.12.2',
29 silly addNameRange     '0.12.3',
29 silly addNameRange     '0.12.4',
29 silly addNameRange     '0.12.5',
29 silly addNameRange     '0.12.6',
29 silly addNameRange     '0.12.7',
29 silly addNameRange     '0.12.8',
29 silly addNameRange     '0.12.9',
29 silly addNameRange     '0.12.10',
29 silly addNameRange     '0.13.0',
29 silly addNameRange     '0.13.1',
29 silly addNameRange     '0.13.2',
29 silly addNameRange     '0.13.3',
29 silly addNameRange     '0.13.4',
29 silly addNameRange     '0.13.5',
29 silly addNameRange     '0.13.6',
29 silly addNameRange     '0.13.7',
29 silly addNameRange     '0.13.8',
29 silly addNameRange     '0.13.9',
29 silly addNameRange     '0.13.10',
29 silly addNameRange     '0.13.11',
29 silly addNameRange     '0.13.12',
29 silly addNameRange     '0.14.0',
29 silly addNameRange     '0.14.1',
29 silly addNameRange     '0.15.0',
29 silly addNameRange     '0.15.1',
29 silly addNameRange     '0.15.2',
29 silly addNameRange     '0.15.3',
29 silly addNameRange     '0.15.4',
29 silly addNameRange     '0.15.5',
29 silly addNameRange     '0.16.0',
29 silly addNameRange     '0.16.1',
29 silly addNameRange     '0.16.2',
29 silly addNameRange     '0.16.3',
29 silly addNameRange     '0.17.0',
29 silly addNameRange     '0.17.1',
29 silly addNameRange     '0.17.2',
29 silly addNameRange     '0.18.0-next.0',
29 silly addNameRange     '0.18.0-next.1',
29 silly addNameRange     '0.18.0-collections.1',
29 silly addNameRange     '0.17.3',
29 silly addNameRange     '0.18.0-next.2',
29 silly addNameRange     '0.18.0-next.3',
29 silly addNameRange     '0.18.0-next.4',
29 silly addNameRange     '0.18.0-next.5',
29 silly addNameRange     '0.18.0-next.6',
29 silly addNameRange     '0.18.0',
29 silly addNameRange     '0.18.1',
29 silly addNameRange     '0.18.2',
29 silly addNameRange     '0.18.3',
29 silly addNameRange     '0.18.4',
29 silly addNameRange     '0.18.5',
29 silly addNameRange     '0.18.6',
29 silly addNameRange     '0.18.7',
29 silly addNameRange     '0.18.8',
29 silly addNameRange     '0.19.0-next.fbr.1',
29 silly addNameRange     '0.18.9',
29 silly addNameRange     '0.0.0-routing-202176183324',
29 silly addNameRange     '0.0.0-routing-2021786728',
29 silly addNameRange     '0.0.0-202171022251',
29 silly addNameRange     '0.0.0-routing-2021711175453',
29 silly addNameRange     '0.0.0-routing-2021711181854',
29 silly addNameRange     '0.0.0-routing-2021711193725',
29 silly addNameRange     '0.18.10',
29 silly addNameRange     '0.19.0-next.0',
29 silly addNameRange     '0.18.11',
29 silly addNameRange     '0.18.12',
29 silly addNameRange     '0.19.0-next.1',
29 silly addNameRange     '0.19.0-next.2',
29 silly addNameRange     '0.18.13',
29 silly addNameRange     '0.19.0-next.3',
29 silly addNameRange     '0.19.0',
29 silly addNameRange     '0.19.1',
29 silly addNameRange     '0.19.2',
29 silly addNameRange     '0.19.3',
29 silly addNameRange     '0.19.4',
29 silly addNameRange     '0.20.0',
29 silly addNameRange     '0.20.1',
29 silly addNameRange     '0.20.2',
29 silly addNameRange     '0.20.3',
29 silly addNameRange     '0.20.4',
29 silly addNameRange     '0.20.5',
29 silly addNameRange     '0.20.6',
29 silly addNameRange     '0.20.7',
29 silly addNameRange     '0.0.0-compiler-2021821194359',
29 silly addNameRange     '0.0.0-compiler-20218212004',
29 silly addNameRange     '0.0.0-compiler-2021821205547',
29 silly addNameRange     '0.0.0-compiler-2021821224214',
29 silly addNameRange     '0.0.0-compiler-202182123352',
29 silly addNameRange     '0.0.0-compiler-202182320560',
29 silly addNameRange     '0.0.0-compiler-2021824171345',
29 silly addNameRange     '0.0.0-astro-check-2021824174150',
29 silly addNameRange     '0.20.8',
29 silly addNameRange     '0.0.0-next--astro-check-2021829174058',
29 silly addNameRange     '0.0.0-compiler-20218291883',
29 silly addNameRange     '0.0.0-compiler-202183012586',
29 silly addNameRange     '0.0.0-compiler-202183013580',
29 silly addNameRange     '0.0.0-compiler-202183014611',
29 silly addNameRange     '0.20.9',
29 silly addNameRange     '0.0.0-compiler-202194144128',
29 silly addNameRange     '0.0.0-compiler-202194164345',
29 silly addNameRange     '0.0.0-compiler-202195175150',
29 silly addNameRange     '0.0.0-compiler-202195175449',
29 silly addNameRange     '0.0.0-compiler-202195205134',
29 silly addNameRange     '0.0.0-compiler-202195205843',
29 silly addNameRange     '0.0.0-compiler-20219819163',
29 silly addNameRange     '0.20.10',
29 silly addNameRange     '0.0.0-compiler-2021912135149',
29 silly addNameRange     '0.20.11',
29 silly addNameRange     '0.0.0-compiler-2021912201024',
29 silly addNameRange     '0.0.0-compiler-2021913193713',
29 silly addNameRange     '0.0.0-compiler-2021913205815',
29 silly addNameRange     '0.0.0-compiler-202191418258',
29 silly addNameRange     '0.0.0-compiler-202191419857',
29 silly addNameRange     '0.20.12',
29 silly addNameRange     '0.0.0-compiler-20219160298',
29 silly addNameRange     '0.0.0-compiler-2021918182157',
29 silly addNameRange     '0.0.0-compiler-2021918205521',
29 silly addNameRange     '0.0.0-compiler-2021919122335',
29 silly addNameRange     '0.0.0-compiler-2021919144253',
29 silly addNameRange     '0.0.0-compiler-2021919173559',
29 silly addNameRange     '0.0.0-compiler-202191918936',
29 silly addNameRange     '0.0.0-compiler-2021922153359',
29 silly addNameRange     '0.0.0-compiler-2021922171217',
29 silly addNameRange     '0.0.0-compiler-202192217569',
29 silly addNameRange     '0.0.0-compiler-202192218225',
29 silly addNameRange     '0.0.0-compiler-2021922182313',
29 silly addNameRange     '0.0.0-compiler-202192219270',
29 silly addNameRange     '0.0.0-compiler-2021922192928',
29 silly addNameRange     '0.0.0-compiler-2021922193128',
29 silly addNameRange     '0.0.0-compiler-2021922194124',
29 silly addNameRange     '0.0.0-compiler-202192219476',
29 silly addNameRange     '0.0.0-compiler-202192222271',
29 silly addNameRange     '0.0.0-compiler-202192513412',
29 silly addNameRange     '0.0.0-compiler-2021925165634',
29 silly addNameRange     '0.0.0-compiler-202192518234',
29 silly addNameRange     '0.0.0-compiler-202192518814',
29 silly addNameRange     '0.0.0-compiler-202192519628',
29 silly addNameRange     '0.0.0-compiler-2021925192442',
29 silly addNameRange     '0.0.0-compiler-2021925201936',
29 silly addNameRange     '0.0.0-compiler-2021926152628',
29 silly addNameRange     '0.0.0-compiler-2021926155820',
29 silly addNameRange     '0.0.0-compiler-20219261822',
29 silly addNameRange     '0.0.0-compiler-202192621387',
29 silly addNameRange     '0.0.0-compiler-20219270206',
29 silly addNameRange     '0.0.0-compiler-202192721226',
29 silly addNameRange     '0.0.0-compiler-202192735230',
29 silly addNameRange     '0.0.0-compiler-202192745537',
29 silly addNameRange     '0.0.0-compiler-2021927151937',
29 silly addNameRange     '0.0.0-compiler-2021927153828',
29 silly addNameRange     '0.0.0-compiler-2021927154633',
29 silly addNameRange     '0.0.0-compiler-202192716846',
29 silly addNameRange     '0.0.0-compiler-2021927161216',
29 silly addNameRange     '0.0.0-compiler-202192718640',
29 silly addNameRange     '0.0.0-compiler-2021927182945',
29 silly addNameRange     '0.0.0-compiler-202192719628',
29 silly addNameRange     '0.0.0-compiler-202192719637',
29 silly addNameRange     '0.0.0-compiler-2021927202748',
29 silly addNameRange     '0.0.0-compiler-202192722619',
29 silly addNameRange     '0.0.0-compiler-2021928141529',
29 silly addNameRange     '0.0.0-compiler-2021928152710',
29 silly addNameRange     '0.0.0-compiler-2021928182540',
29 silly addNameRange     '0.0.0-compiler-2021928182623',
29 silly addNameRange     '0.0.0-compiler-2021928195510',
29 silly addNameRange     '0.0.0-compiler-202192918243',
29 silly addNameRange     '0.21.0-next.0',
29 silly addNameRange     '0.21.0-next.1',
29 silly addNameRange     '0.21.0-next.2',
29 silly addNameRange     '0.21.0-next.3',
29 silly addNameRange     '0.21.0-next.4',
29 silly addNameRange     '0.21.0-next.5',
29 silly addNameRange     '0.21.0-next.6',
29 silly addNameRange     '0.21.0-next.7',
29 silly addNameRange     '0.21.0-next.8',
29 silly addNameRange     '0.21.0-next.9',
29 silly addNameRange     '0.21.0-next.10',
29 silly addNameRange     '0.21.0-next.11',
29 silly addNameRange     '0.21.0-next.12',
29 silly addNameRange     '0.21.0',
29 silly addNameRange     '0.21.1',
29 silly addNameRange     '0.21.2',
29 silly addNameRange     '0.0.0-build-20211022224355',
29 silly addNameRange     '0.0.0-build-20211022225750',
29 silly addNameRange     '0.21.3',
29 silly addNameRange     '0.21.4',
29 silly addNameRange     '0.21.5',
29 silly addNameRange     '0.21.6',
29 silly addNameRange     '0.21.7',
29 silly addNameRange     '0.21.8',
29 silly addNameRange     '0.21.9',
29 silly addNameRange     '0.21.10',
29 silly addNameRange     '0.21.11',
29 silly addNameRange     '0.21.12',
29 silly addNameRange     '0.21.13',
29 silly addNameRange     '0.22.1',
29 silly addNameRange     '0.22.2',
29 silly addNameRange     '0.22.3',
29 silly addNameRange     '0.22.4',
29 silly addNameRange     '0.22.5',
29 silly addNameRange     '0.22.6',
29 silly addNameRange     '0.22.7',
29 silly addNameRange     '0.22.8',
29 silly addNameRange     '0.22.9',
29 silly addNameRange     '0.22.10',
29 silly addNameRange     '0.22.11',
29 silly addNameRange     '0.22.12',
29 silly addNameRange     '0.22.13',
29 silly addNameRange     '0.22.14',
29 silly addNameRange     '0.22.15',
29 silly addNameRange     '0.22.16',
29 silly addNameRange     '0.22.17',
29 silly addNameRange     '0.22.18',
29 silly addNameRange     '0.22.19',
29 silly addNameRange     '0.22.20',
29 silly addNameRange     '0.23.0-next.0',
29 silly addNameRange     '0.23.0-next.1',
29 silly addNameRange     '0.23.0-next.2',
29 silly addNameRange     '0.23.0-next.3',
29 silly addNameRange     '0.23.0-next.4',
29 silly addNameRange     '0.23.0-next.5',
29 silly addNameRange     '0.23.0-next.6',
29 silly addNameRange     '0.23.0-next.7',
29 silly addNameRange     '0.23.0-next.8',
29 silly addNameRange     '0.0.0-next--wasm-20220216194508',
29 silly addNameRange     '0.0.0-next--wasm-20220216221041',
29 silly addNameRange     '0.23.0-next.9',
29 silly addNameRange     '0.23.0-next.10',
29 silly addNameRange     '0.23.0',
29 silly addNameRange     '0.23.1',
29 silly addNameRange     '0.23.2',
29 silly addNameRange     '0.23.3',
29 silly addNameRange     '0.23.4',
29 silly addNameRange     '0.23.5',
29 silly addNameRange     '0.23.6',
29 silly addNameRange     '0.23.7',
29 silly addNameRange     '0.24.0-next.0',
29 silly addNameRange     '0.24.0-next.1',
29 silly addNameRange     '0.24.0-next.2',
29 silly addNameRange     '0.24.0',
29 silly addNameRange     '0.24.0-perf.1',
29 silly addNameRange     '0.24.1',
29 silly addNameRange     '0.24.2',
29 silly addNameRange     '0.24.3',
29 silly addNameRange     '0.25.0-next.0',
29 silly addNameRange     '0.25.0-next.1',
29 silly addNameRange     '0.25.0-next.2',
29 silly addNameRange     '0.25.0-next.3',
29 silly addNameRange     '0.25.0',
29 silly addNameRange     '0.25.1',
29 silly addNameRange     '0.25.2',
29 silly addNameRange     '0.25.3',
29 silly addNameRange     '0.25.4',
29 silly addNameRange     '0.26.0',
29 silly addNameRange     '0.26.1',
29 silly addNameRange     '1.0.0-beta.0',
29 silly addNameRange     '1.0.0-beta.1',
29 silly addNameRange     '1.0.0-beta.2',
29 silly addNameRange     '1.0.0-beta.3',
29 silly addNameRange     '1.0.0-beta.4',
29 silly addNameRange     '1.0.0-beta.5',
29 silly addNameRange     '1.0.0-beta.6',
29 silly addNameRange     '1.0.0-beta.7',
29 silly addNameRange     '1.0.0-beta.8',
29 silly addNameRange     '1.0.0-beta.9',
29 silly addNameRange     '1.0.0-beta.10',
29 silly addNameRange     '1.0.0-beta.11',
29 silly addNameRange     '1.0.0-beta.12',
29 silly addNameRange     '1.0.0-beta.14',
29 silly addNameRange     '1.0.0-beta.15',
29 silly addNameRange     '1.0.0-beta.16',
29 silly addNameRange     '1.0.0-beta.17',
29 silly addNameRange     '1.0.0-beta.18',
29 silly addNameRange     '1.0.0-beta.19',
29 silly addNameRange     '1.0.0-beta.20',
29 silly addNameRange     '1.0.0-beta.21',
29 silly addNameRange     '1.0.0-beta.22',
29 silly addNameRange     '1.0.0-beta.23',
29 silly addNameRange     '1.0.0-beta.24',
29 silly addNameRange     '1.0.0-beta.25',
29 silly addNameRange     '1.0.0-beta.26',
29 silly addNameRange     '1.0.0-beta.27',
29 silly addNameRange     '1.0.0-beta.28',
29 silly addNameRange     '1.0.0-beta.29',
29 silly addNameRange     '1.0.0-beta.30',
29 silly addNameRange     '1.0.0-beta.31',
29 silly addNameRange     '1.0.0-beta.33',
29 silly addNameRange     '1.0.0-beta.34',
29 silly addNameRange     '1.0.0-beta.35',
29 silly addNameRange     '1.0.0-beta.36',
29 silly addNameRange     '1.0.0-beta.37',
29 silly addNameRange     '1.0.0-beta.38',
29 silly addNameRange     '1.0.0-beta.39',
29 silly addNameRange     '1.0.0-beta.40',
29 silly addNameRange     '1.0.0-beta.41',
29 silly addNameRange     '1.0.0-beta.42',
29 silly addNameRange     '1.0.0-beta.43',
29 silly addNameRange     '1.0.0-beta.44',
29 silly addNameRange     '1.0.0-beta.45',
29 silly addNameRange     '1.0.0-beta.46',
29 silly addNameRange     '1.0.0-beta.47',
29 silly addNameRange     '1.0.0-beta.48',
29 silly addNameRange     '1.0.0-beta.49',
29 silly addNameRange     '1.0.0-beta.50',
29 silly addNameRange     '1.0.0-beta.51',
29 silly addNameRange     '1.0.0-beta.52',
29 silly addNameRange     '1.0.0-beta.53',
29 silly addNameRange     '1.0.0-beta.54',
29 silly addNameRange     '1.0.0-beta.55',
29 silly addNameRange     '1.0.0-beta.56',
29 silly addNameRange     '1.0.0-beta.57',
29 silly addNameRange     '1.0.0-beta.58',
29 silly addNameRange     '1.0.0-beta.59',
29 silly addNameRange     '1.0.0-beta.60',
29 silly addNameRange     '1.0.0-beta.61',
29 silly addNameRange     '1.0.0-beta.62',
29 silly addNameRange     '1.0.0-beta.63',
29 silly addNameRange     '1.0.0-beta.64',
29 silly addNameRange     '1.0.0-beta.65',
29 silly addNameRange     '1.0.0-beta.66',
29 silly addNameRange     '1.0.0-beta.69',
29 silly addNameRange     '1.0.0-beta.70',
29 silly addNameRange     '1.0.0-beta.71',
29 silly addNameRange     '1.0.0-beta.72',
29 silly addNameRange     '1.0.0-beta.73',
29 silly addNameRange     '0.0.0-rc-20220719055619',
29 silly addNameRange     '0.0.0-rc-20220720044556',
29 silly addNameRange     '0.0.0-rc-20220721064837',
29 silly addNameRange     '0.0.0-rc-20220722032928',
29 silly addNameRange     '0.0.0-rc-20220725043302',
29 silly addNameRange     '0.0.0-rc-20220726043527',
29 silly addNameRange     '1.0.0-rc.1',
29 silly addNameRange     '1.0.0-rc.2',
29 silly addNameRange     '1.0.0-rc.3',
29 silly addNameRange     '1.0.0-rc.4',
29 silly addNameRange     '1.0.0-rc.5',
29 silly addNameRange     '1.0.0-rc.6',
29 silly addNameRange     '1.0.0-rc.7',
29 silly addNameRange     '1.0.0-rc.8',
29 silly addNameRange     '1.0.0',
29 silly addNameRange     '1.0.1',
29 silly addNameRange     '1.0.2',
29 silly addNameRange     '1.0.3',
29 silly addNameRange     '1.0.4',
29 silly addNameRange     '1.0.5',
29 silly addNameRange     '1.0.6',
29 silly addNameRange     '0.0.0-20220816201344',
29 silly addNameRange     '1.0.7',
29 silly addNameRange     '1.0.8',
29 silly addNameRange     '1.0.9',
29 silly addNameRange     '1.1.0-next.0',
29 silly addNameRange     '1.1.0',
29 silly addNameRange     '1.1.1',
29 silly addNameRange     '1.1.2',
29 silly addNameRange     '1.1.3',
29 silly addNameRange     '1.1.4',
29 silly addNameRange     '1.1.5',
29 silly addNameRange     '1.1.6',
29 silly addNameRange     '1.1.7',
29 silly addNameRange     '1.1.8',
29 silly addNameRange     '1.2.0',
29 silly addNameRange     '1.2.1',
29 silly addNameRange     '1.2.2',
29 silly addNameRange     '1.2.3',
29 silly addNameRange     '0.0.0-wasm-20220914141542',
29 silly addNameRange     '0.0.0-wasm-20220914143627',
29 silly addNameRange     '0.0.0-wasm-20220914145350',
29 silly addNameRange     '1.2.4',
29 silly addNameRange     '1.2.5',
29 silly addNameRange     '1.2.6',
29 silly addNameRange     '1.2.7',
29 silly addNameRange     '1.2.8',
29 silly addNameRange     '0.0.0-wasm-20220921185024',
29 silly addNameRange     '1.3.0',
29 silly addNameRange     '1.3.1',
29 silly addNameRange     '0.0.0-imgcache-20220929145446',
29 silly addNameRange     '1.4.0',
29 silly addNameRange     '1.4.1',
29 silly addNameRange     '1.4.2',
29 silly addNameRange     '0.0.0-perf-20221003140654',
29 silly addNameRange     '1.4.3',
29 silly addNameRange     '0.0.0-perf-2-20221003212959',
29 silly addNameRange     '1.4.4',
29 silly addNameRange     '1.4.5',
29 silly addNameRange     '1.4.6',
29 silly addNameRange     '1.4.7',
29 silly addNameRange     '0.0.0-node-standalone-20221011210529',
29 silly addNameRange     '1.5.0',
29 silly addNameRange     '0.0.0-include-files-20221014115259',
29 silly addNameRange     '0.0.0-include-files-20221014142503',
29 silly addNameRange     '1.5.1',
29 silly addNameRange     '1.5.2',
29 silly addNameRange     '1.5.3',
29 silly addNameRange     '0.0.0-hmr-recovery-20221026140530',
29 silly addNameRange     '0.0.0-hmr-recovery-20221027125930',
29 silly addNameRange     '1.6.0',
29 silly addNameRange     '1.6.1',
29 silly addNameRange     '1.6.2',
29 silly addNameRange     '0.0.0-config-errors-20221101194733',
29 silly addNameRange     '1.6.3',
29 silly addNameRange     '1.6.4',
29 silly addNameRange     '1.6.5',
29 silly addNameRange     '1.6.6',
29 silly addNameRange     '1.6.7',
29 silly addNameRange     '0.0.0-vercel-image-20221111225307',
29 silly addNameRange     '0.0.0-vercel-image-2-20221111232103',
29 silly addNameRange     '0.0.0-new-config-20221111232307',
29 silly addNameRange     '0.0.0-vercel-image-2-20221112151551',
29 silly addNameRange     '0.0.0-new-config-20221112181527',
29 silly addNameRange     '0.0.0-new-config-20221114154518',
29 silly addNameRange     '0.0.0-image-next-20221114175548',
29 silly addNameRange     '0.0.0-image-api-20221114180701',
29 silly addNameRange     '1.6.8',
29 silly addNameRange     '0.0.0-vercel-code-20221115163845',
29 silly addNameRange     '0.0.0-vercel-code-20221115172023',
29 silly addNameRange     '0.0.0-vercel-code-20221115191719',
29 silly addNameRange     '1.6.9',
29 silly addNameRange     '1.6.10',
29 silly addNameRange     '0.0.0-content-schemas-20221118232407',
29 silly addNameRange     '0.0.0-content-schemas-20221118233302',
29 silly addNameRange     '1.6.11',
29 silly addNameRange     '0.0.0-content-schemas-20221129235256',
29 silly addNameRange     '0.0.0-telefunc-20221130131719',
29 silly addNameRange     '0.0.0-content-schemas-20221130135236',
29 silly addNameRange     '1.6.12',
29 silly addNameRange     '0.0.0-error-overlay-20221130171441',
29 silly addNameRange     '0.0.0-set-cookie-20221202105120',
29 silly addNameRange     '0.0.0-set-cookie-20221202112631',
29 silly addNameRange     '0.0.0-error-overlay-20221203190718',
29 silly addNameRange     '0.0.0-content-schemas-20221205202838',
29 silly addNameRange     '0.0.0-prerender-20221205225045',
29 silly addNameRange     '1.6.13',
29 silly addNameRange     '0.0.0-content-schemas-20221207142945',
29 silly addNameRange     '1.6.14',
29 silly addNameRange     '0.0.0-join-base-20221208170220',
29 silly addNameRange     '0.0.0-join-base-20221208170900',
29 silly addNameRange     '0.0.0-content-schemas-20221209180144',
29 silly addNameRange     '0.0.0-prerender-20221209214618',
29 silly addNameRange     '0.0.0-prerender-20221209224429',
29 silly addNameRange     '1.6.15',
29 silly addNameRange     '0.0.0-content-collections-20221215161753',
29 silly addNameRange     '0.0.0-prerender-20221215200617',
29 silly addNameRange     '0.0.0-prerender-20221215222121',
29 silly addNameRange     '0.0.0-fixwin-20221216184820',
29 silly addNameRange     '1.7.0',
29 silly addNameRange     '1.7.1',
29 silly addNameRange     '1.7.2',
29 silly addNameRange     '1.8.0',
29 silly addNameRange     '1.9.0',
29 silly addNameRange     '2.0.0-beta.0',
29 silly addNameRange     '1.9.1',
29 silly addNameRange     '2.0.0-beta.1',
29 silly addNameRange     '1.9.2',
29 silly addNameRange     '2.0.0-beta.2',
29 silly addNameRange     '2.0.0-beta.3',
29 silly addNameRange     '2.0.0-beta.4',
29 silly addNameRange     '2.0.0',
29 silly addNameRange     '0.0.0-vercel-proc-bug-20230124214915',
29 silly addNameRange     '2.0.1',
29 silly addNameRange     '2.0.2',
29 silly addNameRange     '2.0.4',
29 silly addNameRange     '0.0.0-netlify-undici-fix-20230131152620',
29 silly addNameRange     '2.0.5',
29 silly addNameRange     '2.0.6',
29 silly addNameRange     '0.0.0-mdx-links-20230206150400',
29 silly addNameRange     '0.0.0-mdx-links-20230206172907',
29 silly addNameRange     '2.0.7',
29 silly addNameRange     '2.0.8',
29 silly addNameRange     '2.0.9',
29 silly addNameRange     '0.0.0-shiki-vercel-20230209184129',
29 silly addNameRange     '2.0.10',
29 silly addNameRange     '0.0.0-headbody-20230210211128',
29 silly addNameRange     '0.0.0-headbody-20230210211734',
29 silly addNameRange     '0.0.0-devapp-20230213144230',
29 silly addNameRange     '0.0.0-devapp-20230213150649',
29 silly addNameRange     '0.0.0-devapp-20230213152822',
29 silly addNameRange     '0.0.0-devapp-20230213154406',
29 silly addNameRange     '0.0.0-devapp-20230213160514',
29 silly addNameRange     '0.0.0-devapp-20230213161446',
29 silly addNameRange     '2.0.11',
29 silly addNameRange     '0.0.0-markdoc-20230214163516',
29 silly addNameRange     '0.0.0-markdoc-20230214185115',
29 silly addNameRange     '2.0.12',
29 silly addNameRange     '0.0.0-markdoc-20230215220218',
29 silly addNameRange     '2.0.13',
29 silly addNameRange     '0.0.0-head-bubbling-20230217175534',
29 silly addNameRange     '2.0.14',
29 silly addNameRange     '0.0.0-loaders-20230222215040',
29 silly addNameRange     '2.0.15',
29 silly addNameRange     '2.0.16',
29 silly addNameRange     '0.0.0-check-watch-20230227144241',
29 silly addNameRange     '0.0.0-vercel-fix-20230227212924',
29 silly addNameRange     '0.0.0-vercel-fix-20230227213700',
29 silly addNameRange     '0.0.0-vercel-fix-20230227215002',
29 silly addNameRange     '0.0.0-markdoc-20230228222248',
29 silly addNameRange     '2.0.17',
29 silly addNameRange     '0.0.0-markdoc-20230302210326',
29 silly addNameRange     '0.0.0-experimental-assets-20230303161306',
29 silly addNameRange     '0.0.0-check-watch-20230303211357',
29 silly addNameRange     '0.0.0-experimental-assets-20230306150013',
29 silly addNameRange     '2.0.18',
29 silly addNameRange     '0.0.0-ssr-manifest-20230306183729',
29 silly addNameRange     '0.0.0-cloudcannon-fix-20230306211609',
29 silly addNameRange     '0.0.0-experimental-assets-20230307131344',
29 silly addNameRange     '2.1.0',
29 silly addNameRange     '2.1.1',
29 silly addNameRange     '2.1.2',
29 silly addNameRange     '0.0.0-vercel-clientaddress-20230309142435',
29 silly addNameRange     '0.0.0-image-image-size-20230309180922',
29 silly addNameRange     '0.0.0-vercel-json-20230313191807',
29 silly addNameRange     '0.0.0-vercel-json-20230313193421',
29 silly addNameRange     '0.0.0-vercel-json-20230313194145',
29 silly addNameRange     '2.1.3',
29 silly addNameRange     '0.0.0-vercel-json-20230313200730',
29 silly addNameRange     '0.0.0-vercel-json-20230313201834',
29 silly addNameRange     '2.1.4',
29 silly addNameRange     '2.1.5',
29 silly addNameRange     '0.0.0-head-prop-20230323183456',
29 silly addNameRange     '2.1.6',
29 silly addNameRange     '2.1.7',
29 silly addNameRange     '2.1.8',
29 silly addNameRange     '2.1.9',
29 silly addNameRange     '0.0.0-middleware-20230331181015',
29 silly addNameRange     '0.0.0-schema-image-20230401003731',
29 silly addNameRange     '0.0.0-schema-image-20230401013700',
29 silly addNameRange     '0.0.0-middleware-20230403121346',
29 silly addNameRange     '0.0.0-middleware-20230405160200',
29 silly addNameRange     '2.2.0',
29 silly addNameRange     '0.0.0-scopedStyleStrategy-20230406135310',
29 silly addNameRange     '2.2.1',
29 silly addNameRange     '0.0.0-image-wasm-ssr-20230411145607',
29 silly addNameRange     '0.0.0-middleware-20230411150403',
29 silly addNameRange     '2.2.2',
29 silly addNameRange     '0.0.0-middleware-20230412124602',
29 silly addNameRange     '2.2.3',
29 silly addNameRange     '2.3.0',
29 silly addNameRange     '0.0.0-data-collections-20230418125011',
29 silly addNameRange     '0.0.0-middleware-20230418135507',
29 silly addNameRange     '2.3.1',
29 silly addNameRange     '2.3.2',
29 silly addNameRange     '0.0.0-vercel-image-20230428112211',
29 silly addNameRange     '2.3.3',
29 silly addNameRange     '2.3.4',
29 silly addNameRange     '2.4.0',
29 silly addNameRange     '2.4.1',
29 silly addNameRange     '2.4.2',
29 silly addNameRange     '0.0.0-multi-chunk-20230508112531',
29 silly addNameRange     '2.4.3',
29 silly addNameRange     '2.4.4',
29 silly addNameRange     '2.4.5',
29 silly addNameRange     '0.0.0-redirects-20230511203938',
29 silly addNameRange     '0.0.0-outlet-20230516145630',
29 silly addNameRange     '2.5.0',
29 silly addNameRange     '0.0.0-content-serial-20230519093503',
29 silly addNameRange     '0.0.0-spa-20230519211519',
29 silly addNameRange     '2.5.1',
29 silly addNameRange     '0.0.0-content-serial-20230522100058',
29 silly addNameRange     '2.5.2',
29 silly addNameRange     '2.5.3',
29 silly addNameRange     '2.5.4',
29 silly addNameRange     '2.5.5',
29 silly addNameRange     '0.0.0-nested-hydrate-20230524151829',
29 silly addNameRange     '0.0.0-redirects-20230524173123',
29 silly addNameRange     '2.5.6',
29 silly addNameRange     '2.5.7',
29 silly addNameRange     '2.6.0',
29 silly addNameRange     '2.6.1',
29 silly addNameRange     '0.0.0-markdoc-import-urls-20230607221652',
29 silly addNameRange     '2.6.2',
29 silly addNameRange     '2.6.3',
29 silly addNameRange     '0.0.0-simple-nested-hydration-20230612101258',
29 silly addNameRange     '0.0.0-tailwind-config-20230612122302',
29 silly addNameRange     '2.6.4',
29 silly addNameRange     '2.6.5',
29 silly addNameRange     '2.6.6',
29 silly addNameRange     '0.0.0-pm-fix-20230620192750',
29 silly addNameRange     '0.0.0-pm-fix-20230620193235',
29 silly addNameRange     '2.7.0',
29 silly addNameRange     '0.0.0-markdoc-config-changes-20230626153541',
29 silly addNameRange     '0.0.0-vercel-edge-middleware-20230627120036',
29 silly addNameRange     '2.7.1',
29 silly addNameRange     '0.0.0-vercel-edge-middleware-20230627124653',
29 silly addNameRange     '0.0.0-view-transitions-20230628153446',
29 silly addNameRange     '0.0.0-view-transitions-20230628195252',
29 silly addNameRange     '2.7.2',
29 silly addNameRange     '0.0.0-vercel-split-20230629135007',
29 silly addNameRange     '0.0.0-vercel-edge-middleware-20230629145510',
29 silly addNameRange     '0.0.0-vercel-edge-middleware-20230630125718',
29 silly addNameRange     '0.0.0-view-transitions-20230630132601',
29 silly addNameRange     '2.7.3',
29 silly addNameRange     '2.7.4',
29 silly addNameRange     '2.8.0',
29 silly addNameRange     '2.8.1',
29 silly addNameRange     '0.0.0-view-transitions-20230711174903',
29 silly addNameRange     '0.0.0-netlify-edge-middleware-20230712131416',
29 silly addNameRange     '0.0.0-view-transitions-20230712192012',
29 silly addNameRange     '2.8.2',
29 silly addNameRange     '0.0.0-view-transitions-20230713155729',
29 silly addNameRange     '0.0.0-netlify-edge-middleware-20230714102302',
29 silly addNameRange     '0.0.0-netlify-edge-middleware-20230714113609',
29 silly addNameRange     '0.0.0-netlify-edge-middleware-20230714115436',
29 silly addNameRange     '0.0.0-netlify-edge-middleware-20230714125239',
29 silly addNameRange     '0.0.0-netlify-edge-middleware-20230714131425',
29 silly addNameRange     '2.8.3',
29 silly addNameRange     '0.0.0-view-transitions-20230717132542',
29 silly addNameRange     '2.8.4',
29 silly addNameRange     '2.8.5',
29 silly addNameRange     '2.9.0',
29 silly addNameRange     '2.9.1',
29 silly addNameRange     '2.9.2',
29 silly addNameRange     '2.9.3',
29 silly addNameRange     '2.9.4',
29 silly addNameRange     '2.9.5',
29 silly addNameRange     '2.9.6',
29 silly addNameRange     '0.0.0-view-transitions-20230728201237',
29 silly addNameRange     '0.0.0-view-transitions-20230728205540',
29 silly addNameRange     '0.0.0-view-transitions-20230728210014',
29 silly addNameRange     '0.0.0-view-transitions-20230731172701',
29 silly addNameRange     '2.9.7',
29 silly addNameRange     '2.10.0',
29 silly addNameRange     '3.0.0-beta.0',
29 silly addNameRange     '2.10.1',
29 silly addNameRange     '2.10.2',
29 silly addNameRange     '2.10.3',
29 silly addNameRange     '2.10.4',
29 silly addNameRange     '2.10.5',
29 silly addNameRange     '3.0.0-beta.1',
29 silly addNameRange     '2.10.6',
29 silly addNameRange     '2.10.7',
29 silly addNameRange     '3.0.0-beta.2',
29 silly addNameRange     '2.10.8',
29 silly addNameRange     '2.10.9',
29 silly addNameRange     '2.10.10',
29 silly addNameRange     '2.10.11',
29 silly addNameRange     '3.0.0-beta.3',
29 silly addNameRange     '3.0.0-beta.4',
29 silly addNameRange     '2.10.12',
29 silly addNameRange     '3.0.0-rc.5',
29 silly addNameRange     '2.10.13',
29 silly addNameRange     '2.10.14',
29 silly addNameRange     '3.0.0-rc.6',
29 silly addNameRange     '3.0.0-rc.7',
29 silly addNameRange     '3.0.0-rc.8',
29 silly addNameRange     '3.0.0-rc.9',
29 silly addNameRange     '2.10.15',
29 silly addNameRange     '3.0.0-rc.10',
29 silly addNameRange     '3.0.0-rc.11',
29 silly addNameRange     '3.0.0',
29 silly addNameRange     '0.0.0-astro-check-fix-20230830133734',
29 silly addNameRange     '3.0.1',
29 silly addNameRange     '3.0.2',
29 silly addNameRange     '3.0.3',
29 silly addNameRange     '0.0.0-vt-root-anim-20230830212133',
29 silly addNameRange     '0.0.0-vt-root-anim-20230830212910',
29 silly addNameRange     '3.0.4',
29 silly addNameRange     '0.0.0-vt-fallback-filter-20230831163443',
29 silly addNameRange     '0.0.0-vt-fallback-filter-20230831170045',
29 silly addNameRange     '3.0.5',
29 silly addNameRange     '0.0.0-vercel-symbolic-link-20230901110045',
29 silly addNameRange     '0.0.0-symbolic-link-20230901124103',
29 silly addNameRange     '3.0.6',
29 silly addNameRange     '0.0.0-sanitize-filenames-20230901201147',
29 silly addNameRange     '0.0.0-sanitize-filenames-20230901203435',
29 silly addNameRange     '3.0.7',
29 silly addNameRange     '0.0.0-fix-mime-20230904023307',
29 silly addNameRange     '3.0.8',
29 silly addNameRange     '0.0.0-vercel-upgrade-20230905134302',
29 silly addNameRange     '0.0.0-vercel-upgrade-20230905174009',
29 silly addNameRange     '0.0.0-vercel-upgrade-20230905174957',
29 silly addNameRange     '0.0.0-vercel-speed-insights-20230905180431',
29 silly addNameRange     '0.0.0-optional-sharp-20230906121801',
29 silly addNameRange     '3.0.9',
29 silly addNameRange     '3.0.10',
29 silly addNameRange     '0.0.0-propagation-metadata-20230907173002',
29 silly addNameRange     '0.0.0-propagation-metadata-20230907174633',
29 silly addNameRange     '0.0.0-perf-20230907211008',
29 silly addNameRange     '0.0.0-perf-20230907211643',
29 silly addNameRange     '3.0.11',
29 silly addNameRange     '3.0.12',
29 silly addNameRange     '0.0.0-vercel-speed-insights-20230912155045',
29 silly addNameRange     '3.0.13',
29 silly addNameRange     '3.1.0',
29 silly addNameRange     '3.1.1',
29 silly addNameRange     '3.1.2',
29 silly addNameRange     '0.0.0-picture-20230922101801',
29 silly addNameRange     '3.1.3',
29 silly addNameRange     '3.1.4',
29 silly addNameRange     '0.0.0-picture-20230928151018',
29 silly addNameRange     '3.2.0',
29 silly addNameRange     '3.2.1',
29 silly addNameRange     '3.2.2',
29 silly addNameRange     '3.2.3',
29 silly addNameRange     '0.0.0-fragments-20231006200228',
29 silly addNameRange     '0.0.0-picture-20231006201054',
29 silly addNameRange     '0.0.0-picture-20231006201608',
29 silly addNameRange     '0.0.0-picture-20231008095742',
29 silly addNameRange     '3.2.4',
29 silly addNameRange     '3.3.0',
29 silly addNameRange     '0.0.0-concurrent-assets-20231013074530',
29 silly addNameRange     '0.0.0-srcset-remote-20231013141048',
29 silly addNameRange     '0.0.0-concurrent-assets-20231015171336',
29 silly addNameRange     '0.0.0-concurrent-assets-20231015222920',
29 silly addNameRange     '3.3.1',
29 silly addNameRange     '0.0.0-fragments-20231017161931',
29 silly addNameRange     '3.3.2',
29 silly addNameRange     '0.0.0-content-cache-20231018213727',
29 silly addNameRange     '0.0.0-integration-middleware-20231019151221',
29 silly addNameRange     '0.0.0-content-cache-20231019190330',
29 silly addNameRange     '3.3.3',
29 silly addNameRange     '0.0.0-react-children-client-20231023164643',
29 silly addNameRange     '3.3.4',
29 silly addNameRange     '0.0.0-dev-overlay-20231024213927',
29 silly addNameRange     '3.4.0',
29 silly addNameRange     '0.0.0-extra-logging-20231030194239',
29 silly addNameRange     '3.4.1',
29 silly addNameRange     '0.0.0-content-cache-20231101141140',
29 silly addNameRange     '0.0.0-i18n-routing-20231101144500',
29 silly addNameRange     '3.4.2',
29 silly addNameRange     '3.4.3',
29 silly addNameRange     '3.4.4',
29 silly addNameRange     '0.0.0-content-cache-20231108193031',
29 silly addNameRange     '0.0.0-assets-uint8array-20231109073138',
29 silly addNameRange     '3.5.0',
29 silly addNameRange     '3.5.1',
29 silly addNameRange     '0.0.0-name-20231110143304',
29 silly addNameRange     '3.5.2',
29 silly addNameRange     '3.5.3',
29 silly addNameRange     '3.5.4',
29 silly addNameRange     '3.5.5',
29 silly addNameRange     '0.0.0-404-trailing-slash-20231117145629',
29 silly addNameRange     '0.0.0-self-closing-children-20231120164333',
29 silly addNameRange     '0.0.0-self-closing-children-20231120171409',
29 silly addNameRange     '0.0.0-self-closing-children-20231120173528',
29 silly addNameRange     '3.5.6',
29 silly addNameRange     '3.5.7',
29 silly addNameRange     '3.6.0',
29 silly addNameRange     '0.0.0-netlify-fix-20231122190344',
29 silly addNameRange     '3.6.1',
29 silly addNameRange     '4.0.0-beta.0',
29 silly addNameRange     '4.0.0-beta.1',
29 silly addNameRange     '3.6.2',
29 silly addNameRange     '3.6.3',
29 silly addNameRange     '0.0.0-xray-20231129020246',
29 silly addNameRange     '0.0.0-xray-20231129021231',
29 silly addNameRange     '4.0.0-beta.2',
29 silly addNameRange     '3.6.4',
29 silly addNameRange     '4.0.0-beta.3',
29 silly addNameRange     '4.0.0-beta.4',
29 silly addNameRange     '4.0.0-beta.5',
29 silly addNameRange     '4.0.0-beta.6',
29 silly addNameRange     '4.0.0-beta.7',
29 silly addNameRange     '4.0.0',
29 silly addNameRange     '4.0.1',
29 silly addNameRange     '4.0.2',
29 silly addNameRange     '4.0.3',
29 silly addNameRange     '0.0.0-add-stable-20231208215901',
29 silly addNameRange     '4.0.4',
29 silly addNameRange     '0.0.0-vt-partytown-20231212203707',
29 silly addNameRange     '0.0.0-handle-unhandled-20231213142946',
29 silly addNameRange     '0.0.0-handle-unhandled-20231213202808',
29 silly addNameRange     '4.0.5',
29 silly addNameRange     '4.0.6',
29 silly addNameRange     '4.0.7',
29 silly addNameRange     '0.0.0-dupicate-content-entry-improved-message-20231220220040',
29 silly addNameRange     '4.0.8',
29 silly addNameRange     '4.0.9',
29 silly addNameRange     '0.0.0-9591-20240103143428',
29 silly addNameRange     '0.0.0-ssg-no-streaming-20240104090316',
29 silly addNameRange     '0.0.0-ssg-no-streaming-20240104123901',
29 silly addNameRange     '4.1.0',
29 silly addNameRange     '0.0.0-9624-20240105191325',
29 silly addNameRange     '4.1.1',
29 silly addNameRange     '0.0.0-pin-sharp-20240109211958',
29 silly addNameRange     '0.0.0-pin-sharp-20240109223023',
29 silly addNameRange     '0.0.0-pin-sharp-20240109233547',
29 silly addNameRange     '0.0.0-isr-20240110194136',
29 silly addNameRange     '4.1.2',
29 silly addNameRange     '0.0.0-data-astro-transition-20240111220209',
29 silly addNameRange     '0.0.0-9685-20240112193246',
29 silly addNameRange     '4.1.3',
29 silly addNameRange     '4.2.0',
29 silly addNameRange     '4.2.1',
29 silly addNameRange     '4.2.2',
29 silly addNameRange     '4.2.3',
29 silly addNameRange     '4.2.4',
29 silly addNameRange     '0.0.0-isr-20240125224234',
29 silly addNameRange     '4.2.5',
29 silly addNameRange     '0.0.0-toolbar-absolute-paths-20240126155246',
29 silly addNameRange     '4.2.6',
29 silly addNameRange     '4.2.7',
29 silly addNameRange     '4.2.8',
29 silly addNameRange     '4.3.0',
29 silly addNameRange     '0.0.0-improve-sync-errors-20240201210128',
29 silly addNameRange     '4.3.1',
29 silly addNameRange     '4.3.2',
29 silly addNameRange     '0.0.0-cc-hmr-20240202221650',
29 silly addNameRange     '0.0.0-cc-hmr-20240205141934',
29 silly addNameRange     '0.0.0-edge-middleware-verification-20240205180401',
29 silly addNameRange     '4.3.3',
29 silly addNameRange     '0.0.0-cssesc-20240207003930',
29 silly addNameRange     '0.0.0-cssesc-20240207015359',
29 silly addNameRange     '0.0.0-edge-middleware-verification-20240207135919',
29 silly addNameRange     '4.3.4',
29 silly addNameRange     '0.0.0-get-remote-dimensions-20240207162418',
29 silly addNameRange     '0.0.0-astro-content-fix-20240207175526',
29 silly addNameRange     '4.3.5',
29 silly addNameRange     '0.0.0-debug-missing-endpoint-20240209155111',
29 silly addNameRange     '0.0.0-island-loading-error-messages-20240209173859',
29 silly addNameRange     '0.0.0-debug-missing-endpoint-20240209211325',
29 silly addNameRange     '0.0.0-get-remote-dimensions-20240211001920',
29 silly addNameRange     '4.3.6',
29 silly addNameRange     '0.0.0-render-nodejs-20240213145612',
29 silly addNameRange     '4.3.7',
29 silly addNameRange     '0.0.0-node-crypto-error-20240214144952',
29 silly addNameRange     '4.4.0',
29 silly addNameRange     '4.4.1',
29 silly addNameRange     '0.0.0-vite-runtime-api-20240221174846',
29 silly addNameRange     '4.4.2',
29 silly addNameRange     '0.0.0-allow-cc-20240222155628',
29 silly addNameRange     '4.4.3',
29 silly addNameRange     '0.0.0-edge-nested-20240223135627',
29 silly addNameRange     '4.4.4',
29 silly addNameRange     '0.0.0-audits-ui-20240223144827',
29 silly addNameRange     '0.0.0-no-error-in-stream-20240223180417',
29 silly addNameRange     '0.0.0-no-error-in-stream-20240223204441',
29 silly addNameRange     '0.0.0-no-error-in-stream-20240223213844',
29 silly addNameRange     '0.0.0-vite-runtime-api-20240224085712',
29 silly addNameRange     '4.4.5',
29 silly addNameRange     '0.0.0-svelte-editor-fix-20240227110032',
29 silly addNameRange     '0.0.0-svelte-editor-fix-20240227111439',
29 silly addNameRange     '0.0.0-direct-render-script-20240227141119',
29 silly addNameRange     '4.4.6',
29 silly addNameRange     '4.4.7',
29 silly addNameRange     '3.6.5',
29 silly addNameRange     '4.4.8',
29 silly addNameRange     '4.4.9',
29 silly addNameRange     '4.4.10',
29 silly addNameRange     '0.0.0-treeshake-scoped-css-20240304133731',
29 silly addNameRange     '4.4.11',
29 silly addNameRange     '4.4.12',
29 silly addNameRange     '4.4.13',
29 silly addNameRange     '0.0.0-db-export-bug-20240307130354',
29 silly addNameRange     '0.0.0-db-integrations-support-20240307152807',
29 silly addNameRange     '4.4.14',
29 silly addNameRange     '0.0.0-db-integrations-support-20240307154857',
29 silly addNameRange     '0.0.0-db-batch-20240307184301',
29 silly addNameRange     '4.4.15',
29 silly addNameRange     '0.0.0-non-admin-test-20240308195029',
29 silly addNameRange     '4.5.0',
29 silly addNameRange     '4.5.1',
29 silly addNameRange     '4.5.2',
29 silly addNameRange     '4.5.3',
29 silly addNameRange     '0.0.0-token-renewal-20240314134444',
29 silly addNameRange     '0.0.0-token-renewal-20240314143823',
29 silly addNameRange     '4.5.4',
29 silly addNameRange     '0.0.0-token-renewal-20240315122343',
29 silly addNameRange     '4.5.5',
29 silly addNameRange     '4.5.6',
29 silly addNameRange     '4.5.7',
29 silly addNameRange     '4.5.8',
29 silly addNameRange     '4.5.9',
29 silly addNameRange     '0.0.0-inline-ccc-20240324145742',
29 silly addNameRange     '4.5.10',
29 silly addNameRange     '4.5.11',
29 silly addNameRange     '4.5.12',
29 silly addNameRange     '0.0.0-head-body-content-20240329190922',
29 silly addNameRange     '4.5.13',
29 silly addNameRange     '4.5.14',
29 silly addNameRange     '4.5.15',
29 silly addNameRange     '4.5.16',
29 silly addNameRange     '0.0.0-toolbar-improvements-20240405132324',
29 silly addNameRange     '0.0.0-toolbar-improvements-20240405144822',
29 silly addNameRange     '4.5.17',
29 silly addNameRange     '4.5.18',
29 silly addNameRange     '0.0.0-10745-20240410180016',
29 silly addNameRange     '4.6.0',
29 silly addNameRange     '0.0.0-js-strictest-20240411160410',
29 silly addNameRange     '0.0.0-cc-invalid-20240411201909',
29 silly addNameRange     '0.0.0-skew-protection-20240412093445',
29 silly addNameRange     '0.0.0-cc-invalid-20240412122639',
29 silly addNameRange     '0.0.0-cc-invalid-20240412132855',
29 silly addNameRange     '0.0.0-cc-invalid-20240412135055',
29 silly addNameRange     '4.6.1',
29 silly addNameRange     '0.0.0-cc-invalid-20240412193835',
29 silly addNameRange     '0.0.0-cc-invalid-20240412201943',
29 silly addNameRange     '0.0.0-toolbar-improvements-20240416111002',
29 silly addNameRange     '4.6.2',
29 silly addNameRange     '0.0.0-cc-invalid-20240416172341',
29 silly addNameRange     '0.0.0-cc-invalid-20240416201000',
29 silly addNameRange     '0.0.0-cc-invalid-20240416204410',
29 silly addNameRange     '0.0.0-cc-invalid-20240416211001',
29 silly addNameRange     '0.0.0-cc-invalid-20240417185955',
29 silly addNameRange     '0.0.0-cc-invalid-20240417202858',
29 silly addNameRange     '4.6.3',
29 silly addNameRange     '0.0.0-toolbar-improvements-20240420123233',
29 silly addNameRange     '0.0.0-assets-vitest-20240422135148',
29 silly addNameRange     '0.0.0-assets-vitest-20240422184742',
29 silly addNameRange     '4.6.4',
29 silly addNameRange     '4.7.0',
29 silly addNameRange     '0.0.0-actions-20240425172525',
29 silly addNameRange     '0.0.0-actions-20240425190628',
29 silly addNameRange     '0.0.0-cc-preserve-cache-20240426161020',
29 silly addNameRange     '0.0.0-route-key-20240429105553',
29 silly addNameRange     '0.0.0-route-key-20240430102522',
29 silly addNameRange     '4.7.1',
29 silly addNameRange     '0.0.0-mdx-v3-20240502124041',
29 silly addNameRange     '0.0.0-cc-preserve-cache-20240502141405',
29 silly addNameRange     '0.0.0-actions-20240503212851',
29 silly addNameRange     '0.0.0-vitals-fix-20240503214211',
29 silly addNameRange     '0.0.0-actions-20240503214535',
29 silly addNameRange     '0.0.0-actions-20240507170618',
29 silly addNameRange     '0.0.0-astro-env-20240508155554',
29 silly addNameRange     '4.8.0',
29 silly addNameRange     '4.8.1',
29 silly addNameRange     '4.8.2',
29 silly addNameRange     '0.0.0-container-20240510081019',
29 silly addNameRange     '0.0.0-container-20240510130526',
29 silly addNameRange     '0.0.0-container-20240510131504',
29 silly addNameRange     '4.8.3',
29 silly addNameRange     '0.0.0-container-20240513135547',
29 silly addNameRange     '0.0.0-astro-env-20240514162742',
29 silly addNameRange     '0.0.0-astro-env-20240514163657',
29 silly addNameRange     '0.0.0-container-20240515090348',
29 silly addNameRange     '4.8.4',
29 silly addNameRange     '0.0.0-astro-env-20240515145303',
29 silly addNameRange     '0.0.0-astro-env-20240515154445',
29 silly addNameRange     '0.0.0-node-streaming-20240515211034',
29 silly addNameRange     '0.0.0-astro-env-20240516112520',
29 silly addNameRange     '4.8.5',
29 silly addNameRange     '4.8.6',
29 silly addNameRange     '4.8.7',
29 silly addNameRange     '0.0.0-astro-env-20240522153443',
29 silly addNameRange     '4.9.0',
29 silly addNameRange     '4.9.1',
29 silly addNameRange     '0.0.0-container-20240524151016',
29 silly addNameRange     '0.0.0-container-20240524153820',
29 silly addNameRange     '0.0.0-container-20240524165819',
29 silly addNameRange     '0.0.0-container-20240524171635',
29 silly addNameRange     '0.0.0-container-20240524172326',
29 silly addNameRange     '4.9.2',
29 silly addNameRange     '0.0.0-cf-build-option-20240527121008',
29 silly addNameRange     '0.0.0-cf-build-option-20240527121327',
29 silly addNameRange     '0.0.0-cf-build-option-20240527121637',
29 silly addNameRange     '0.0.0-ccc-scripts-20240531125856',
29 silly addNameRange     '4.9.3',
29 silly addNameRange     '4.10.0',
29 silly addNameRange     '4.10.1',
29 silly addNameRange     '0.0.0-vitest-config-20240611074527',
29 silly addNameRange     '4.10.2',
29 silly addNameRange     '0.0.0-refactor-prerender-20240612145528',
29 silly addNameRange     '0.0.0-experimental-container-20240613104104',
29 silly addNameRange     '0.0.0-refactor-prerender-20240614140807',
29 silly addNameRange     '4.10.3',
29 silly addNameRange     '4.11.0',
29 silly addNameRange     '0.0.0-server-islands-20240621194657',
29 silly addNameRange     '4.11.1',
29 silly addNameRange     '4.11.2',
29 silly addNameRange     '0.0.0-content-layer-20240626124519',
29 silly addNameRange     '4.11.3',
29 silly addNameRange     '0.0.0-content-layer-20240626134837',
29 silly addNameRange     '0.0.0-content-layer-20240626163213',
29 silly addNameRange     '0.0.0-content-layer-20240628202150',
29 silly addNameRange     '0.0.0-server-islands-20240703133809',
29 silly addNameRange     '4.11.4',
29 silly addNameRange     '4.11.5',
29 silly addNameRange     '0.0.0-server-islands-20240709194928',
29 silly addNameRange     '0.0.0-contentlayer-20240715192053',
29 silly addNameRange     '0.0.0-content-layer-images-20240717095022',
29 silly addNameRange     '4.11.6',
29 silly addNameRange     '0.0.0-noSync-20240718092432',
29 silly addNameRange     '0.0.0-server-islands-20240718103853',
29 silly addNameRange     '0.0.0-server-islands-20240718105514',
29 silly addNameRange     '0.0.0-server-islands-20240718131003',
29 silly addNameRange     '4.12.0',
29 silly addNameRange     '4.12.1',
29 silly addNameRange     '4.12.2',
29 silly addNameRange     '0.0.0-contentlayer-20240720080804',
29 silly addNameRange     '0.0.0-contentlayer-20240722101834',
29 silly addNameRange     '0.0.0-contentlayer-20240722111913',
29 silly addNameRange     '0.0.0-contentlayer-20240722121010',
29 silly addNameRange     '0.0.0-contentlayer-20240722131255',
29 silly addNameRange     '0.0.0-contentlayer-20240723102738',
29 silly addNameRange     '0.0.0-dynamic-middleware-20240725083732',
29 silly addNameRange     '0.0.0-contentlayer-20240730090456',
29 silly addNameRange     '4.12.3',
29 silly addNameRange     '4.13.0',
29 silly addNameRange     '4.13.1',
29 silly addNameRange     '4.13.2',
29 silly addNameRange     '0.0.0-contentlayer-20240808151214',
29 silly addNameRange     '0.0.0-content-collections-intellisense-20240808164539',
29 silly addNameRange     '0.0.0-content-collections-intellisense-20240808220438',
29 silly addNameRange     '0.0.0-content-collections-intellisense-20240808223933',
29 silly addNameRange     '4.13.3',
29 silly addNameRange     '4.13.4',
29 silly addNameRange     '0.0.0-server-island-regression-20240814104839',
29 silly addNameRange     '0.0.0-si-crypto-reg-20240814162819',
29 silly addNameRange     '4.14.0',
29 silly addNameRange     '0.0.0-immutable-datastore-20240815133714',
29 silly addNameRange     '0.0.0-content-types-dev-20240815134329',
29 silly addNameRange     '0.0.0-content-types-dev-20240815140037',
29 silly addNameRange     '4.14.1',
29 silly addNameRange     '4.14.2',
29 silly addNameRange     '0.0.0-si-get-20240815175345',
29 silly addNameRange     '5.0.0-alpha.0',
29 silly addNameRange     '4.14.3',
29 silly addNameRange     '4.14.4',
29 silly addNameRange     '0.0.0-mdx-layout-style-20240822115312',
29 silly addNameRange     '4.14.5',
29 silly addNameRange     '5.0.0-alpha.1',
29 silly addNameRange     '0.0.0-actions-bun-workaround-20240827210959',
29 silly addNameRange     '4.14.6',
29 silly addNameRange     '4.15.0',
29 silly addNameRange     '4.15.1',
29 silly addNameRange     '0.0.0-dynamic-middleware-20240829171109',
29 silly addNameRange     '0.0.0-crypto-env-20240829194602',
29 silly addNameRange     '5.0.0-alpha.2',
29 silly addNameRange     '4.15.2',
29 silly addNameRange     '5.0.0-alpha.3',
29 silly addNameRange     '5.0.0-alpha.4',
29 silly addNameRange     '4.15.3',
29 silly addNameRange     '4.15.4',
29 silly addNameRange     '5.0.0-alpha.5',
29 silly addNameRange     '5.0.0-alpha.6',
29 silly addNameRange     '4.15.5',
29 silly addNameRange     '5.0.0-alpha.7',
29 silly addNameRange     '4.15.6',
29 silly addNameRange     '5.0.0-alpha.8',
29 silly addNameRange     '5.0.0-beta.1',
29 silly addNameRange     '0.0.0-tw5-20240917210903',
29 silly addNameRange     '4.15.7',
29 silly addNameRange     '4.15.8',
29 silly addNameRange     '4.15.9',
29 silly addNameRange     '5.0.0-beta.2',
29 silly addNameRange     '4.15.10',
29 silly addNameRange     '5.0.0-beta.3',
29 silly addNameRange     '0.0.0-edge-middleware-regression-20241003093448',
29 silly addNameRange     '4.15.11',
29 silly addNameRange     '4.15.12',
29 silly addNameRange     '5.0.0-beta.4',
29 silly addNameRange     '0.0.0-test-apis-20241008195645',
29 silly addNameRange     '4.16.0',
29 silly addNameRange     '0.0.0-astro-url-fix-20241011143901',
29 silly addNameRange     '4.16.1',
29 silly addNameRange     '4.16.2',
29 silly addNameRange     '4.16.3',
29 silly addNameRange     '0.0.0-env-override-20241014132224',
29 silly addNameRange     '4.16.4',
29 silly addNameRange     '0.0.0-env-override-20241015135436',
29 silly addNameRange     '4.16.5',
29 silly addNameRange     '5.0.0-beta.5',
29 silly addNameRange     '0.0.0-env-override-20241016131627',
29 silly addNameRange     '4.16.6',
29 silly addNameRange     '4.16.7',
29 silly addNameRange     '4.16.8',
29 silly addNameRange     '5.0.0-beta.6',
29 silly addNameRange     '0.0.0-env-middleware-20241031154019',
29 silly addNameRange     '0.0.0-env-middleware-20241031155338',
29 silly addNameRange     '4.16.9',
29 silly addNameRange     '0.0.0-env-middleware-20241105160737',
29 silly addNameRange     '4.16.10',
29 silly addNameRange     '5.0.0-beta.7',
29 silly addNameRange     '4.16.11',
29 silly addNameRange     '4.16.12',
29 silly addNameRange     '5.0.0-beta.8',
29 silly addNameRange     '0.0.0-env-race-condition-20241114151936',
29 silly addNameRange     '4.16.13',
29 silly addNameRange     '0.0.0-si-header-20241120183031',
29 silly addNameRange     '0.0.0-si-header-20241120190819',
29 silly addNameRange     '5.0.0-beta.9',
29 silly addNameRange     '4.16.14',
29 silly addNameRange     '5.0.0-beta.10',
29 silly addNameRange     '0.0.0-sessions-20241122114539',
29 silly addNameRange     '0.0.0-sessions-20241122143330',
29 silly addNameRange     '0.0.0-sessions-20241125113325',
29 silly addNameRange     '0.0.0-sessions-20241125115314',
29 silly addNameRange     '4.16.15',
29 silly addNameRange     '5.0.0-beta.11',
29 silly addNameRange     '0.0.0-sessions-20241127112400',
29 silly addNameRange     '4.16.16',
29 silly addNameRange     '5.0.0-beta.12',
29 silly addNameRange     '0.0.0-sessions-20241128091859',
29 silly addNameRange     '0.0.0-sessions-20241128134018',
29 silly addNameRange     '0.0.0-sessions-20241128161723',
29 silly addNameRange     '0.0.0-sessions-20241128172109',
29 silly addNameRange     '5.0.0',
29 silly addNameRange     '5.0.1',
29 silly addNameRange     '5.0.2',
29 silly addNameRange     '0.0.0-astroenv-dev-20241204153952',
29 silly addNameRange     '5.0.3',
29 silly addNameRange     '4.16.17',
29 silly addNameRange     '0.0.0-sessions-20241205160628',
29 silly addNameRange     '0.0.0-sessions-20241205161456',
29 silly addNameRange     '0.0.0-sessions-20241205163205',
29 silly addNameRange     '0.0.0-sessions-20241205172911',
29 silly addNameRange     '0.0.0-sessions-20241205174618',
29 silly addNameRange     '0.0.0-process-env-override-20241206130809',
29 silly addNameRange     '0.0.0-astroenv-dev-20241206160513',
29 silly addNameRange     '0.0.0-svg-leak-20241209134543',
29 silly addNameRange     '0.0.0-routemanifest-refactor-20241209145150',
29 silly addNameRange     '5.0.4',
29 silly addNameRange     '0.0.0-middleware-fix-20241210163342',
29 silly addNameRange     '0.0.0-sessions-20241210200401',
29 silly addNameRange     '5.0.5',
29 silly addNameRange     '0.0.0-atomic-writes-20241211112453',
29 silly addNameRange     '0.0.0-atomic-writes-20241211120224',
29 silly addNameRange     '0.0.0-atomic-writes-20241212091949',
29 silly addNameRange     '5.0.6',
29 silly addNameRange     '0.0.0-sessions-20241216171652',
29 silly addNameRange     '5.0.7',
29 silly addNameRange     '0.0.0-clean-sm-20241216182429',
29 silly addNameRange     '5.0.8',
29 silly addNameRange     '5.0.9',
29 silly addNameRange     '4.16.18',
29 silly addNameRange     '5.1.0',
29 silly addNameRange     '5.1.1',
29 silly addNameRange     '0.0.0-dev-after-sync-20241223133229',
29 silly addNameRange     '0.0.0-dev-after-sync-20241223135326',
29 silly addNameRange     '5.1.2',
29 silly addNameRange     '0.0.0-dev-after-sync-20250102175105',
29 silly addNameRange     '0.0.0-render-type-20250103094003',
29 silly addNameRange     '5.1.3',
29 silly addNameRange     '5.1.4',
29 silly addNameRange     '0.0.0-data-store-location-20250109131010',
29 silly addNameRange     '5.1.5',
29 silly addNameRange     '5.1.6',
29 silly addNameRange     '5.1.7',
29 silly addNameRange     '5.1.8',
29 silly addNameRange     '0.0.0-trailing-slash-redirect-20250121123511',
29 silly addNameRange     '0.0.0-alpine-scripts-20250121133658',
29 silly addNameRange     '5.1.9',
29 silly addNameRange     '5.1.10',
29 silly addNameRange     '0.0.0-trailing-slash-redirect-20250128153540',
29 silly addNameRange     '0.0.0-router-noexec-20250129135648',
29 silly addNameRange     '5.2.0',
29 silly addNameRange     '5.2.1',
29 silly addNameRange     '5.2.2',
29 silly addNameRange     '5.2.3',
29 silly addNameRange     '5.2.4',
29 silly addNameRange     '5.2.5',
29 silly addNameRange     '0.0.0-adapter-sessions-20250206154954',
29 silly addNameRange     '0.0.0-adapter-sessions-20250206155450',
29 silly addNameRange     '0.0.0-adapter-sessions-20250207124230',
29 silly addNameRange     '0.0.0-adapter-sessions-20250207124921',
29 silly addNameRange     '5.2.6',
29 silly addNameRange     '5.3.0',
29 silly addNameRange     '5.3.1',
29 silly addNameRange     '5.4.0',
29 silly addNameRange     '5.4.1',
29 silly addNameRange     '5.4.2',
29 silly addNameRange     '5.4.3',
29 silly addNameRange     '5.5.0',
29 silly addNameRange     '5.5.1',
29 silly addNameRange     '5.5.2',
29 silly addNameRange     '5.5.3',
29 silly addNameRange     '5.5.4',
29 silly addNameRange     '5.5.5',
29 silly addNameRange     '5.5.6',
29 silly addNameRange     '5.6.0',
29 silly addNameRange     '5.6.1',
29 silly addNameRange     '5.6.2',
29 silly addNameRange     '5.7.0',
29 silly addNameRange     '5.7.1',
29 silly addNameRange     '5.7.2',
29 silly addNameRange     '5.7.3',
29 silly addNameRange     '5.7.4',
29 silly addNameRange     '5.7.5',
29 silly addNameRange     '5.7.6',
29 silly addNameRange     '5.7.7',
29 silly addNameRange     '5.7.8',
29 silly addNameRange     '5.7.9',
29 silly addNameRange     '5.7.10',
29 silly addNameRange     '5.7.11',
29 silly addNameRange     '5.7.12',
29 silly addNameRange     '5.7.13',
29 silly addNameRange     '5.7.14',
29 silly addNameRange     '5.8.0',
29 silly addNameRange     '5.8.1',
29 silly addNameRange     '5.8.2',
29 silly addNameRange     '5.9.0',
29 silly addNameRange     '5.9.1',
29 silly addNameRange     '5.9.2',
29 silly addNameRange     '5.9.3',
29 silly addNameRange     '5.9.4',
29 silly addNameRange     '5.10.0',
29 silly addNameRange     '5.10.1',
29 silly addNameRange     '5.10.2',
29 silly addNameRange     '5.11.0',
29 silly addNameRange     '5.11.1',
29 silly addNameRange     '5.11.2',
29 silly addNameRange     '5.12.0',
29 silly addNameRange     '5.12.1',
29 silly addNameRange     '5.12.2',
29 silly addNameRange     '5.12.3',
29 silly addNameRange     '5.12.4',
29 silly addNameRange     '5.12.5',
29 silly addNameRange     '5.12.6',
29 silly addNameRange     '5.12.7',
29 silly addNameRange     '5.12.8',
29 silly addNameRange     '5.12.9',
29 silly addNameRange     '5.13.0',
29 silly addNameRange     '5.13.1',
29 silly addNameRange     '5.13.2',
29 silly addNameRange     '4.16.19',
29 silly addNameRange     '5.13.3',
29 silly addNameRange     '5.13.4',
29 silly addNameRange     '5.13.5',
29 silly addNameRange     '5.13.6',
29 silly addNameRange     '5.13.7',
29 silly addNameRange     '5.13.8',
29 silly addNameRange     '5.13.9',
29 silly addNameRange     '5.13.10',
29 silly addNameRange     '5.13.11',
29 silly addNameRange     '5.14.0',
29 silly addNameRange     '5.14.1',
29 silly addNameRange     '5.14.3',
29 silly addNameRange     '5.14.4',
29 silly addNameRange     '5.14.5',
29 silly addNameRange     '5.14.6',
29 silly addNameRange     '5.14.7',
29 silly addNameRange     '5.14.8',
29 silly addNameRange     '5.15.0',
29 silly addNameRange     '5.15.1',
29 silly addNameRange     '5.15.2',
29 silly addNameRange     '5.15.3',
29 silly addNameRange     '5.15.4',
29 silly addNameRange     '6.0.0-alpha.0',
29 silly addNameRange     '5.15.5',
29 silly addNameRange     '5.15.6',
29 silly addNameRange     '5.15.7',
29 silly addNameRange     '5.15.8',
29 silly addNameRange     '5.15.9',
29 silly addNameRange     '5.16.0',
29 silly addNameRange     '5.16.1',
29 silly addNameRange     '5.16.2',
29 silly addNameRange     '5.16.3',
29 silly addNameRange     '5.16.4',
29 silly addNameRange     '5.16.5',
29 silly addNameRange     '6.0.0-alpha.1',
29 silly addNameRange     '5.16.6',
29 silly addNameRange     '6.0.0-alpha.2',
29 silly addNameRange     '6.0.0-alpha.3',
29 silly addNameRange     '6.0.0-alpha.4',
29 silly addNameRange     '6.0.0-alpha.5',
29 silly addNameRange     '5.16.7',
29 silly addNameRange     '5.16.8',
29 silly addNameRange     '5.16.9',
29 silly addNameRange     '6.0.0-beta.0',
29 silly addNameRange     '6.0.0-beta.1',
29 silly addNameRange     '5.16.10',
29 silly addNameRange     '5.16.11',
29 silly addNameRange     '5.16.12',
29 silly addNameRange     '5.16.13',
29 silly addNameRange     '6.0.0-beta.2',
29 silly addNameRange     '5.16.14',
29 silly addNameRange     '5.16.15',
29 silly addNameRange     '6.0.0-beta.3',
29 silly addNameRange     '6.0.0-beta.4',
29 silly addNameRange     '5.16.16',
29 silly addNameRange     '6.0.0-beta.5',
29 silly addNameRange     '5.17.0',
29 silly addNameRange     '5.17.1',
29 silly addNameRange     '6.0.0-beta.6',
29 silly addNameRange     '6.0.0-beta.7',
29 silly addNameRange     '6.0.0-beta.8',
29 silly addNameRange     '6.0.0-beta.9',
29 silly addNameRange     '6.0.0-beta.10',
29 silly addNameRange     '5.17.2',
29 silly addNameRange     '6.0.0-beta.11',
29 silly addNameRange     '6.0.0-beta.12',
29 silly addNameRange     '6.0.0-beta.13',
29 silly addNameRange     '5.17.3',
29 silly addNameRange     '6.0.0-beta.14',
29 silly addNameRange     '6.0.0-beta.15',
29 silly addNameRange     '5.18.0',
29 silly addNameRange     '6.0.0-beta.16',
29 silly addNameRange     '6.0.0-beta.17',
29 silly addNameRange     '6.0.0-beta.18',
29 silly addNameRange     '6.0.0-beta.19',
29 silly addNameRange     '6.0.0-beta.20',
29 silly addNameRange     '6.0.0',
29 silly addNameRange     '5.18.1',
29 silly addNameRange     '6.0.1',
29 silly addNameRange     '6.0.2',
29 silly addNameRange     '6.0.3',
29 silly addNameRange     '6.0.4',
29 silly addNameRange     '6.0.5',
29 silly addNameRange     '6.0.6',
29 silly addNameRange     '6.0.7',
29 silly addNameRange     '6.0.8',
29 silly addNameRange     '6.1.0',
29 silly addNameRange     '6.1.1',
29 silly addNameRange     '6.1.2',
29 silly addNameRange     '6.1.3',
29 silly addNameRange     '6.1.4',
29 silly addNameRange     '6.1.5',
29 silly addNameRange     '6.1.6',
29 silly addNameRange     '6.1.7',
29 silly addNameRange     '6.1.8',
29 silly addNameRange     '6.1.9',
29 silly addNameRange     '6.1.10',
29 silly addNameRange     '6.2.0',
29 silly addNameRange     '7.0.0-alpha.0',
29 silly addNameRange     '6.2.1',
29 silly addNameRange     '6.2.2',
29 silly addNameRange     '6.3.0',
29 silly addNameRange     '6.3.1',
29 silly addNameRange     '7.0.0-alpha.1',
29 silly addNameRange     '6.3.2',
29 silly addNameRange     '6.3.3',
29 silly addNameRange     '6.3.4',
29 silly addNameRange     '6.3.5',
29 silly addNameRange     '6.3.6',
29 silly addNameRange     '6.3.7',
29 silly addNameRange     '5.18.2',
29 silly addNameRange     '6.3.8',
29 silly addNameRange     '6.4.0',
29 silly addNameRange     '6.4.1',
29 silly addNameRange     '6.4.2',
29 silly addNameRange     '6.4.3',
29 silly addNameRange     '6.4.4',
29 silly addNameRange     '7.0.0-alpha.2',
29 silly addNameRange     '6.4.5',
29 silly addNameRange     '7.0.0-beta.3',
29 silly addNameRange     '6.4.6',
29 silly addNameRange     '6.4.7',
29 silly addNameRange     '7.0.0-beta.4',
29 silly addNameRange     '6.4.8',
29 silly addNameRange     '7.0.0-beta.5',
29 silly addNameRange     '7.0.0-beta.6',
29 silly addNameRange     '7.0.0',
29 silly addNameRange     '7.0.1',
29 silly addNameRange     '7.0.2',
29 silly addNameRange     '7.0.3',
29 silly addNameRange     '7.0.4',
29 silly addNameRange     '7.0.5',
29 silly addNameRange     '7.0.6',
29 silly addNameRange     '7.0.7',
29 silly addNameRange     '7.0.8',
29 silly addNameRange     '7.0.9',
29 silly addNameRange     '7.1.0',
29 silly addNameRange     '7.1.1',
29 silly addNameRange     '7.1.2',
29 silly addNameRange     '7.1.3',
29 silly addNameRange     '7.1.4',
29 silly addNameRange     '7.1.5',
29 silly addNameRange     '7.1.6',
29 silly addNameRange     '7.2.0',
29 silly addNameRange     '0.0.0-incremental-graph-hashing-20260807161014',
29 silly addNameRange     '7.2.1',
29 silly addNameRange     '7.2.2',
29 silly addNameRange     '7.2.3',
29 silly addNameRange     '7.2.4',
29 silly addNameRange     '7.2.5',
29 silly addNameRange     '7.2.6',
29 silly addNameRange     '7.2.7',
29 silly addNameRange     '7.2.8',
29 silly addNameRange     '7.2.9',
29 silly addNameRange     '7.2.10',
29 silly addNameRange     '7.3.0',
29 silly addNameRange     '7.3.1',
29 silly addNameRange     '7.3.2' ] ]
30 verbose addNamed [ 'astro', '5.18.2' ]
31 verbose addNamed [ '5.18.2', '5.18.2' ]
32 silly lockFile 954f7ac3-astro-5-18-2 astro@5.18.2
33 verbose lock astro@5.18.2 C:\Users\jerry\AppData\Roaming\npm-cache\954f7ac3-astro-5-18-2.lock
34 silly lockFile ed3f2239-npmjs-org-astro-astro-5-18-2-tgz https://registry.npmjs.org/astro/-/astro-5.18.2.tgz
35 verbose lock https://registry.npmjs.org/astro/-/astro-5.18.2.tgz C:\Users\jerry\AppData\Roaming\npm-cache\ed3f2239-npmjs-org-astro-astro-5-18-2-tgz.lock
36 verbose addRemoteTarball [ 'https://registry.npmjs.org/astro/-/astro-5.18.2.tgz',
36 verbose addRemoteTarball   '8c0ae11d1325fa8052bd25c431866bf921e4c9ad' ]
37 info retry fetch attempt 1 at 16:50:18
38 verbose fetch to= C:\Users\jerry\AppData\Local\Temp\npm-2864-W0YXzXam\registry.npmjs.org\astro\-\astro-5.18.2.tgz
39 http GET https://registry.npmjs.org/astro/-/astro-5.18.2.tgz
40 http 200 https://registry.npmjs.org/astro/-/astro-5.18.2.tgz
41 silly lockFile ed3f2239-npmjs-org-astro-astro-5-18-2-tgz https://registry.npmjs.org/astro/-/astro-5.18.2.tgz
42 silly lockFile ed3f2239-npmjs-org-astro-astro-5-18-2-tgz https://registry.npmjs.org/astro/-/astro-5.18.2.tgz
43 silly lockFile 954f7ac3-astro-5-18-2 astro@5.18.2
44 silly lockFile 954f7ac3-astro-5-18-2 astro@5.18.2
45 silly lockFile 29370393-astro-5-0-0 astro@^5.0.0
46 silly lockFile 29370393-astro-5-0-0 astro@^5.0.0
47 silly resolved [ { name: 'astro',
47 silly resolved     version: '5.18.2',
47 silly resolved     author: { name: 'withastro' },
47 silly resolved     license: 'MIT',
47 silly resolved     _id: 'astro@5.18.2',
47 silly resolved     maintainers: [ [Object], [Object] ],
47 silly resolved     homepage: 'https://astro.build',
47 silly resolved     bugs: { url: 'https://github.com/withastro/astro/issues' },
47 silly resolved     bin: { astro: 'astro.js' },
47 silly resolved     dist:
47 silly resolved      { shasum: '8c0ae11d1325fa8052bd25c431866bf921e4c9ad',
47 silly resolved        tarball: 'https://registry.npmjs.org/astro/-/astro-5.18.2.tgz',
47 silly resolved        fileCount: 1065,
47 silly resolved        integrity: 'sha512-TnFwLnAXty5MXKPDGuKXqK4AMBXG+FH6RUdK7Oyc3gyfNoFIthT+4eRbzOK43bdRlLaZuxgciDSjgtggZ3OtGQ==',
47 silly resolved        signatures: [Object],
47 silly resolved        attestations: [Object],
47 silly resolved        unpackedSize: 2466517 },
47 silly resolved     type: 'module',
47 silly resolved     _from: 'astro@^5.0.0',
47 silly resolved     types: './dist/index.d.ts',
47 silly resolved     engines:
47 silly resolved      { npm: '>=9.6.5',
47 silly resolved        node: '18.20.8 || ^20.3.0 || >=22.0.0',
47 silly resolved        pnpm: '>=7.1.0' },
47 silly resolved     exports:
47 silly resolved      { '.': './dist/index.js',
47 silly resolved        './app': './dist/core/app/index.js',
47 silly resolved        './env': './env.d.ts',
47 silly resolved        './zod': './dist/zod.js',
47 silly resolved        './debug': './components/Debug.astro',
47 silly resolved        './types': './types.d.ts',
47 silly resolved        './assets': './dist/assets/index.js',
47 silly resolved        './client': './client.d.ts',
47 silly resolved        './config': './dist/config/entrypoint.js',
47 silly resolved        './errors': './dist/core/errors/userError.js',
47 silly resolved        './loaders': './dist/content/loaders/index.js',
47 silly resolved        './toolbar': './dist/toolbar/index.js',
47 silly resolved        './app/node': './dist/core/app/node.js',
47 silly resolved        './client/*': './dist/runtime/client/*',
47 silly resolved        './astro-jsx': './astro-jsx.d.ts',
47 silly resolved        './container': './dist/container/index.js',
47 silly resolved        './env/setup': './dist/env/setup.js',
47 silly resolved        './runtime/*': './dist/runtime/*',
47 silly resolved        './components': './components/index.ts',
47 silly resolved        './middleware': './dist/core/middleware/index.js',
47 silly resolved        './env/runtime': './dist/env/runtime.js',
47 silly resolved        './jsx-runtime': [Object],
47 silly resolved        './tsconfigs/*': './tsconfigs/*.json',
47 silly resolved        './assets/utils': './dist/assets/utils/index.js',
47 silly resolved        './components/*': './components/*',
47 silly resolved        './package.json': './package.json',
47 silly resolved        './jsx/rehype.js': './dist/jsx/rehype.js',
47 silly resolved        './assets/runtime': './dist/assets/runtime.js',
47 silly resolved        './content/config': './dist/content/config.js',
47 silly resolved        './content/runtime': './dist/content/runtime.js',
47 silly resolved        './jsx-dev-runtime': [Object],
47 silly resolved        './compiler-runtime': './dist/runtime/compiler/index.js',
47 silly resolved        './tsconfigs/*.json': './tsconfigs/*',
47 silly resolved        './actions/runtime/*': './dist/actions/runtime/*',
47 silly resolved        './assets/endpoint/*': './dist/assets/endpoint/*.js',
47 silly resolved        './virtual-modules/*': './dist/virtual-modules/*',
47 silly resolved        './assets/services/noop': './dist/assets/services/noop.js',
47 silly resolved        './assets/services/sharp': './dist/assets/services/sharp.js',
47 silly resolved        './content/runtime-assets': './dist/content/runtime-assets.js',
47 silly resolved        './assets/fonts/runtime.js': './dist/assets/fonts/runtime.js',
47 silly resolved        './assets/utils/inferRemoteSize.js': './dist/assets/utils/remoteProbe.js' },
47 silly resolved     funding:
47 silly resolved      { url: 'https://opencollective.com/astrodotbuild',
47 silly resolved        type: 'opencollective' },
47 silly resolved     scripts:
47 silly resolved      { dev: 'astro-scripts dev --copy-wasm --prebuild "src/runtime/server/astro-island.ts" --prebuild "src/runtime/client/{idle,load,media,only,visible}.ts" "src/**/*.{ts,js}"',
47 silly resolved        test: 'pnpm run test:unit && pnpm run test:integration && pnpm run test:types',
47 silly resolved        build: 'pnpm run prebuild && astro-scripts build "src/**/*.{ts,js}" --copy-wasm && tsc && astro-check -- -- --root ./components',
47 silly resolved        'build:ci': 'pnpm run prebuild && astro-scripts build "src/**/*.{ts,js}" --copy-wasm',
47 silly resolved        prebuild: 'astro-scripts prebuild --to-string "src/runtime/server/astro-island.ts" "src/runtime/client/{idle,load,media,only,visible}.ts"',
47 silly resolved        'test:cli': 'astro-scripts test "test/**/cli.test.js"',
47 silly resolved        'test:e2e': 'pnpm test:e2e:chrome && pnpm test:e2e:firefox',
47 silly resolved        'test:unit': 'astro-scripts test "test/units/**/*.test.js" --teardown ./test/units/teardown.js',
47 silly resolved        'test:match': 'astro-scripts test "test/**/*.test.js" --match',
47 silly resolved        'test:types': 'tsc --project test/types/tsconfig.json',
47 silly resolved        'test:e2e:match': 'playwright test -g',
47 silly resolved        'test:e2e:chrome': 'playwright test',
47 silly resolved        'test:e2e:firefox': 'playwright test --config playwright.firefox.config.js',
47 silly resolved        'test:integration': 'astro-scripts test "test/*.test.js"' },
47 silly resolved     _npmUser:
47 silly resolved      { name: 'GitHub Actions',
47 silly resolved        email: 'npm-oidc-no-reply@github.com',
47 silly resolved        trustedPublisher: [Object] },
47 silly resolved     _resolved: 'https://registry.npmjs.org/astro/-/astro-5.18.2.tgz',
47 silly resolved     _integrity: 'sha512-TnFwLnAXty5MXKPDGuKXqK4AMBXG+FH6RUdK7Oyc3gyfNoFIthT+4eRbzOK43bdRlLaZuxgciDSjgtggZ3OtGQ==',
47 silly resolved     repository:
47 silly resolved      { url: 'git+https://github.com/withastro/astro.git',
47 silly resolved        type: 'git',
47 silly resolved        directory: 'packages/astro' },
47 silly resolved     _npmVersion: '11.12.1',
47 silly resolved     description: 'Astro is a modern site builder with web best practices, performance, and DX front-of-mind.',
47 silly resolved     directories: {},
47 silly resolved     _nodeVersion: '24.15.0',
47 silly resolved     dependencies:
47 silly resolved      { dlv: '^1.1.3',
47 silly resolved        zod: '^3.25.76',
47 silly resolved        clsx: '^2.1.1',
47 silly resolved        diff: '^8.0.3',
47 silly resolved        dset: '^3.1.4',
47 silly resolved        svgo: '^4.0.0',
47 silly resolved        vite: '^6.4.1',
47 silly resolved        acorn: '^8.15.0',
47 silly resolved        boxen: '8.0.1',
47 silly resolved        debug: '^4.4.3',
47 silly resolved        shiki: '^3.21.0',
47 silly resolved        vfile: '^6.0.3',
47 silly resolved        cookie: '^1.1.1',
47 silly resolved        cssesc: '^3.0.0',
47 silly resolved        mrmime: '^2.0.1',
47 silly resolved        rehype: '^13.0.2',
47 silly resolved        semver: '^7.7.3',
47 silly resolved        vitefu: '^1.1.1',
47 silly resolved        'ci-info': '^4.3.1',
47 silly resolved        devalue: '^5.6.2',
47 silly resolved        esbuild: '^0.27.3',
47 silly resolved        flattie: '^1.1.1',
47 silly resolved        fontace: '~0.4.0',
47 silly resolved        'js-yaml': '^4.1.1',
47 silly resolved        'p-limit': '^6.2.0',
47 silly resolved        'p-queue': '^8.1.1',
47 silly resolved        prompts: '^2.4.2',
47 silly resolved        unifont: '~0.7.3',
47 silly resolved        magicast: '^0.5.1',
47 silly resolved        tinyexec: '^1.0.2',
47 silly resolved        tsconfck: '^3.1.6',
47 silly resolved        piccolore: '^0.1.3',
47 silly resolved        picomatch: '^4.0.3',
47 silly resolved        'smol-toml': '^1.6.0',
47 silly resolved        ultrahtml: '^1.6.0',
47 silly resolved        unstorage: '^1.17.4',
47 silly resolved        'zod-to-ts': '^1.2.0',
47 silly resolved        'aria-query': '^5.3.2',
47 silly resolved        tinyglobby: '^0.2.15',
47 silly resolved        neotraverse: '^0.6.18',
47 silly resolved        'xxhash-wasm': '^1.1.0',
47 silly resolved        'html-escaper': '3.0.3',
47 silly resolved        'magic-string': '^0.30.21',
47 silly resolved        'yargs-parser': '^21.1.1',
47 silly resolved        'estree-walker': '^3.0.3',
47 silly resolved        'yocto-spinner': '^0.2.3',
47 silly resolved        'axobject-query': '^4.1.0',
47 silly resolved        'github-slugger': '^2.0.0',
47 silly resolved        'es-module-lexer': '^1.7.0',
47 silly resolved        '@oslojs/encoding': '^1.1.0',
47 silly resolved        'unist-util-visit': '^5.0.0',
47 silly resolved        '@astrojs/compiler': '^2.13.0',
47 silly resolved        '@astrojs/telemetry': '3.3.0',
47 silly resolved        '@capsizecss/unpack': '^4.0.0',
47 silly resolved        'zod-to-json-schema': '^3.25.1',
47 silly resolved        '@rollup/pluginutils': '^5.3.0',
47 silly resolved        'import-meta-resolve': '^4.2.0',
47 silly resolved        'common-ancestor-path': '^1.0.1',
47 silly resolved        'http-cache-semantics': '^4.2.0',
47 silly resolved        '@astrojs/markdown-remark': '6.3.11',
47 silly resolved        'package-manager-detector': '^1.6.0',
47 silly resolved        '@astrojs/internal-helpers': '0.7.6',
47 silly resolved        'deterministic-object-hash': '^2.0.2' },
47 silly resolved     publishConfig: { provenance: true },
47 silly resolved     typesVersions: { '*': [Object] },
47 silly resolved     _hasShrinkwrap: false,
47 silly resolved     devDependencies:
47 silly resolved      { eol: '^0.10.0',
47 silly resolved        sass: '^1.97.2',
47 silly resolved        rollup: '^4.55.1',
47 silly resolved        undici: '^6.23.0',
47 silly resolved        vitest: '^3.2.4',
47 silly resolved        cheerio: '1.1.2',
47 silly resolved        unified: '^11.0.5',
47 silly resolved        '@types/dlv': '^1.1.5',
47 silly resolved        'fs-fixture': '^2.11.0',
47 silly resolved        'rehype-toc': '^3.0.2',
47 silly resolved        typescript: '^5.9.3',
47 silly resolved        '@types/hast': '^3.0.4',
47 silly resolved        'expect-type': '^1.3.0',
47 silly resolved        'rehype-slug': '^6.0.0',
47 silly resolved        '@types/debug': '^4.1.12',
47 silly resolved        'parse-srcset': '^1.0.2',
47 silly resolved        '@types/cssesc': '^3.0.2',
47 silly resolved        '@types/semver': '^7.7.1',
47 silly resolved        'astro-scripts': '0.0.14',
47 silly resolved        '@astrojs/check': '0.9.6',
47 silly resolved        '@types/js-yaml': '^4.0.9',
47 silly resolved        '@types/prompts': '^2.4.9',
47 silly resolved        'mdast-util-mdx': '^3.0.0',
47 silly resolved        'node-mocks-http': '^1.17.2',
47 silly resolved        '@playwright/test': '1.57.0',
47 silly resolved        '@types/picomatch': '^3.0.2',
47 silly resolved        '@types/aria-query': '^5.0.4',
47 silly resolved        'mdast-util-mdx-jsx': '^3.2.0',
47 silly resolved        'remark-code-titles': '^0.1.2',
47 silly resolved        '@types/html-escaper': '3.0.4',
47 silly resolved        '@types/yargs-parser': '^21.0.3',
47 silly resolved        'rehype-autolink-headings': '^7.1.0',
47 silly resolved        '@types/common-ancestor-path': '^1.0.2',
47 silly resolved        '@types/http-cache-semantics': '^4.0.4' },
47 silly resolved     optionalDependencies: { sharp: '^0.34.0' },
47 silly resolved     _npmOperationalInternal:
47 silly resolved      { tmp: 'tmp/astro_5.18.2_1779802822600_0.5391729121808999',
47 silly resolved        host: 's3://npm-registry-packages-npm-production' },
47 silly resolved     _shasum: '8c0ae11d1325fa8052bd25c431866bf921e4c9ad' } ]
48 info install astro@5.18.2 into C:\Users\jerry\Documents\mingxu-liu-portfolio
49 info installOne astro@5.18.2
50 warn engine astro@5.18.2: wanted: {"npm":">=9.6.5","node":"18.20.8 || ^20.3.0 || >=22.0.0","pnpm":">=7.1.0"} (current: {"node":"v0.12.18","npm":"1.4.12"})
51 info C:\Users\jerry\Documents\mingxu-liu-portfolio\node_modules\astro unbuild
52 verbose tar unpack C:\Users\jerry\AppData\Roaming\npm-cache\astro\5.18.2\package.tgz
53 silly lockFile 32075c41-liu-portfolio-node-modules-astro tar://C:\Users\jerry\Documents\mingxu-liu-portfolio\node_modules\astro
54 verbose lock tar://C:\Users\jerry\Documents\mingxu-liu-portfolio\node_modules\astro C:\Users\jerry\AppData\Roaming\npm-cache\32075c41-liu-portfolio-node-modules-astro.lock
55 silly lockFile 07a56e67-m-cache-astro-5-18-2-package-tgz tar://C:\Users\jerry\AppData\Roaming\npm-cache\astro\5.18.2\package.tgz
56 verbose lock tar://C:\Users\jerry\AppData\Roaming\npm-cache\astro\5.18.2\package.tgz C:\Users\jerry\AppData\Roaming\npm-cache\07a56e67-m-cache-astro-5-18-2-package-tgz.lock
57 silly gunzTarPerm modes [ '755', '644' ]
58 silly gunzTarPerm extractEntry components/ClientRouter.astro
59 silly gunzTarPerm extractEntry components/Code.astro
60 silly gunzTarPerm extractEntry components/Debug.astro
61 silly gunzTarPerm extractEntry components/Font.astro
62 silly gunzTarPerm extractEntry components/Image.astro
63 silly gunzTarPerm extractEntry components/Picture.astro
64 silly gunzTarPerm extractEntry components/ResponsiveImage.astro
65 silly gunzTarPerm extractEntry components/ResponsivePicture.astro
66 silly gunzTarPerm extractEntry components/image.css
67 silly gunzTarPerm extractEntry components/viewtransitions.css
68 silly gunzTarPerm extractEntry dist/core/routing/3xx.js
69 silly gunzTarPerm extractEntry dist/template/4xx.js
70 silly gunzTarPerm extractEntry dist/runtime/client/dev-toolbar/apps/audit/rules/a11y.js
71 silly gunzTarPerm extractEntry dist/core/dev/adapter-validation.js
72 silly gunzTarPerm extractEntry dist/core/build/add-rollup-input.js
73 silly gunzTarPerm extractEntry dist/runtime/client/dev-toolbar/apps/audit/annotations.js
74 silly gunzTarPerm extractEntry dist/runtime/server/render/any.js
75 silly gunzTarPerm extractEntry dist/runtime/server/astro-component.js
76 silly gunzTarPerm extractEntry dist/core/routing/astro-designed-error-pages.js
77 silly gunzTarPerm extractEntry dist/runtime/server/astro-global.js
78 silly gunzTarPerm extractEntry dist/runtime/server/astro-island-styles.js
79 silly gunzTarPerm extractEntry dist/runtime/server/astro-island.js
80 silly gunzTarPerm extractEntry dist/runtime/server/astro-island.prebuilt-dev.js
81 silly gunzTarPerm extractEntry dist/runtime/server/astro-island.prebuilt.js
82 silly gunzTarPerm extractEntry astro.js
83 silly gunzTarPerm extractEntry dist/runtime/client/dev-toolbar/apps/astro.js
84 silly gunzTarPerm extractEntry dist/types/astro.js
85 silly gunzTarPerm extractEntry dist/runtime/client/dev-toolbar/apps/audit/ui/audit-list-item.js
86 silly gunzTarPerm extractEntry dist/runtime/client/dev-toolbar/apps/audit/ui/audit-list-window.js
87 silly gunzTarPerm extractEntry dist/runtime/client/dev-toolbar/apps/audit/ui/audit-ui.js
88 silly gunzTarPerm extractEntry dist/runtime/client/dev-toolbar/ui-library/badge.js
89 silly gunzTarPerm extractEntry dist/core/base-pipeline.js
90 silly gunzTarPerm extractEntry dist/core/config/schemas/base.js
91 silly gunzTarPerm extractEntry dist/vite-plugin-astro-server/base.js
92 silly gunzTarPerm extractEntry dist/assets/utils/vendor/image-size/utils/bit-reader.js
93 silly gunzTarPerm extractEntry dist/assets/utils/vendor/image-size/types/bmp.js
94 silly gunzTarPerm extractEntry dist/assets/fonts/infra/build-font-file-id-generator.js
95 silly gunzTarPerm extractEntry dist/cli/infra/build-time-astro-version-provider.js
96 silly gunzTarPerm extractEntry dist/assets/fonts/infra/build-url-resolver.js
97 silly gunzTarPerm extractEntry dist/core/client-directive/build.js
98 silly gunzTarPerm extractEntry dist/cli/info/infra/bun-package-manager.js
99 silly gunzTarPerm extractEntry dist/runtime/client/dev-toolbar/ui-library/button.js
100 silly gunzTarPerm extractEntry dist/assets/fonts/infra/cached-font-fetcher.js
101 silly gunzTarPerm extractEntry dist/core/middleware/callMiddleware.js
102 silly gunzTarPerm extractEntry dist/assets/fonts/infra/capsize-font-metrics-resolver.js
103 silly gunzTarPerm extractEntry dist/runtime/client/dev-toolbar/ui-library/card.js
104 silly gunzTarPerm extractEntry dist/cli/info/infra/cli-astro-config-resolver.js
105 silly gunzTarPerm extractEntry dist/cli/info/infra/cli-clipboard.js
106 silly gunzTarPerm extractEntry dist/cli/infra/cli-command-runner.js
107 silly gunzTarPerm extractEntry dist/cli/info/infra/cli-debug-info-provider.js
108 silly gunzTarPerm extractEntry dist/actions/runtime/client.js
109 silly gunzTarPerm extractEntry dist/cli/docs/domain/cloud-ide.js
110 silly gunzTarPerm extractEntry dist/assets/fonts/core/collect-component-data.js
111 silly gunzTarPerm extractEntry dist/assets/fonts/core/collect-font-assets-from-faces.js
112 silly gunzTarPerm extractEntry dist/assets/fonts/core/collect-font-data.js
113 silly gunzTarPerm extractEntry dist/cli/domain/command.js
114 silly gunzTarPerm extractEntry dist/core/app/common.js
115 silly gunzTarPerm extractEntry dist/core/build/common.js
116 silly gunzTarPerm extractEntry dist/core/csp/common.js
117 silly gunzTarPerm extractEntry dist/runtime/server/render/common.js
118 silly gunzTarPerm extractEntry dist/types/public/common.js
119 silly gunzTarPerm extractEntry dist/core/compile/compile.js
120 silly gunzTarPerm extractEntry dist/vite-plugin-astro/compile.js
121 silly gunzTarPerm extractEntry dist/core/redirects/component.js
122 silly gunzTarPerm extractEntry dist/runtime/server/render/component.js
123 silly gunzTarPerm extractEntry dist/assets/fonts/core/compute-font-families-assets.js
124 silly gunzTarPerm extractEntry dist/assets/endpoint/config.js
125 silly gunzTarPerm extractEntry dist/assets/fonts/config.js
126 silly gunzTarPerm extractEntry dist/content/config.js
127 silly gunzTarPerm extractEntry dist/core/config/config.js
128 silly gunzTarPerm extractEntry dist/core/csp/config.js
129 silly gunzTarPerm extractEntry dist/env/config.js
130 silly gunzTarPerm extractEntry dist/types/public/config.js
131 silly gunzTarPerm extractEntry dist/core/logger/console.js
132 silly gunzTarPerm extractEntry dist/assets/fonts/constants.js
133 silly gunzTarPerm extractEntry dist/core/constants.js
134 silly gunzTarPerm extractEntry dist/env/constants.js
135 silly gunzTarPerm extractEntry dist/preferences/constants.js
136 silly gunzTarPerm extractEntry dist/actions/consts.js
137 silly gunzTarPerm extractEntry dist/assets/consts.js
138 silly gunzTarPerm extractEntry dist/content/consts.js
139 silly gunzTarPerm extractEntry dist/core/build/consts.js
140 silly gunzTarPerm extractEntry dist/core/dev/container.js
141 silly gunzTarPerm extractEntry dist/virtual-modules/container.js
142 silly gunzTarPerm extractEntry dist/vite-plugin-markdown/content-entry-type.js
143 silly gunzTarPerm extractEntry dist/content/content-layer.js
144 silly gunzTarPerm extractEntry dist/types/public/content.js
145 silly gunzTarPerm extractEntry dist/types/public/context.js
146 silly gunzTarPerm extractEntry dist/vite-plugin-astro-server/controller.js
147 silly gunzTarPerm extractEntry dist/core/cookies/cookies.js
148 silly gunzTarPerm extractEntry dist/core/logger/core.js
149 silly gunzTarPerm extractEntry dist/cli/create-key/core/create-key.js
150 silly gunzTarPerm extractEntry dist/core/create-vite.js
151 silly gunzTarPerm extractEntry dist/core/routing/manifest/create.js
152 silly gunzTarPerm extractEntry dist/core/app/createOutgoingHttpHeaders.js
153 silly gunzTarPerm extractEntry dist/cli/create-key/infra/crypto-key-generator.js
154 silly gunzTarPerm extractEntry dist/runtime/server/render/csp.js
155 silly gunzTarPerm extractEntry dist/core/build/css-asset-name.js
156 silly gunzTarPerm extractEntry dist/vite-plugin-astro-server/css.js
157 silly gunzTarPerm extractEntry dist/assets/utils/vendor/image-size/types/cur.js
158 silly gunzTarPerm extractEntry dist/content/data-store.js
159 silly gunzTarPerm extractEntry dist/assets/utils/vendor/image-size/types/dds.js
160 silly gunzTarPerm extractEntry dist/cli/info/domain/debug-info.js
161 silly gunzTarPerm extractEntry dist/core/client-directive/default.js
162 silly gunzTarPerm extractEntry dist/core/routing/default.js
163 silly gunzTarPerm extractEntry dist/preferences/defaults.js
164 silly gunzTarPerm extractEntry dist/assets/fonts/definitions.js
165 silly gunzTarPerm extractEntry dist/cli/create-key/definitions.js
166 silly gunzTarPerm extractEntry dist/cli/definitions.js
167 silly gunzTarPerm extractEntry dist/cli/docs/definitions.js
168 silly gunzTarPerm extractEntry dist/cli/info/definitions.js
169 silly gunzTarPerm extractEntry dist/assets/utils/vendor/image-size/detector.js
170 silly gunzTarPerm extractEntry dist/cli/info/infra/dev-debug-info-provider.js
171 silly gunzTarPerm extractEntry dist/assets/fonts/infra/dev-font-file-id-generator.js
172 silly gunzTarPerm extractEntry dist/assets/fonts/infra/dev-url-resolver.js
173 silly gunzTarPerm extractEntry dist/assets/endpoint/dev.js
174 silly gunzTarPerm extractEntry dist/core/dev/dev.js
175 silly gunzTarPerm extractEntry dist/runtime/server/render/dom.js
176 silly gunzTarPerm extractEntry dist/types/public/elements.js
177 silly gunzTarPerm extractEntry dist/assets/utils/node/emitAsset.js
178 silly gunzTarPerm extractEntry dist/core/encryption.js
179 silly gunzTarPerm extractEntry dist/core/server-islands/endpoint.js
180 silly gunzTarPerm extractEntry dist/runtime/server/endpoint.js
181 silly gunzTarPerm extractEntry dist/config/entrypoint.js
182 silly gunzTarPerm extractEntry dist/runtime/client/dev-toolbar/entrypoint.js
183 silly gunzTarPerm extractEntry dist/env/env-loader.js
184 silly gunzTarPerm extractEntry dist/events/error.js
185 silly gunzTarPerm extractEntry dist/vite-plugin-astro-server/error.js
186 silly gunzTarPerm extractEntry dist/core/errors/errors-data.js
187 silly gunzTarPerm extractEntry dist/content/loaders/errors.js
188 silly gunzTarPerm extractEntry dist/core/errors/errors.js
189 silly gunzTarPerm extractEntry dist/env/errors.js
190 silly gunzTarPerm extractEntry dist/runtime/server/escape.js
191 silly gunzTarPerm extractEntry dist/vite-plugin-html/transform/escape.js
192 silly gunzTarPerm extractEntry dist/assets/utils/etag.js
193 silly gunzTarPerm extractEntry dist/transitions/events.js
194 silly gunzTarPerm extractEntry dist/cli/exec.js
195 silly gunzTarPerm extractEntry dist/types/public/extendables.js
196 silly gunzTarPerm extractEntry dist/runtime/server/render/astro/factory.js
197 silly gunzTarPerm extractEntry dist/integrations/features-validation.js
198 silly gunzTarPerm extractEntry dist/content/loaders/file.js
199 silly gunzTarPerm extractEntry dist/assets/fonts/core/filter-and-transform-font-faces.js
200 silly gunzTarPerm extractEntry dist/assets/fonts/core/filter-preloads.js
201 silly gunzTarPerm extractEntry dist/cli/flags.js
202 silly gunzTarPerm extractEntry dist/assets/fonts/infra/fontace-font-file-reader.js
203 silly gunzTarPerm extractEntry dist/cli/utils/format-version.js
204 silly gunzTarPerm extractEntry dist/assets/fonts/infra/fs-font-file-content-resolver.js
205 silly gunzTarPerm extractEntry dist/assets/build/generate.js
206 silly gunzTarPerm extractEntry dist/core/build/generate.js
207 silly gunzTarPerm extractEntry dist/core/routing/manifest/generator.js
208 silly gunzTarPerm extractEntry dist/assets/endpoint/generic.js
209 silly gunzTarPerm extractEntry dist/assets/fonts/core/get-or-create-font-family-assets.js
210 silly gunzTarPerm extractEntry dist/cli/info/core/get-package-manager.js
211 silly gunzTarPerm extractEntry dist/assets/utils/getAssetsPrefix.js
212 silly gunzTarPerm extractEntry dist/assets/utils/vendor/image-size/types/gif.js
213 silly gunzTarPerm extractEntry dist/content/loaders/glob.js
214 silly gunzTarPerm extractEntry dist/core/build/graph.js
215 silly gunzTarPerm extractEntry dist/runtime/server/render/astro/head-and-content.js
216 silly gunzTarPerm extractEntry dist/runtime/server/render/head.js
217 silly gunzTarPerm extractEntry dist/assets/utils/vendor/image-size/types/heif.js
218 silly gunzTarPerm extractEntry dist/cli/domain/help-payload.js
219 silly gunzTarPerm extractEntry dist/core/redirects/helpers.js
220 silly gunzTarPerm extractEntry dist/runtime/client/dev-toolbar/helpers.js
221 silly gunzTarPerm extractEntry dist/runtime/client/dev-toolbar/apps/utils/highlight.js
222 silly gunzTarPerm extractEntry dist/runtime/client/dev-toolbar/ui-library/highlight.js
223 silly gunzTarPerm extractEntry dist/runtime/client/hmr.js
224 silly gunzTarPerm extractEntry dist/vite-plugin-astro/hmr.js
225 silly gunzTarPerm extractEntry dist/integrations/hooks.js
226 silly gunzTarPerm extractEntry dist/runtime/server/hydration.js
227 silly gunzTarPerm extractEntry dist/virtual-modules/i18n.js
228 silly gunzTarPerm extractEntry dist/assets/utils/vendor/image-size/types/icns.js
229 silly gunzTarPerm extractEntry dist/assets/utils/vendor/image-size/types/ico.js
230 silly gunzTarPerm extractEntry dist/runtime/client/dev-toolbar/ui-library/icon.js
231 silly gunzTarPerm extractEntry dist/runtime/client/dev-toolbar/apps/utils/icons.js
232 silly gunzTarPerm extractEntry dist/runtime/client/dev-toolbar/ui-library/icons.js
233 silly gunzTarPerm extractEntry dist/runtime/client/idle.js
234 silly gunzTarPerm extractEntry dist/runtime/client/idle.prebuilt.js
235 silly gunzTarPerm extractEntry dist/assets/utils/imageAttributes.js
236 silly gunzTarPerm extractEntry dist/assets/utils/imageKind.js
237 silly gunzTarPerm extractEntry dist/vite-plugin-markdown/images.js
238 silly gunzTarPerm extractEntry dist/assets/fonts/providers/index.js
239 silly gunzTarPerm extractEntry dist/assets/index.js
240 silly gunzTarPerm extractEntry dist/assets/utils/index.js
241 silly gunzTarPerm extractEntry dist/assets/utils/vendor/image-size/types/index.js
242 silly gunzTarPerm extractEntry dist/cli/add/index.js
243 silly gunzTarPerm extractEntry dist/cli/build/index.js
244 silly gunzTarPerm extractEntry dist/cli/check/index.js
245 silly gunzTarPerm extractEntry dist/cli/db/index.js
246 silly gunzTarPerm extractEntry dist/cli/dev/index.js
247 silly gunzTarPerm extractEntry dist/cli/help/index.js
248 silly gunzTarPerm extractEntry dist/cli/index.js
249 silly gunzTarPerm extractEntry dist/cli/preferences/index.js
250 silly gunzTarPerm extractEntry dist/cli/preview/index.js
251 silly gunzTarPerm extractEntry dist/cli/sync/index.js
252 silly gunzTarPerm extractEntry dist/cli/telemetry/index.js
253 silly gunzTarPerm extractEntry dist/config/index.js
254 silly gunzTarPerm extractEntry dist/container/index.js
255 silly gunzTarPerm extractEntry dist/content/index.js
256 silly gunzTarPerm extractEntry dist/content/loaders/index.js
257 silly gunzTarPerm extractEntry dist/core/app/index.js
258 silly gunzTarPerm extractEntry dist/core/build/index.js
259 silly gunzTarPerm extractEntry dist/core/build/plugins/index.js
260 silly gunzTarPerm extractEntry dist/core/client-directive/index.js
261 silly gunzTarPerm extractEntry dist/core/compile/index.js
262 silly gunzTarPerm extractEntry dist/core/config/index.js
263 silly gunzTarPerm extractEntry dist/core/config/schemas/index.js
264 silly gunzTarPerm extractEntry dist/core/cookies/index.js
265 silly gunzTarPerm extractEntry dist/core/dev/index.js
266 silly gunzTarPerm extractEntry dist/core/errors/dev/index.js
267 silly gunzTarPerm extractEntry dist/core/errors/index.js
268 silly gunzTarPerm extractEntry dist/core/fs/index.js
269 silly gunzTarPerm extractEntry dist/core/index.js
270 silly gunzTarPerm extractEntry dist/core/middleware/index.js
271 silly gunzTarPerm extractEntry dist/core/module-loader/index.js
272 silly gunzTarPerm extractEntry dist/core/preview/index.js
273 silly gunzTarPerm extractEntry dist/core/redirects/index.js
274 silly gunzTarPerm extractEntry dist/core/render/index.js
275 silly gunzTarPerm extractEntry dist/core/routing/index.js
276 silly gunzTarPerm extractEntry dist/core/sync/index.js
277 silly gunzTarPerm extractEntry dist/events/index.js
278 silly gunzTarPerm extractEntry dist/i18n/index.js
279 silly gunzTarPerm extractEntry dist/index.js
280 silly gunzTarPerm extractEntry dist/jsx-runtime/index.js
281 silly gunzTarPerm extractEntry dist/preferences/index.js
282 silly gunzTarPerm extractEntry dist/prefetch/index.js
283 silly gunzTarPerm extractEntry dist/runtime/client/dev-toolbar/apps/audit/index.js
284 silly gunzTarPerm extractEntry dist/runtime/client/dev-toolbar/apps/audit/rules/index.js
285 silly gunzTarPerm extractEntry dist/runtime/client/dev-toolbar/ui-library/index.js
286 silly gunzTarPerm extractEntry dist/runtime/compiler/index.js
287 silly gunzTarPerm extractEntry dist/runtime/server/index.js
288 silly gunzTarPerm extractEntry dist/runtime/server/render/astro/index.js
289 silly gunzTarPerm extractEntry dist/runtime/server/render/index.js
290 silly gunzTarPerm extractEntry dist/toolbar/index.js
291 silly gunzTarPerm extractEntry dist/transitions/index.js
292 silly gunzTarPerm extractEntry dist/types/public/index.js
293 silly gunzTarPerm extractEntry dist/vite-plugin-adapter-config/index.js
294 silly gunzTarPerm extractEntry dist/vite-plugin-astro-postprocess/index.js
295 silly gunzTarPerm extractEntry dist/vite-plugin-astro-server/index.js
296 silly gunzTarPerm extractEntry dist/vite-plugin-astro/index.js
297 silly gunzTarPerm extractEntry dist/vite-plugin-config-alias/index.js
298 silly gunzTarPerm extractEntry dist/vite-plugin-fileurl/index.js
299 silly gunzTarPerm extractEntry dist/vite-plugin-head/index.js
300 silly gunzTarPerm extractEntry dist/vite-plugin-hmr-reload/index.js
301 silly gunzTarPerm extractEntry dist/vite-plugin-html/index.js
302 silly gunzTarPerm extractEntry dist/vite-plugin-html/transform/index.js
303 silly gunzTarPerm extractEntry dist/vite-plugin-integrations-container/index.js
304 silly gunzTarPerm extractEntry dist/vite-plugin-load-fallback/index.js
305 silly gunzTarPerm extractEntry dist/vite-plugin-markdown/index.js
306 silly gunzTarPerm extractEntry dist/vite-plugin-scanner/index.js
307 silly gunzTarPerm extractEntry dist/vite-plugin-scripts/index.js
308 silly gunzTarPerm extractEntry dist/vite-plugin-ssr-manifest/index.js
309 silly gunzTarPerm extractEntry dist/vite-plugin-utils/index.js
310 silly gunzTarPerm extractEntry dist/cli/info/core/info.js
311 silly gunzTarPerm extractEntry dist/cli/install-package.js
312 silly gunzTarPerm extractEntry dist/runtime/server/render/astro/instance.js
313 silly gunzTarPerm extractEntry dist/runtime/server/render/instruction.js
314 silly gunzTarPerm extractEntry dist/actions/integration.js
315 silly gunzTarPerm extractEntry dist/types/public/integrations.js
316 silly gunzTarPerm extractEntry dist/assets/utils/vendor/image-size/types/interface.js
317 silly gunzTarPerm extractEntry dist/assets/internal.js
318 silly gunzTarPerm extractEntry dist/core/build/internal.js
319 silly gunzTarPerm extractEntry dist/types/public/internal.js
320 silly gunzTarPerm extractEntry dist/assets/utils/vendor/image-size/types/j2c.js
321 silly gunzTarPerm extractEntry dist/assets/utils/vendor/image-size/types/jp2.js
322 silly gunzTarPerm extractEntry dist/assets/utils/vendor/image-size/types/jpg.js
323 silly gunzTarPerm extractEntry dist/runtime/server/jsx.js
324 silly gunzTarPerm extractEntry dist/assets/utils/vendor/image-size/types/jxl-stream.js
325 silly gunzTarPerm extractEntry dist/assets/utils/vendor/image-size/types/jxl.js
326 silly gunzTarPerm extractEntry dist/assets/utils/vendor/image-size/types/ktx.js
327 silly gunzTarPerm extractEntry dist/assets/layout.js
328 silly gunzTarPerm extractEntry dist/assets/fonts/infra/levenshtein-string-matcher.js
329 silly gunzTarPerm extractEntry dist/virtual-modules/live-config.js
330 silly gunzTarPerm extractEntry dist/runtime/client/load.js
331 silly gunzTarPerm extractEntry dist/runtime/client/load.prebuilt.js
332 silly gunzTarPerm extractEntry dist/actions/loadActions.js
333 silly gunzTarPerm extractEntry dist/core/module-loader/loader.js
334 silly gunzTarPerm extractEntry dist/core/middleware/loadMiddleware.js
335 silly gunzTarPerm extractEntry dist/assets/fonts/providers/local.js
336 silly gunzTarPerm extractEntry dist/cli/infra/logger-help-display.js
337 silly gunzTarPerm extractEntry dist/core/config/logging.js
338 silly gunzTarPerm extractEntry dist/assets/utils/vendor/image-size/lookup.js
339 silly gunzTarPerm extractEntry dist/types/public/manifest.js
340 silly gunzTarPerm extractEntry dist/core/routing/match.js
341 silly gunzTarPerm extractEntry dist/runtime/client/media.js
342 silly gunzTarPerm extractEntry dist/runtime/client/media.prebuilt.js
343 silly gunzTarPerm extractEntry dist/core/config/merge.js
344 silly gunzTarPerm extractEntry dist/core/messages.js
345 silly gunzTarPerm extractEntry dist/assets/utils/metadata.js
346 silly gunzTarPerm extractEntry dist/prerender/metadata.js
347 silly gunzTarPerm extractEntry dist/vite-plugin-astro-server/metadata.js
348 silly gunzTarPerm extractEntry dist/vite-plugin-astro/metadata.js
349 silly gunzTarPerm extractEntry dist/i18n/middleware.js
350 silly gunzTarPerm extractEntry dist/virtual-modules/middleware.js
351 silly gunzTarPerm extractEntry dist/core/app/middlewares.js
352 silly gunzTarPerm extractEntry dist/assets/fonts/infra/minifiable-css-renderer.js
353 silly gunzTarPerm extractEntry dist/content/mutable-data-store.js
354 silly gunzTarPerm extractEntry dist/assets/fonts/infra/node-font-type-extractor.js
355 silly gunzTarPerm extractEntry dist/assets/endpoint/node.js
356 silly gunzTarPerm extractEntry dist/core/app/node.js
357 silly gunzTarPerm extractEntry dist/core/logger/node.js
358 silly gunzTarPerm extractEntry dist/actions/noop-actions.js
359 silly gunzTarPerm extractEntry dist/core/middleware/noop-middleware.js
360 silly gunzTarPerm extractEntry dist/cli/info/infra/noop-package-manager.js
361 silly gunzTarPerm extractEntry dist/assets/services/noop.js
362 silly gunzTarPerm extractEntry dist/cli/info/infra/npm-package-manager.js
363 silly gunzTarPerm extractEntry dist/runtime/client/only.js
364 silly gunzTarPerm extractEntry dist/runtime/client/only.prebuilt.js
365 silly gunzTarPerm extractEntry dist/cli/docs/core/open-docs.js
366 silly gunzTarPerm extractEntry dist/assets/fonts/core/optimize-fallbacks.js
367 silly gunzTarPerm extractEntry dist/core/errors/overlay.js
368 silly gunzTarPerm extractEntry dist/core/build/page-data.js
369 silly gunzTarPerm extractEntry dist/vite-plugin-scripts/page-ssr.js
370 silly gunzTarPerm extractEntry dist/runtime/server/render/page.js
371 silly gunzTarPerm extractEntry dist/core/render/paginate.js
372 silly gunzTarPerm extractEntry dist/core/render/params-and-props.js
373 silly gunzTarPerm extractEntry dist/core/routing/params.js
374 silly gunzTarPerm extractEntry dist/core/routing/manifest/parts.js
375 silly gunzTarPerm extractEntry dist/cli/infra/passthrough-text-styler.js
376 silly gunzTarPerm extractEntry dist/core/path.js
377 silly gunzTarPerm extractEntry dist/core/util/pathname.js
378 silly gunzTarPerm extractEntry dist/core/routing/manifest/pattern.js
379 silly gunzTarPerm extractEntry dist/runtime/client/dev-toolbar/apps/audit/rules/perf.js
380 silly gunzTarPerm extractEntry dist/cli/infra/piccolore-text-styler.js
381 silly gunzTarPerm extractEntry dist/container/pipeline.js
382 silly gunzTarPerm extractEntry dist/core/app/pipeline.js
383 silly gunzTarPerm extractEntry dist/core/build/pipeline.js
384 silly gunzTarPerm extractEntry dist/vite-plugin-astro-server/pipeline.js
385 silly gunzTarPerm extractEntry dist/core/build/plugins/plugin-actions.js
386 silly gunzTarPerm extractEntry dist/core/build/plugins/plugin-analyzer.js
387 silly gunzTarPerm extractEntry dist/core/build/plugins/plugin-chunks.js
388 silly gunzTarPerm extractEntry dist/core/build/plugins/plugin-component-entry.js
389 silly gunzTarPerm extractEntry dist/core/build/plugins/plugin-css.js
390 silly gunzTarPerm extractEntry dist/core/build/plugins/plugin-internals.js
391 silly gunzTarPerm extractEntry dist/core/build/plugins/plugin-manifest.js
392 silly gunzTarPerm extractEntry dist/core/build/plugins/plugin-middleware.js
393 silly gunzTarPerm extractEntry dist/core/build/plugins/plugin-pages.js
394 silly gunzTarPerm extractEntry dist/core/build/plugins/plugin-prerender.js
395 silly gunzTarPerm extractEntry dist/core/build/plugins/plugin-renderers.js
396 silly gunzTarPerm extractEntry dist/core/build/plugins/plugin-scripts.js
397 silly gunzTarPerm extractEntry dist/core/build/plugins/plugin-ssr.js
398 silly gunzTarPerm extractEntry dist/core/build/plugin.js
399 silly gunzTarPerm extractEntry dist/vite-plugin-astro-server/plugin.js
400 silly gunzTarPerm extractEntry dist/assets/utils/vendor/image-size/types/png.js
401 silly gunzTarPerm extractEntry dist/assets/utils/vendor/image-size/types/pnm.js
402 silly gunzTarPerm extractEntry dist/cli/info/infra/pnpm-package-manager.js
403 silly gunzTarPerm extractEntry dist/container/polyfill.js
404 silly gunzTarPerm extractEntry dist/core/polyfill.js
405 silly gunzTarPerm extractEntry dist/virtual-modules/prefetch.js
406 silly gunzTarPerm extractEntry dist/core/routing/manifest/prerender.js
407 silly gunzTarPerm extractEntry dist/types/public/preview.js
408 silly gunzTarPerm extractEntry dist/core/errors/printer.js
409 silly gunzTarPerm extractEntry dist/core/routing/priority.js
410 silly gunzTarPerm extractEntry dist/cli/docs/infra/process-cloud-ide-provider.js
411 silly gunzTarPerm extractEntry dist/cli/info/infra/process-node-version-provider.js
412 silly gunzTarPerm extractEntry dist/cli/infra/process-operating-system-provider.js
413 silly gunzTarPerm extractEntry dist/cli/info/infra/process-package-manager-user-agent-provider.js
414 silly gunzTarPerm extractEntry dist/cli/info/infra/prompts-prompt.js
415 silly gunzTarPerm extractEntry dist/assets/utils/proxy.js
416 silly gunzTarPerm extractEntry dist/assets/utils/vendor/image-size/types/psd.js
417 silly gunzTarPerm extractEntry dist/vite-plugin-astro/query.js
418 silly gunzTarPerm extractEntry dist/assets/utils/queryParams.js
419 silly gunzTarPerm extractEntry dist/runtime/client/dev-toolbar/ui-library/radio-checkbox.js
420 silly gunzTarPerm extractEntry dist/core/config/schemas/refined.js
421 silly gunzTarPerm extractEntry dist/jsx/rehype.js
422 silly gunzTarPerm extractEntry dist/core/config/schemas/relative.js
423 silly gunzTarPerm extractEntry dist/assets/build/remote.js
424 silly gunzTarPerm extractEntry dist/assets/utils/remoteProbe.js
425 silly gunzTarPerm extractEntry dist/core/render-context.js
426 silly gunzTarPerm extractEntry dist/runtime/server/render/astro/render-template.js
427 silly gunzTarPerm extractEntry dist/core/redirects/render.js
428 silly gunzTarPerm extractEntry dist/runtime/server/render/astro/render.js
429 silly gunzTarPerm extractEntry dist/core/render/renderer.js
430 silly gunzTarPerm extractEntry dist/core/request.js
431 silly gunzTarPerm extractEntry dist/core/routing/request.js
432 silly gunzTarPerm extractEntry dist/vite-plugin-astro-server/request.js
433 silly gunzTarPerm extractEntry dist/assets/fonts/core/resolve-family.js
434 silly gunzTarPerm extractEntry dist/vite-plugin-astro-server/resolve.js
435 silly gunzTarPerm extractEntry dist/assets/utils/resolveImports.js
436 silly gunzTarPerm extractEntry dist/core/cookies/response.js
437 silly gunzTarPerm extractEntry dist/vite-plugin-astro-server/response.js
438 silly gunzTarPerm extractEntry dist/core/dev/restart.js
439 silly gunzTarPerm extractEntry dist/core/routing/rewrite.js
440 silly gunzTarPerm extractEntry dist/core/render/route-cache.js
441 silly gunzTarPerm extractEntry dist/actions/runtime/route.js
442 silly gunzTarPerm extractEntry dist/vite-plugin-astro-server/route.js
443 silly gunzTarPerm extractEntry dist/transitions/router.js
444 silly gunzTarPerm extractEntry dist/prerender/routing.js
445 silly gunzTarPerm extractEntry dist/content/runtime-assets.js
446 silly gunzTarPerm extractEntry dist/assets/fonts/runtime.js
447 silly gunzTarPerm extractEntry dist/assets/runtime.js
448 silly gunzTarPerm extractEntry dist/content/runtime.js
449 silly gunzTarPerm extractEntry dist/core/csp/runtime.js
450 silly gunzTarPerm extractEntry dist/env/runtime.js
451 silly gunzTarPerm extractEntry dist/env/schema.js
452 silly gunzTarPerm extractEntry dist/runtime/server/render/script.js
453 silly gunzTarPerm extractEntry dist/runtime/server/scripts.js
454 silly gunzTarPerm extractEntry dist/core/routing/manifest/segment.js
455 silly gunzTarPerm extractEntry dist/runtime/client/dev-toolbar/ui-library/select.js
456 silly gunzTarPerm extractEntry dist/core/middleware/sequence.js
457 silly gunzTarPerm extractEntry dist/core/routing/manifest/serialization.js
458 silly gunzTarPerm extractEntry dist/runtime/server/serialize.js
459 silly gunzTarPerm extractEntry dist/runtime/server/render/server-islands.js
460 silly gunzTarPerm extractEntry dist/content/server-listeners.js
461 silly gunzTarPerm extractEntry dist/vite-plugin-astro-server/server-state.js
462 silly gunzTarPerm extractEntry dist/actions/runtime/server.js
463 silly gunzTarPerm extractEntry dist/assets/services/service.js
464 silly gunzTarPerm extractEntry dist/core/session.js
465 silly gunzTarPerm extractEntry dist/events/session.js
466 silly gunzTarPerm extractEntry dist/core/config/settings.js
467 silly gunzTarPerm extractEntry dist/runtime/client/dev-toolbar/apps/settings.js
468 silly gunzTarPerm extractEntry dist/runtime/client/dev-toolbar/settings.js
469 silly gunzTarPerm extractEntry dist/env/setup.js
470 silly gunzTarPerm extractEntry dist/actions/runtime/shared.js
471 silly gunzTarPerm extractEntry dist/assets/endpoint/shared.js
472 silly gunzTarPerm extractEntry dist/assets/services/sharp.js
473 silly gunzTarPerm extractEntry dist/core/shiki.js
474 silly gunzTarPerm extractEntry dist/runtime/server/shorthash.js
475 silly gunzTarPerm extractEntry dist/runtime/server/render/slot.js
476 silly gunzTarPerm extractEntry dist/core/render/slots.js
477 silly gunzTarPerm extractEntry dist/vite-plugin-html/transform/slots.js
478 silly gunzTarPerm extractEntry dist/core/render/ssr-element.js
479 silly gunzTarPerm extractEntry dist/core/build/static-build.js
480 silly gunzTarPerm extractEntry dist/core/preview/static-preview-server.js
481 silly gunzTarPerm extractEntry dist/preferences/store.js
482 silly gunzTarPerm extractEntry dist/core/compile/style.js
483 silly gunzTarPerm extractEntry dist/cli/info/infra/styled-debug-info-formatter.js
484 silly gunzTarPerm extractEntry dist/assets/utils/svg.js
485 silly gunzTarPerm extractEntry dist/assets/utils/vendor/image-size/types/svg.js
486 silly gunzTarPerm extractEntry dist/transitions/swap-functions.js
487 silly gunzTarPerm extractEntry dist/assets/fonts/sync.js
488 silly gunzTarPerm extractEntry dist/env/sync.js
489 silly gunzTarPerm extractEntry dist/assets/fonts/infra/system-fallbacks-provider.js
490 silly gunzTarPerm extractEntry dist/runtime/server/render/tags.js
491 silly gunzTarPerm extractEntry dist/assets/utils/vendor/image-size/types/tga.js
492 silly gunzTarPerm extractEntry dist/cli/throw-and-exit.js
493 silly gunzTarPerm extractEntry dist/assets/utils/vendor/image-size/types/tiff.js
494 silly gunzTarPerm extractEntry dist/core/config/timer.js
495 silly gunzTarPerm extractEntry dist/cli/infra/tinyexec-command-executor.js
496 silly gunzTarPerm extractEntry dist/runtime/client/dev-toolbar/ui-library/toggle.js
497 silly gunzTarPerm extractEntry dist/events/toolbar.js
498 silly gunzTarPerm extractEntry dist/runtime/client/dev-toolbar/toolbar.js
499 silly gunzTarPerm extractEntry dist/types/public/toolbar.js
500 silly gunzTarPerm extractEntry dist/runtime/client/dev-toolbar/ui-library/tooltip.js
501 silly gunzTarPerm extractEntry dist/vite-plugin-astro-server/trailing-slash.js
502 silly gunzTarPerm extractEntry dist/assets/utils/transformToPath.js
503 silly gunzTarPerm extractEntry dist/runtime/server/transition.js
504 silly gunzTarPerm extractEntry dist/virtual-modules/transitions-events.js
505 silly gunzTarPerm extractEntry dist/virtual-modules/transitions-router.js
506 silly gunzTarPerm extractEntry dist/virtual-modules/transitions-swap-functions.js
507 silly gunzTarPerm extractEntry dist/virtual-modules/transitions-types.js
508 silly gunzTarPerm extractEntry dist/virtual-modules/transitions.js
509 silly gunzTarPerm extractEntry dist/core/config/tsconfig.js
510 silly gunzTarPerm extractEntry dist/type-utils.js
511 silly gunzTarPerm extractEntry dist/types/typed-emitter.js
512 silly gunzTarPerm extractEntry dist/content/types-generator.js
513 silly gunzTarPerm extractEntry dist/assets/fonts/types.js
514 silly gunzTarPerm extractEntry dist/assets/types.js
515 silly gunzTarPerm extractEntry dist/content/loaders/types.js
516 silly gunzTarPerm extractEntry dist/core/app/types.js
517 silly gunzTarPerm extractEntry dist/core/build/types.js
518 silly gunzTarPerm extractEntry dist/core/compile/types.js
519 silly gunzTarPerm extractEntry dist/transitions/types.js
520 silly gunzTarPerm extractEntry dist/vite-plugin-astro/types.js
521 silly gunzTarPerm extractEntry dist/assets/fonts/infra/unifont-font-resolver.js
522 silly gunzTarPerm extractEntry dist/assets/fonts/infra/unstorage-fs-storage.js
523 silly gunzTarPerm extractEntry dist/core/dev/update-check.js
524 silly gunzTarPerm extractEntry dist/assets/utils/url.js
525 silly gunzTarPerm extractEntry dist/core/errors/userError.js
526 silly gunzTarPerm extractEntry dist/core/build/plugins/util.js
527 silly gunzTarPerm extractEntry dist/core/build/util.js
528 silly gunzTarPerm extractEntry dist/core/preview/util.js
529 silly gunzTarPerm extractEntry dist/core/util.js
530 silly gunzTarPerm extractEntry dist/runtime/server/render/util.js
531 silly gunzTarPerm extractEntry dist/runtime/server/util.js
532 silly gunzTarPerm extractEntry dist/vite-plugin-astro-server/util.js
533 silly gunzTarPerm extractEntry dist/actions/runtime/utils.js
534 silly gunzTarPerm extractEntry dist/actions/utils.js
535 silly gunzTarPerm extractEntry dist/assets/fonts/utils.js
536 silly gunzTarPerm extractEntry dist/assets/utils/vendor/image-size/types/utils.js
537 silly gunzTarPerm extractEntry dist/content/utils.js
538 silly gunzTarPerm extractEntry dist/core/errors/dev/utils.js
539 silly gunzTarPerm extractEntry dist/core/errors/utils.js
540 silly gunzTarPerm extractEntry dist/i18n/utils.js
541 silly gunzTarPerm extractEntry dist/prerender/utils.js
542 silly gunzTarPerm extractEntry dist/vite-plugin-astro/utils.js
543 silly gunzTarPerm extractEntry dist/vite-plugin-html/transform/utils.js
544 silly gunzTarPerm extractEntry dist/core/app/validate-headers.js
545 silly gunzTarPerm extractEntry dist/core/config/validate.js
546 silly gunzTarPerm extractEntry dist/core/redirects/validate.js
547 silly gunzTarPerm extractEntry dist/core/routing/validation.js
548 silly gunzTarPerm extractEntry dist/env/validators.js
549 silly gunzTarPerm extractEntry dist/types/public/view-transitions.js
550 silly gunzTarPerm extractEntry dist/manifest/virtual-module.js
551 silly gunzTarPerm extractEntry dist/actions/runtime/virtual.js
552 silly gunzTarPerm extractEntry dist/runtime/client/visible.js
553 silly gunzTarPerm extractEntry dist/runtime/client/visible.prebuilt.js
554 silly gunzTarPerm extractEntry dist/core/config/vite-load.js
555 silly gunzTarPerm extractEntry dist/actions/vite-plugin-actions.js
556 silly gunzTarPerm extractEntry dist/assets/vite-plugin-assets.js
557 silly gunzTarPerm extractEntry dist/core/preview/vite-plugin-astro-preview.js
558 silly gunzTarPerm extractEntry dist/container/vite-plugin-container.js
559 silly gunzTarPerm extractEntry dist/content/vite-plugin-content-assets.js
560 silly gunzTarPerm extractEntry dist/content/vite-plugin-content-imports.js
561 silly gunzTarPerm extractEntry dist/config/vite-plugin-content-listen.js
562 silly gunzTarPerm extractEntry dist/content/vite-plugin-content-virtual-mod.js
563 silly gunzTarPerm extractEntry dist/toolbar/vite-plugin-dev-toolbar.js
564 silly gunzTarPerm extractEntry dist/env/vite-plugin-env.js
565 silly gunzTarPerm extractEntry dist/assets/fonts/vite-plugin-fonts.js
566 silly gunzTarPerm extractEntry dist/i18n/vite-plugin-i18n.js
567 silly gunzTarPerm extractEntry dist/env/vite-plugin-import-meta-env.js
568 silly gunzTarPerm extractEntry dist/prefetch/vite-plugin-prefetch.js
569 silly gunzTarPerm extractEntry dist/core/server-islands/vite-plugin-server-islands.js
570 silly gunzTarPerm extractEntry dist/transitions/vite-plugin-transitions.js
571 silly gunzTarPerm extractEntry dist/core/middleware/vite-plugin.js
572 silly gunzTarPerm extractEntry dist/core/errors/dev/vite.js
573 silly gunzTarPerm extractEntry dist/core/logger/vite.js
574 silly gunzTarPerm extractEntry dist/core/module-loader/vite.js
575 silly gunzTarPerm extractEntry dist/vite-plugin-astro-server/vite.js
576 silly gunzTarPerm extractEntry dist/core/viteUtils.js
577 silly gunzTarPerm extractEntry dist/content/watcher.js
578 silly gunzTarPerm extractEntry dist/assets/utils/vendor/image-size/types/webp.js
579 silly gunzTarPerm extractEntry dist/runtime/client/dev-toolbar/apps/utils/window.js
580 silly gunzTarPerm extractEntry dist/runtime/client/dev-toolbar/ui-library/window.js
581 silly gunzTarPerm extractEntry dist/runtime/client/dev-toolbar/apps/xray.js
582 silly gunzTarPerm extractEntry dist/assets/fonts/infra/xxhash-hasher.js
583 silly gunzTarPerm extractEntry dist/cli/info/infra/yarn-package-manager.js
584 silly gunzTarPerm extractEntry dist/core/errors/zod-error-map.js
585 silly gunzTarPerm extractEntry dist/zod.js
586 silly gunzTarPerm extractEntry tsconfigs/base.json
587 silly gunzTarPerm extractEntry package.json
588 silly gunzTarPerm extractEntry tsconfigs/strict.json
589 silly gunzTarPerm extractEntry tsconfigs/strictest.json
590 silly gunzTarPerm extractEntry README.md
591 silly gunzTarPerm extractEntry templates/env.mjs
592 silly gunzTarPerm extractEntry templates/content/module.mjs
593 silly gunzTarPerm extractEntry dist/core/routing/3xx.d.ts
594 silly gunzTarPerm extractEntry dist/template/4xx.d.ts
595 silly gunzTarPerm extractEntry dist/runtime/client/dev-toolbar/apps/audit/rules/a11y.d.ts
596 silly gunzTarPerm extractEntry types/actions.d.ts
597 silly gunzTarPerm extractEntry dist/core/dev/adapter-validation.d.ts
598 silly gunzTarPerm extractEntry dist/core/build/add-rollup-input.d.ts
599 silly gunzTarPerm extractEntry dist/runtime/client/dev-toolbar/apps/audit/annotations.d.ts
600 silly gunzTarPerm extractEntry dist/runtime/server/render/any.d.ts
601 silly gunzTarPerm extractEntry dist/runtime/server/astro-component.d.ts
602 silly gunzTarPerm extractEntry dist/core/routing/astro-designed-error-pages.d.ts
603 silly gunzTarPerm extractEntry dist/runtime/server/astro-global.d.ts
604 silly gunzTarPerm extractEntry dist/runtime/server/astro-island-styles.d.ts
605 silly gunzTarPerm extractEntry dist/runtime/server/astro-island.d.ts
606 silly gunzTarPerm extractEntry dist/runtime/server/astro-island.prebuilt-dev.d.ts
607 silly gunzTarPerm extractEntry dist/runtime/server/astro-island.prebuilt.d.ts
608 silly gunzTarPerm extractEntry astro-jsx.d.ts
609 silly gunzTarPerm extractEntry dist/runtime/client/dev-toolbar/apps/astro.d.ts
610 silly gunzTarPerm extractEntry dist/types/astro.d.ts
611 silly gunzTarPerm extractEntry dist/runtime/client/dev-toolbar/apps/audit/ui/audit-list-item.d.ts
612 silly gunzTarPerm extractEntry dist/runtime/client/dev-toolbar/apps/audit/ui/audit-list-window.d.ts
613 silly gunzTarPerm extractEntry dist/runtime/client/dev-toolbar/apps/audit/ui/audit-ui.d.ts
614 silly gunzTarPerm extractEntry dist/runtime/client/dev-toolbar/ui-library/badge.d.ts
615 silly gunzTarPerm extractEntry dist/core/base-pipeline.d.ts
616 silly gunzTarPerm extractEntry dist/core/config/schemas/base.d.ts
617 silly gunzTarPerm extractEntry dist/vite-plugin-astro-server/base.d.ts
618 silly gunzTarPerm extractEntry dist/assets/utils/vendor/image-size/utils/bit-reader.d.ts
619 silly gunzTarPerm extractEntry dist/assets/utils/vendor/image-size/types/bmp.d.ts
620 silly gunzTarPerm extractEntry dist/assets/fonts/infra/build-font-file-id-generator.d.ts
621 silly gunzTarPerm extractEntry dist/cli/infra/build-time-astro-version-provider.d.ts
622 silly gunzTarPerm extractEntry dist/assets/fonts/infra/build-url-resolver.d.ts
623 silly gunzTarPerm extractEntry dist/core/client-directive/build.d.ts
624 silly gunzTarPerm extractEntry dist/cli/info/infra/bun-package-manager.d.ts
625 silly gunzTarPerm extractEntry dist/runtime/client/dev-toolbar/ui-library/button.d.ts
626 silly gunzTarPerm extractEntry dist/assets/fonts/infra/cached-font-fetcher.d.ts
627 silly gunzTarPerm extractEntry dist/core/middleware/callMiddleware.d.ts
628 silly gunzTarPerm extractEntry dist/assets/fonts/infra/capsize-font-metrics-resolver.d.ts
629 silly gunzTarPerm extractEntry dist/runtime/client/dev-toolbar/ui-library/card.d.ts
630 silly gunzTarPerm extractEntry dist/cli/info/infra/cli-astro-config-resolver.d.ts
631 silly gunzTarPerm extractEntry dist/cli/info/infra/cli-clipboard.d.ts
632 silly gunzTarPerm extractEntry dist/cli/infra/cli-command-runner.d.ts
633 silly gunzTarPerm extractEntry dist/cli/info/infra/cli-debug-info-provider.d.ts
634 silly gunzTarPerm extractEntry client.d.ts
635 silly gunzTarPerm extractEntry dist/actions/runtime/client.d.ts
636 silly gunzTarPerm extractEntry dist/cli/docs/domain/cloud-ide.d.ts
637 silly gunzTarPerm extractEntry dist/assets/fonts/core/collect-component-data.d.ts
638 silly gunzTarPerm extractEntry dist/assets/fonts/core/collect-font-assets-from-faces.d.ts
639 silly gunzTarPerm extractEntry dist/assets/fonts/core/collect-font-data.d.ts
640 silly gunzTarPerm extractEntry dist/cli/domain/command.d.ts
641 silly gunzTarPerm extractEntry dist/core/app/common.d.ts
642 silly gunzTarPerm extractEntry dist/core/build/common.d.ts
643 silly gunzTarPerm extractEntry dist/core/csp/common.d.ts
644 silly gunzTarPerm extractEntry dist/runtime/server/render/common.d.ts
645 silly gunzTarPerm extractEntry dist/types/public/common.d.ts
646 silly gunzTarPerm extractEntry dist/core/compile/compile.d.ts
647 silly gunzTarPerm extractEntry dist/vite-plugin-astro/compile.d.ts
648 silly gunzTarPerm extractEntry dist/core/redirects/component.d.ts
649 silly gunzTarPerm extractEntry dist/runtime/server/render/component.d.ts
650 silly gunzTarPerm extractEntry dist/assets/fonts/core/compute-font-families-assets.d.ts
651 silly gunzTarPerm extractEntry dist/assets/endpoint/config.d.ts
652 silly gunzTarPerm extractEntry dist/assets/fonts/config.d.ts
653 silly gunzTarPerm extractEntry dist/content/config.d.ts
654 silly gunzTarPerm extractEntry dist/core/config/config.d.ts
655 silly gunzTarPerm extractEntry dist/core/csp/config.d.ts
656 silly gunzTarPerm extractEntry dist/env/config.d.ts
657 silly gunzTarPerm extractEntry dist/types/public/config.d.ts
658 silly gunzTarPerm extractEntry dist/core/logger/console.d.ts
659 silly gunzTarPerm extractEntry dist/assets/fonts/constants.d.ts
660 silly gunzTarPerm extractEntry dist/core/constants.d.ts
661 silly gunzTarPerm extractEntry dist/env/constants.d.ts
662 silly gunzTarPerm extractEntry dist/preferences/constants.d.ts
663 silly gunzTarPerm extractEntry dist/actions/consts.d.ts
664 silly gunzTarPerm extractEntry dist/assets/consts.d.ts
665 silly gunzTarPerm extractEntry dist/content/consts.d.ts
666 silly gunzTarPerm extractEntry dist/core/build/consts.d.ts
667 silly gunzTarPerm extractEntry dist/core/dev/container.d.ts
668 silly gunzTarPerm extractEntry dist/virtual-modules/container.d.ts
669 silly gunzTarPerm extractEntry dist/vite-plugin-markdown/content-entry-type.d.ts
670 silly gunzTarPerm extractEntry dist/content/content-layer.d.ts
671 silly gunzTarPerm extractEntry dist/types/public/content.d.ts
672 silly gunzTarPerm extractEntry types/content.d.ts
673 silly gunzTarPerm extractEntry dist/types/public/context.d.ts
674 silly gunzTarPerm extractEntry dist/vite-plugin-astro-server/controller.d.ts
675 silly gunzTarPerm extractEntry dist/core/cookies/cookies.d.ts
676 silly gunzTarPerm extractEntry dist/core/logger/core.d.ts
677 silly gunzTarPerm extractEntry dist/cli/create-key/core/create-key.d.ts
678 silly gunzTarPerm extractEntry dist/core/create-vite.d.ts
679 silly gunzTarPerm extractEntry dist/core/routing/manifest/create.d.ts
680 silly gunzTarPerm extractEntry dist/core/app/createOutgoingHttpHeaders.d.ts
681 silly gunzTarPerm extractEntry dist/cli/create-key/infra/crypto-key-generator.d.ts
682 silly gunzTarPerm extractEntry dist/runtime/server/render/csp.d.ts
683 silly gunzTarPerm extractEntry dist/core/build/css-asset-name.d.ts
684 silly gunzTarPerm extractEntry dist/vite-plugin-astro-server/css.d.ts
685 silly gunzTarPerm extractEntry dist/assets/utils/vendor/image-size/types/cur.d.ts
686 silly gunzTarPerm extractEntry dist/content/data-store.d.ts
687 silly gunzTarPerm extractEntry dist/assets/utils/vendor/image-size/types/dds.d.ts
688 silly gunzTarPerm extractEntry dist/cli/info/domain/debug-info.d.ts
689 silly gunzTarPerm extractEntry dist/core/client-directive/default.d.ts
690 silly gunzTarPerm extractEntry dist/core/routing/default.d.ts
691 silly gunzTarPerm extractEntry dist/preferences/defaults.d.ts
692 silly gunzTarPerm extractEntry dist/assets/fonts/definitions.d.ts
693 silly gunzTarPerm extractEntry dist/cli/create-key/definitions.d.ts
694 silly gunzTarPerm extractEntry dist/cli/definitions.d.ts
695 silly gunzTarPerm extractEntry dist/cli/docs/definitions.d.ts
696 silly gunzTarPerm extractEntry dist/cli/info/definitions.d.ts
697 silly gunzTarPerm extractEntry dist/assets/utils/vendor/image-size/detector.d.ts
698 silly gunzTarPerm extractEntry dist/cli/info/infra/dev-debug-info-provider.d.ts
699 silly gunzTarPerm extractEntry dist/assets/fonts/infra/dev-font-file-id-generator.d.ts
700 silly gunzTarPerm extractEntry dist/assets/fonts/infra/dev-url-resolver.d.ts
701 silly gunzTarPerm extractEntry dist/assets/endpoint/dev.d.ts
702 silly gunzTarPerm extractEntry dist/core/dev/dev.d.ts
703 silly gunzTarPerm extractEntry dist/runtime/server/render/dom.d.ts
704 silly gunzTarPerm extractEntry dist/types/public/elements.d.ts
705 silly gunzTarPerm extractEntry dist/assets/utils/node/emitAsset.d.ts
706 silly gunzTarPerm extractEntry dist/core/encryption.d.ts
707 silly gunzTarPerm extractEntry dist/core/server-islands/endpoint.d.ts
708 silly gunzTarPerm extractEntry dist/runtime/server/endpoint.d.ts
709 silly gunzTarPerm extractEntry dist/config/entrypoint.d.ts
710 silly gunzTarPerm extractEntry dist/runtime/client/dev-toolbar/entrypoint.d.ts
711 silly gunzTarPerm extractEntry dist/env/env-loader.d.ts
712 silly gunzTarPerm extractEntry components/env.d.ts
713 silly gunzTarPerm extractEntry env.d.ts
714 silly gunzTarPerm extractEntry types/env.d.ts
715 silly gunzTarPerm extractEntry dist/events/error.d.ts
716 silly gunzTarPerm extractEntry dist/vite-plugin-astro-server/error.d.ts
717 silly gunzTarPerm extractEntry dist/core/errors/errors-data.d.ts
718 silly gunzTarPerm extractEntry dist/content/loaders/errors.d.ts
719 silly gunzTarPerm extractEntry dist/core/errors/errors.d.ts
720 silly gunzTarPerm extractEntry dist/env/errors.d.ts
721 silly gunzTarPerm extractEntry dist/runtime/server/escape.d.ts
722 silly gunzTarPerm extractEntry dist/vite-plugin-html/transform/escape.d.ts
723 silly gunzTarPerm extractEntry dist/assets/utils/etag.d.ts
724 silly gunzTarPerm extractEntry dist/transitions/events.d.ts
725 silly gunzTarPerm extractEntry dist/cli/exec.d.ts
726 silly gunzTarPerm extractEntry dist/types/public/extendables.d.ts
727 silly gunzTarPerm extractEntry dist/runtime/server/render/astro/factory.d.ts
728 silly gunzTarPerm extractEntry dist/integrations/features-validation.d.ts
729 silly gunzTarPerm extractEntry dist/content/loaders/file.d.ts
730 silly gunzTarPerm extractEntry dist/assets/fonts/core/filter-and-transform-font-faces.d.ts
731 silly gunzTarPerm extractEntry dist/assets/fonts/core/filter-preloads.d.ts
732 silly gunzTarPerm extractEntry dist/cli/flags.d.ts
733 silly gunzTarPerm extractEntry dist/assets/fonts/infra/fontace-font-file-reader.d.ts
734 silly gunzTarPerm extractEntry types/fonts.d.ts
735 silly gunzTarPerm extractEntry dist/cli/utils/format-version.d.ts
736 silly gunzTarPerm extractEntry dist/assets/fonts/infra/fs-font-file-content-resolver.d.ts
737 silly gunzTarPerm extractEntry dist/assets/build/generate.d.ts
738 silly gunzTarPerm extractEntry dist/core/build/generate.d.ts
739 silly gunzTarPerm extractEntry dist/core/routing/manifest/generator.d.ts
740 silly gunzTarPerm extractEntry dist/assets/endpoint/generic.d.ts
741 silly gunzTarPerm extractEntry dist/assets/fonts/core/get-or-create-font-family-assets.d.ts
742 silly gunzTarPerm extractEntry dist/cli/info/core/get-package-manager.d.ts
743 silly gunzTarPerm extractEntry dist/assets/utils/getAssetsPrefix.d.ts
744 silly gunzTarPerm extractEntry dist/assets/utils/vendor/image-size/types/gif.d.ts
745 silly gunzTarPerm extractEntry dist/content/loaders/glob.d.ts
746 silly gunzTarPerm extractEntry dist/core/build/graph.d.ts
747 silly gunzTarPerm extractEntry dist/runtime/server/render/astro/head-and-content.d.ts
748 silly gunzTarPerm extractEntry dist/runtime/server/render/head.d.ts
749 silly gunzTarPerm extractEntry dist/assets/utils/vendor/image-size/types/heif.d.ts
750 silly gunzTarPerm extractEntry dist/cli/domain/help-payload.d.ts
751 silly gunzTarPerm extractEntry dist/core/redirects/helpers.d.ts
752 silly gunzTarPerm extractEntry dist/runtime/client/dev-toolbar/helpers.d.ts
753 silly gunzTarPerm extractEntry dist/runtime/client/dev-toolbar/apps/utils/highlight.d.ts
754 silly gunzTarPerm extractEntry dist/runtime/client/dev-toolbar/ui-library/highlight.d.ts
755 silly gunzTarPerm extractEntry dist/runtime/client/hmr.d.ts
756 silly gunzTarPerm extractEntry dist/vite-plugin-astro/hmr.d.ts
757 silly gunzTarPerm extractEntry dist/integrations/hooks.d.ts
758 silly gunzTarPerm extractEntry dist/runtime/server/hydration.d.ts
759 silly gunzTarPerm extractEntry dist/virtual-modules/i18n.d.ts
760 silly gunzTarPerm extractEntry dist/assets/utils/vendor/image-size/types/icns.d.ts
761 silly gunzTarPerm extractEntry dist/assets/utils/vendor/image-size/types/ico.d.ts
762 silly gunzTarPerm extractEntry dist/runtime/client/dev-toolbar/ui-library/icon.d.ts
763 silly gunzTarPerm extractEntry dist/runtime/client/dev-toolbar/apps/utils/icons.d.ts
764 silly gunzTarPerm extractEntry dist/runtime/client/dev-toolbar/ui-library/icons.d.ts
765 silly gunzTarPerm extractEntry dist/runtime/client/idle.d.ts
766 silly gunzTarPerm extractEntry dist/runtime/client/idle.prebuilt.d.ts
767 silly gunzTarPerm extractEntry dist/assets/utils/imageAttributes.d.ts
768 silly gunzTarPerm extractEntry dist/assets/utils/imageKind.d.ts
769 silly gunzTarPerm extractEntry dist/vite-plugin-markdown/images.d.ts
770 silly gunzTarPerm extractEntry dist/assets/fonts/providers/index.d.ts
771 silly gunzTarPerm extractEntry dist/assets/index.d.ts
772 silly gunzTarPerm extractEntry dist/assets/utils/index.d.ts
773 silly gunzTarPerm extractEntry dist/assets/utils/vendor/image-size/types/index.d.ts
774 silly gunzTarPerm extractEntry dist/cli/add/index.d.ts
775 silly gunzTarPerm extractEntry dist/cli/build/index.d.ts
776 silly gunzTarPerm extractEntry dist/cli/check/index.d.ts
777 silly gunzTarPerm extractEntry dist/cli/db/index.d.ts
778 silly gunzTarPerm extractEntry dist/cli/dev/index.d.ts
779 silly gunzTarPerm extractEntry dist/cli/help/index.d.ts
780 silly gunzTarPerm extractEntry dist/cli/index.d.ts
781 silly gunzTarPerm extractEntry dist/cli/preferences/index.d.ts
782 silly gunzTarPerm extractEntry dist/cli/preview/index.d.ts
783 silly gunzTarPerm extractEntry dist/cli/sync/index.d.ts
784 silly gunzTarPerm extractEntry dist/cli/telemetry/index.d.ts
785 silly gunzTarPerm extractEntry dist/config/index.d.ts
786 silly gunzTarPerm extractEntry dist/container/index.d.ts
787 silly gunzTarPerm extractEntry dist/content/index.d.ts
788 silly gunzTarPerm extractEntry dist/content/loaders/index.d.ts
789 silly gunzTarPerm extractEntry dist/core/app/index.d.ts
790 silly gunzTarPerm extractEntry dist/core/build/index.d.ts
791 silly gunzTarPerm extractEntry dist/core/build/plugins/index.d.ts
792 silly gunzTarPerm extractEntry dist/core/client-directive/index.d.ts
793 silly gunzTarPerm extractEntry dist/core/compile/index.d.ts
794 silly gunzTarPerm extractEntry dist/core/config/index.d.ts
795 silly gunzTarPerm extractEntry dist/core/config/schemas/index.d.ts
796 silly gunzTarPerm extractEntry dist/core/cookies/index.d.ts
797 silly gunzTarPerm extractEntry dist/core/dev/index.d.ts
798 silly gunzTarPerm extractEntry dist/core/errors/dev/index.d.ts
799 silly gunzTarPerm extractEntry dist/core/errors/index.d.ts
800 silly gunzTarPerm extractEntry dist/core/fs/index.d.ts
801 silly gunzTarPerm extractEntry dist/core/index.d.ts
802 silly gunzTarPerm extractEntry dist/core/middleware/index.d.ts
803 silly gunzTarPerm extractEntry dist/core/module-loader/index.d.ts
804 silly gunzTarPerm extractEntry dist/core/preview/index.d.ts
805 silly gunzTarPerm extractEntry dist/core/redirects/index.d.ts
806 silly gunzTarPerm extractEntry dist/core/render/index.d.ts
807 silly gunzTarPerm extractEntry dist/core/routing/index.d.ts
808 silly gunzTarPerm extractEntry dist/core/sync/index.d.ts
809 silly gunzTarPerm extractEntry dist/events/index.d.ts
810 silly gunzTarPerm extractEntry dist/i18n/index.d.ts
811 silly gunzTarPerm extractEntry dist/index.d.ts
812 silly gunzTarPerm extractEntry dist/jsx-runtime/index.d.ts
813 silly gunzTarPerm extractEntry dist/preferences/index.d.ts
814 silly gunzTarPerm extractEntry dist/prefetch/index.d.ts
815 silly gunzTarPerm extractEntry dist/runtime/client/dev-toolbar/apps/audit/index.d.ts
816 silly gunzTarPerm extractEntry dist/runtime/client/dev-toolbar/apps/audit/rules/index.d.ts
817 silly gunzTarPerm extractEntry dist/runtime/client/dev-toolbar/ui-library/index.d.ts
818 silly gunzTarPerm extractEntry dist/runtime/compiler/index.d.ts
819 silly gunzTarPerm extractEntry dist/runtime/server/index.d.ts
820 silly gunzTarPerm extractEntry dist/runtime/server/render/astro/index.d.ts
821 silly gunzTarPerm extractEntry dist/runtime/server/render/index.d.ts
822 silly gunzTarPerm extractEntry dist/toolbar/index.d.ts
823 silly gunzTarPerm extractEntry dist/transitions/index.d.ts
824 silly gunzTarPerm extractEntry dist/types/public/index.d.ts
825 silly gunzTarPerm extractEntry dist/vite-plugin-adapter-config/index.d.ts
826 silly gunzTarPerm extractEntry dist/vite-plugin-astro-postprocess/index.d.ts
827 silly gunzTarPerm extractEntry dist/vite-plugin-astro-server/index.d.ts
828 silly gunzTarPerm extractEntry dist/vite-plugin-astro/index.d.ts
829 silly gunzTarPerm extractEntry dist/vite-plugin-config-alias/index.d.ts
830 silly gunzTarPerm extractEntry dist/vite-plugin-fileurl/index.d.ts
831 silly gunzTarPerm extractEntry dist/vite-plugin-head/index.d.ts
832 silly gunzTarPerm extractEntry dist/vite-plugin-hmr-reload/index.d.ts
833 silly gunzTarPerm extractEntry dist/vite-plugin-html/index.d.ts
834 silly gunzTarPerm extractEntry dist/vite-plugin-html/transform/index.d.ts
835 silly gunzTarPerm extractEntry dist/vite-plugin-integrations-container/index.d.ts
836 silly gunzTarPerm extractEntry dist/vite-plugin-load-fallback/index.d.ts
837 silly gunzTarPerm extractEntry dist/vite-plugin-markdown/index.d.ts
838 silly gunzTarPerm extractEntry dist/vite-plugin-scanner/index.d.ts
839 silly gunzTarPerm extractEntry dist/vite-plugin-scripts/index.d.ts
840 silly gunzTarPerm extractEntry dist/vite-plugin-ssr-manifest/index.d.ts
841 silly gunzTarPerm extractEntry dist/vite-plugin-utils/index.d.ts
842 silly gunzTarPerm extractEntry components/index.ts
843 silly gunzTarPerm extractEntry dist/cli/info/core/info.d.ts
844 silly gunzTarPerm extractEntry dist/cli/install-package.d.ts
845 silly gunzTarPerm extractEntry dist/runtime/server/render/astro/instance.d.ts
846 silly gunzTarPerm extractEntry dist/runtime/server/render/instruction.d.ts
847 silly gunzTarPerm extractEntry dist/actions/integration.d.ts
848 silly gunzTarPerm extractEntry dist/types/public/integrations.d.ts
849 silly gunzTarPerm extractEntry dist/assets/utils/vendor/image-size/types/interface.d.ts
850 silly gunzTarPerm extractEntry dist/assets/internal.d.ts
851 silly gunzTarPerm extractEntry dist/core/build/internal.d.ts
852 silly gunzTarPerm extractEntry dist/types/public/internal.d.ts
853 silly gunzTarPerm extractEntry dist/assets/utils/vendor/image-size/types/j2c.d.ts
854 silly gunzTarPerm extractEntry dist/assets/utils/vendor/image-size/types/jp2.d.ts
855 silly gunzTarPerm extractEntry dist/assets/utils/vendor/image-size/types/jpg.d.ts
856 silly gunzTarPerm extractEntry jsx-runtime.d.ts
857 silly gunzTarPerm extractEntry dist/runtime/server/jsx.d.ts
858 silly gunzTarPerm extractEntry dist/assets/utils/vendor/image-size/types/jxl-stream.d.ts
859 silly gunzTarPerm extractEntry dist/assets/utils/vendor/image-size/types/jxl.d.ts
860 silly gunzTarPerm extractEntry dist/assets/utils/vendor/image-size/types/ktx.d.ts
861 silly gunzTarPerm extractEntry dist/assets/layout.d.ts
862 silly gunzTarPerm extractEntry dist/assets/fonts/infra/levenshtein-string-matcher.d.ts
863 silly gunzTarPerm extractEntry dist/virtual-modules/live-config.d.ts
864 silly gunzTarPerm extractEntry dist/runtime/client/load.d.ts
865 silly gunzTarPerm extractEntry dist/runtime/client/load.prebuilt.d.ts
866 silly gunzTarPerm extractEntry dist/actions/loadActions.d.ts
867 silly gunzTarPerm extractEntry dist/core/module-loader/loader.d.ts
868 silly gunzTarPerm extractEntry dist/core/middleware/loadMiddleware.d.ts
869 silly gunzTarPerm extractEntry dist/assets/fonts/providers/local.d.ts
870 silly gunzTarPerm extractEntry dist/cli/infra/logger-help-display.d.ts
871 silly gunzTarPerm extractEntry dist/core/config/logging.d.ts
872 silly gunzTarPerm extractEntry dist/assets/utils/vendor/image-size/lookup.d.ts
873 silly gunzTarPerm extractEntry dist/types/public/manifest.d.ts
874 silly gunzTarPerm extractEntry dist/core/routing/match.d.ts
875 silly gunzTarPerm extractEntry dist/runtime/client/media.d.ts
876 silly gunzTarPerm extractEntry dist/runtime/client/media.prebuilt.d.ts
877 silly gunzTarPerm extractEntry dist/core/config/merge.d.ts
878 silly gunzTarPerm extractEntry dist/core/messages.d.ts
879 silly gunzTarPerm extractEntry dist/assets/utils/metadata.d.ts
880 silly gunzTarPerm extractEntry dist/prerender/metadata.d.ts
881 silly gunzTarPerm extractEntry dist/vite-plugin-astro-server/metadata.d.ts
882 silly gunzTarPerm extractEntry dist/vite-plugin-astro/metadata.d.ts
883 silly gunzTarPerm extractEntry dist/i18n/middleware.d.ts
884 silly gunzTarPerm extractEntry dist/virtual-modules/middleware.d.ts
885 silly gunzTarPerm extractEntry dist/core/app/middlewares.d.ts
886 silly gunzTarPerm extractEntry dist/assets/fonts/infra/minifiable-css-renderer.d.ts
887 silly gunzTarPerm extractEntry dist/content/mutable-data-store.d.ts
888 silly gunzTarPerm extractEntry dist/assets/fonts/infra/node-font-type-extractor.d.ts
889 silly gunzTarPerm extractEntry dist/assets/endpoint/node.d.ts
890 silly gunzTarPerm extractEntry dist/core/app/node.d.ts
891 silly gunzTarPerm extractEntry dist/core/logger/node.d.ts
892 silly gunzTarPerm extractEntry dist/actions/noop-actions.d.ts
893 silly gunzTarPerm extractEntry dist/core/middleware/noop-middleware.d.ts
894 silly gunzTarPerm extractEntry dist/cli/info/infra/noop-package-manager.d.ts
895 silly gunzTarPerm extractEntry dist/assets/services/noop.d.ts
896 silly gunzTarPerm extractEntry dist/cli/info/infra/npm-package-manager.d.ts
897 silly gunzTarPerm extractEntry dist/runtime/client/only.d.ts
898 silly gunzTarPerm extractEntry dist/runtime/client/only.prebuilt.d.ts
899 silly gunzTarPerm extractEntry dist/cli/docs/core/open-docs.d.ts
900 silly gunzTarPerm extractEntry dist/assets/fonts/core/optimize-fallbacks.d.ts
901 silly gunzTarPerm extractEntry dist/core/errors/overlay.d.ts
902 silly gunzTarPerm extractEntry dist/core/build/page-data.d.ts
903 silly gunzTarPerm extractEntry dist/vite-plugin-scripts/page-ssr.d.ts
904 silly gunzTarPerm extractEntry dist/runtime/server/render/page.d.ts
905 silly gunzTarPerm extractEntry dist/core/render/paginate.d.ts
906 silly gunzTarPerm extractEntry dist/core/render/params-and-props.d.ts
907 silly gunzTarPerm extractEntry dist/core/routing/params.d.ts
908 silly gunzTarPerm extractEntry dist/core/routing/manifest/parts.d.ts
909 silly gunzTarPerm extractEntry dist/cli/infra/passthrough-text-styler.d.ts
910 silly gunzTarPerm extractEntry dist/core/path.d.ts
911 silly gunzTarPerm extractEntry dist/core/util/pathname.d.ts
912 silly gunzTarPerm extractEntry dist/core/routing/manifest/pattern.d.ts
913 silly gunzTarPerm extractEntry dist/runtime/client/dev-toolbar/apps/audit/rules/perf.d.ts
914 silly gunzTarPerm extractEntry dist/cli/infra/piccolore-text-styler.d.ts
915 silly gunzTarPerm extractEntry dist/container/pipeline.d.ts
916 silly gunzTarPerm extractEntry dist/core/app/pipeline.d.ts
917 silly gunzTarPerm extractEntry dist/core/build/pipeline.d.ts
918 silly gunzTarPerm extractEntry dist/vite-plugin-astro-server/pipeline.d.ts
919 silly gunzTarPerm extractEntry dist/core/build/plugins/plugin-actions.d.ts
920 silly gunzTarPerm extractEntry dist/core/build/plugins/plugin-analyzer.d.ts
921 silly gunzTarPerm extractEntry dist/core/build/plugins/plugin-chunks.d.ts
922 silly gunzTarPerm extractEntry dist/core/build/plugins/plugin-component-entry.d.ts
923 silly gunzTarPerm extractEntry dist/core/build/plugins/plugin-css.d.ts
924 silly gunzTarPerm extractEntry dist/core/build/plugins/plugin-internals.d.ts
925 silly gunzTarPerm extractEntry dist/core/build/plugins/plugin-manifest.d.ts
926 silly gunzTarPerm extractEntry dist/core/build/plugins/plugin-middleware.d.ts
927 silly gunzTarPerm extractEntry dist/core/build/plugins/plugin-pages.d.ts
928 silly gunzTarPerm extractEntry dist/core/build/plugins/plugin-prerender.d.ts
929 silly gunzTarPerm extractEntry dist/core/build/plugins/plugin-renderers.d.ts
930 silly gunzTarPerm extractEntry dist/core/build/plugins/plugin-scripts.d.ts
931 silly gunzTarPerm extractEntry dist/core/build/plugins/plugin-ssr.d.ts
932 silly gunzTarPerm extractEntry dist/core/build/plugin.d.ts
933 silly gunzTarPerm extractEntry dist/vite-plugin-astro-server/plugin.d.ts
934 silly gunzTarPerm extractEntry dist/assets/utils/vendor/image-size/types/png.d.ts
935 silly gunzTarPerm extractEntry dist/assets/utils/vendor/image-size/types/pnm.d.ts
936 silly gunzTarPerm extractEntry dist/cli/info/infra/pnpm-package-manager.d.ts
937 silly gunzTarPerm extractEntry dist/container/polyfill.d.ts
938 silly gunzTarPerm extractEntry dist/core/polyfill.d.ts
939 silly gunzTarPerm extractEntry dist/virtual-modules/prefetch.d.ts
940 silly gunzTarPerm extractEntry dist/core/routing/manifest/prerender.d.ts
941 silly gunzTarPerm extractEntry dist/types/public/preview.d.ts
942 silly gunzTarPerm extractEntry dist/core/errors/printer.d.ts
943 silly gunzTarPerm extractEntry dist/core/routing/priority.d.ts
944 silly gunzTarPerm extractEntry dist/cli/docs/infra/process-cloud-ide-provider.d.ts
945 silly gunzTarPerm extractEntry dist/cli/info/infra/process-node-version-provider.d.ts
946 silly gunzTarPerm extractEntry dist/cli/infra/process-operating-system-provider.d.ts
947 silly gunzTarPerm extractEntry dist/cli/info/infra/process-package-manager-user-agent-provider.d.ts
948 silly gunzTarPerm extractEntry dist/cli/info/infra/prompts-prompt.d.ts
949 silly gunzTarPerm extractEntry dist/assets/utils/proxy.d.ts
950 silly gunzTarPerm extractEntry dist/assets/utils/vendor/image-size/types/psd.d.ts
951 silly gunzTarPerm extractEntry dist/vite-plugin-astro/query.d.ts
952 silly gunzTarPerm extractEntry dist/assets/utils/queryParams.d.ts
953 silly gunzTarPerm extractEntry dist/runtime/client/dev-toolbar/ui-library/radio-checkbox.d.ts
954 silly gunzTarPerm extractEntry dist/core/config/schemas/refined.d.ts
955 silly gunzTarPerm extractEntry dist/jsx/rehype.d.ts
956 silly gunzTarPerm extractEntry dist/core/config/schemas/relative.d.ts
957 silly gunzTarPerm extractEntry dist/assets/build/remote.d.ts
958 silly gunzTarPerm extractEntry dist/assets/utils/remoteProbe.d.ts
959 silly gunzTarPerm extractEntry dist/core/render-context.d.ts
960 silly gunzTarPerm extractEntry dist/runtime/server/render/astro/render-template.d.ts
961 silly gunzTarPerm extractEntry dist/core/redirects/render.d.ts
962 silly gunzTarPerm extractEntry dist/runtime/server/render/astro/render.d.ts
963 silly gunzTarPerm extractEntry dist/core/render/renderer.d.ts
964 silly gunzTarPerm extractEntry dist/core/request.d.ts
965 silly gunzTarPerm extractEntry dist/core/routing/request.d.ts
966 silly gunzTarPerm extractEntry dist/vite-plugin-astro-server/request.d.ts
967 silly gunzTarPerm extractEntry dist/assets/fonts/core/resolve-family.d.ts
968 silly gunzTarPerm extractEntry dist/vite-plugin-astro-server/resolve.d.ts
969 silly gunzTarPerm extractEntry dist/assets/utils/resolveImports.d.ts
970 silly gunzTarPerm extractEntry dist/core/cookies/response.d.ts
971 silly gunzTarPerm extractEntry dist/vite-plugin-astro-server/response.d.ts
972 silly gunzTarPerm extractEntry dist/core/dev/restart.d.ts
973 silly gunzTarPerm extractEntry dist/core/routing/rewrite.d.ts
974 silly gunzTarPerm extractEntry dist/core/render/route-cache.d.ts
975 silly gunzTarPerm extractEntry dist/actions/runtime/route.d.ts
976 silly gunzTarPerm extractEntry dist/vite-plugin-astro-server/route.d.ts
977 silly gunzTarPerm extractEntry dist/transitions/router.d.ts
978 silly gunzTarPerm extractEntry dist/prerender/routing.d.ts
979 silly gunzTarPerm extractEntry dist/content/runtime-assets.d.ts
980 silly gunzTarPerm extractEntry dist/assets/fonts/runtime.d.ts
981 silly gunzTarPerm extractEntry dist/assets/runtime.d.ts
982 silly gunzTarPerm extractEntry dist/content/runtime.d.ts
983 silly gunzTarPerm extractEntry dist/core/csp/runtime.d.ts
984 silly gunzTarPerm extractEntry dist/env/runtime.d.ts
985 silly gunzTarPerm extractEntry dist/env/schema.d.ts
986 silly gunzTarPerm extractEntry dist/runtime/server/render/script.d.ts
987 silly gunzTarPerm extractEntry dist/runtime/server/scripts.d.ts
988 silly gunzTarPerm extractEntry dist/core/routing/manifest/segment.d.ts
989 silly gunzTarPerm extractEntry dist/runtime/client/dev-toolbar/ui-library/select.d.ts
990 silly gunzTarPerm extractEntry dist/core/middleware/sequence.d.ts
991 silly gunzTarPerm extractEntry dist/core/routing/manifest/serialization.d.ts
992 silly gunzTarPerm extractEntry dist/runtime/server/serialize.d.ts
993 silly gunzTarPerm extractEntry dist/runtime/server/render/server-islands.d.ts
994 silly gunzTarPerm extractEntry dist/content/server-listeners.d.ts
995 silly gunzTarPerm extractEntry dist/vite-plugin-astro-server/server-state.d.ts
996 silly gunzTarPerm extractEntry dist/actions/runtime/server.d.ts
997 silly gunzTarPerm extractEntry dist/assets/services/service.d.ts
998 silly gunzTarPerm extractEntry dist/core/session.d.ts
999 silly gunzTarPerm extractEntry dist/events/session.d.ts
1000 silly gunzTarPerm extractEntry dist/core/config/settings.d.ts
1001 silly gunzTarPerm extractEntry dist/runtime/client/dev-toolbar/apps/settings.d.ts
1002 silly gunzTarPerm extractEntry dist/runtime/client/dev-toolbar/settings.d.ts
1003 silly gunzTarPerm extractEntry dist/env/setup.d.ts
1004 silly gunzTarPerm extractEntry dist/actions/runtime/shared.d.ts
1005 silly gunzTarPerm extractEntry dist/assets/endpoint/shared.d.ts
1006 silly gunzTarPerm extractEntry dist/assets/services/sharp.d.ts
1007 silly gunzTarPerm extractEntry dist/core/shiki.d.ts
1008 silly gunzTarPerm extractEntry dist/runtime/server/shorthash.d.ts
1009 silly gunzTarPerm extractEntry dist/runtime/server/render/slot.d.ts
1010 silly gunzTarPerm extractEntry dist/core/render/slots.d.ts
1011 silly gunzTarPerm extractEntry dist/vite-plugin-html/transform/slots.d.ts
1012 silly gunzTarPerm extractEntry dist/core/render/ssr-element.d.ts
1013 silly gunzTarPerm extractEntry dist/core/build/static-build.d.ts
1014 silly gunzTarPerm extractEntry dist/core/preview/static-preview-server.d.ts
1015 silly gunzTarPerm extractEntry dist/preferences/store.d.ts
1016 silly gunzTarPerm extractEntry dist/core/compile/style.d.ts
1017 silly gunzTarPerm extractEntry dist/cli/info/infra/styled-debug-info-formatter.d.ts
1018 silly gunzTarPerm extractEntry dist/assets/utils/svg.d.ts
1019 silly gunzTarPerm extractEntry dist/assets/utils/vendor/image-size/types/svg.d.ts
1020 silly gunzTarPerm extractEntry dist/transitions/swap-functions.d.ts
1021 silly gunzTarPerm extractEntry dist/assets/fonts/sync.d.ts
1022 silly gunzTarPerm extractEntry dist/env/sync.d.ts
1023 silly gunzTarPerm extractEntry dist/assets/fonts/infra/system-fallbacks-provider.d.ts
1024 silly gunzTarPerm extractEntry dist/runtime/server/render/tags.d.ts
1025 silly gunzTarPerm extractEntry dist/assets/utils/vendor/image-size/types/tga.d.ts
1026 silly gunzTarPerm extractEntry dist/cli/throw-and-exit.d.ts
1027 silly gunzTarPerm extractEntry dist/assets/utils/vendor/image-size/types/tiff.d.ts
1028 silly gunzTarPerm extractEntry dist/core/config/timer.d.ts
1029 silly gunzTarPerm extractEntry dist/cli/infra/tinyexec-command-executor.d.ts
1030 silly gunzTarPerm extractEntry dist/runtime/client/dev-toolbar/ui-library/toggle.d.ts
1031 silly gunzTarPerm extractEntry dist/events/toolbar.d.ts
1032 silly gunzTarPerm extractEntry dist/runtime/client/dev-toolbar/toolbar.d.ts
1033 silly gunzTarPerm extractEntry dist/types/public/toolbar.d.ts
1034 silly gunzTarPerm extractEntry dist/runtime/client/dev-toolbar/ui-library/tooltip.d.ts
1035 silly gunzTarPerm extractEntry dist/vite-plugin-astro-server/trailing-slash.d.ts
1036 silly gunzTarPerm extractEntry dist/assets/utils/transformToPath.d.ts
1037 silly gunzTarPerm extractEntry dist/runtime/server/transition.d.ts
1038 silly gunzTarPerm extractEntry dist/virtual-modules/transitions-events.d.ts
1039 silly gunzTarPerm extractEntry dist/virtual-modules/transitions-router.d.ts
1040 silly gunzTarPerm extractEntry dist/virtual-modules/transitions-swap-functions.d.ts
1041 silly gunzTarPerm extractEntry dist/virtual-modules/transitions-types.d.ts
1042 silly gunzTarPerm extractEntry dist/virtual-modules/transitions.d.ts
1043 silly gunzTarPerm extractEntry dist/core/config/tsconfig.d.ts
1044 silly gunzTarPerm extractEntry dist/type-utils.d.ts
1045 silly gunzTarPerm extractEntry dist/types/typed-emitter.d.ts
1046 silly gunzTarPerm extractEntry dist/content/types-generator.d.ts
1047 silly gunzTarPerm extractEntry dist/assets/fonts/types.d.ts
1048 silly gunzTarPerm extractEntry dist/assets/types.d.ts
1049 silly gunzTarPerm extractEntry dist/content/loaders/types.d.ts
1050 silly gunzTarPerm extractEntry dist/core/app/types.d.ts
1051 silly gunzTarPerm extractEntry dist/core/build/types.d.ts
1052 silly gunzTarPerm extractEntry dist/core/compile/types.d.ts
1053 silly gunzTarPerm extractEntry dist/transitions/types.d.ts
1054 silly gunzTarPerm extractEntry dist/vite-plugin-astro/types.d.ts
1055 silly gunzTarPerm extractEntry templates/content/types.d.ts
1056 silly gunzTarPerm extractEntry types.d.ts
1057 silly gunzTarPerm extractEntry dist/assets/fonts/infra/unifont-font-resolver.d.ts
1058 silly gunzTarPerm extractEntry dist/assets/fonts/infra/unstorage-fs-storage.d.ts
1059 silly gunzTarPerm extractEntry dist/core/dev/update-check.d.ts
1060 silly gunzTarPerm extractEntry dist/assets/utils/url.d.ts
1061 silly gunzTarPerm extractEntry dist/core/errors/userError.d.ts
1062 silly gunzTarPerm extractEntry dist/core/build/plugins/util.d.ts
1063 silly gunzTarPerm extractEntry dist/core/build/util.d.ts
1064 silly gunzTarPerm extractEntry dist/core/preview/util.d.ts
1065 silly gunzTarPerm extractEntry dist/core/util.d.ts
1066 silly gunzTarPerm extractEntry dist/runtime/server/render/util.d.ts
1067 silly gunzTarPerm extractEntry dist/runtime/server/util.d.ts
1068 silly gunzTarPerm extractEntry dist/vite-plugin-astro-server/util.d.ts
1069 silly gunzTarPerm extractEntry dist/actions/runtime/utils.d.ts
1070 silly gunzTarPerm extractEntry dist/actions/utils.d.ts
1071 silly gunzTarPerm extractEntry dist/assets/fonts/utils.d.ts
1072 silly gunzTarPerm extractEntry dist/assets/utils/vendor/image-size/types/utils.d.ts
1073 silly gunzTarPerm extractEntry dist/content/utils.d.ts
1074 silly gunzTarPerm extractEntry dist/core/errors/dev/utils.d.ts
1075 silly gunzTarPerm extractEntry dist/core/errors/utils.d.ts
1076 silly gunzTarPerm extractEntry dist/i18n/utils.d.ts
1077 silly gunzTarPerm extractEntry dist/prerender/utils.d.ts
1078 silly gunzTarPerm extractEntry dist/vite-plugin-astro/utils.d.ts
1079 silly gunzTarPerm extractEntry dist/vite-plugin-html/transform/utils.d.ts
1080 silly gunzTarPerm extractEntry dist/core/app/validate-headers.d.ts
1081 silly gunzTarPerm extractEntry dist/core/config/validate.d.ts
1082 silly gunzTarPerm extractEntry dist/core/redirects/validate.d.ts
1083 silly gunzTarPerm extractEntry dist/core/routing/validation.d.ts
1084 silly gunzTarPerm extractEntry dist/env/validators.d.ts
1085 silly gunzTarPerm extractEntry dist/types/public/view-transitions.d.ts
1086 silly gunzTarPerm extractEntry dist/manifest/virtual-module.d.ts
1087 silly gunzTarPerm extractEntry dist/actions/runtime/virtual.d.ts
1088 silly gunzTarPerm extractEntry dist/runtime/client/visible.d.ts
1089 silly gunzTarPerm extractEntry dist/runtime/client/visible.prebuilt.d.ts
1090 silly gunzTarPerm extractEntry dist/core/config/vite-load.d.ts
1091 silly gunzTarPerm extractEntry dist/actions/vite-plugin-actions.d.ts
1092 silly gunzTarPerm extractEntry dist/assets/vite-plugin-assets.d.ts
1093 silly gunzTarPerm extractEntry dist/core/preview/vite-plugin-astro-preview.d.ts
1094 silly gunzTarPerm extractEntry dist/container/vite-plugin-container.d.ts
1095 silly gunzTarPerm extractEntry dist/content/vite-plugin-content-assets.d.ts
1096 silly gunzTarPerm extractEntry dist/content/vite-plugin-content-imports.d.ts
1097 silly gunzTarPerm extractEntry dist/config/vite-plugin-content-listen.d.ts
1098 silly gunzTarPerm extractEntry dist/content/vite-plugin-content-virtual-mod.d.ts
1099 silly gunzTarPerm extractEntry dist/toolbar/vite-plugin-dev-toolbar.d.ts
1100 silly gunzTarPerm extractEntry dist/env/vite-plugin-env.d.ts
1101 silly gunzTarPerm extractEntry dist/assets/fonts/vite-plugin-fonts.d.ts
1102 silly gunzTarPerm extractEntry dist/i18n/vite-plugin-i18n.d.ts
1103 silly gunzTarPerm extractEntry dist/env/vite-plugin-import-meta-env.d.ts
1104 silly gunzTarPerm extractEntry dist/prefetch/vite-plugin-prefetch.d.ts
1105 silly gunzTarPerm extractEntry dist/core/server-islands/vite-plugin-server-islands.d.ts
1106 silly gunzTarPerm extractEntry dist/transitions/vite-plugin-transitions.d.ts
1107 silly gunzTarPerm extractEntry dist/core/middleware/vite-plugin.d.ts
1108 silly gunzTarPerm extractEntry dist/core/errors/dev/vite.d.ts
1109 silly gunzTarPerm extractEntry dist/core/logger/vite.d.ts
1110 silly gunzTarPerm extractEntry dist/core/module-loader/vite.d.ts
1111 silly gunzTarPerm extractEntry dist/vite-plugin-astro-server/vite.d.ts
1112 silly gunzTarPerm extractEntry dist/core/viteUtils.d.ts
1113 silly gunzTarPerm extractEntry dist/content/watcher.d.ts
1114 silly gunzTarPerm extractEntry dist/assets/utils/vendor/image-size/types/webp.d.ts
1115 silly gunzTarPerm extractEntry dist/runtime/client/dev-toolbar/apps/utils/window.d.ts
1116 silly gunzTarPerm extractEntry dist/runtime/client/dev-toolbar/ui-library/window.d.ts
1117 silly gunzTarPerm extractEntry dist/runtime/client/dev-toolbar/apps/xray.d.ts
1118 silly gunzTarPerm extractEntry dist/assets/fonts/infra/xxhash-hasher.d.ts
1119 silly gunzTarPerm extractEntry dist/cli/info/infra/yarn-package-manager.d.ts
1120 silly gunzTarPerm extractEntry dist/core/errors/zod-error-map.d.ts
1121 silly gunzTarPerm extractEntry dist/zod.d.ts
1122 silly gunzTarPerm extractEntry LICENSE
1123 silly lockFile 32075c41-liu-portfolio-node-modules-astro tar://C:\Users\jerry\Documents\mingxu-liu-portfolio\node_modules\astro
1124 silly lockFile 32075c41-liu-portfolio-node-modules-astro tar://C:\Users\jerry\Documents\mingxu-liu-portfolio\node_modules\astro
1125 silly lockFile 07a56e67-m-cache-astro-5-18-2-package-tgz tar://C:\Users\jerry\AppData\Roaming\npm-cache\astro\5.18.2\package.tgz
1126 silly lockFile 07a56e67-m-cache-astro-5-18-2-package-tgz tar://C:\Users\jerry\AppData\Roaming\npm-cache\astro\5.18.2\package.tgz
1127 info preinstall astro@5.18.2
1128 verbose readDependencies using package.json deps
1129 verbose readDependencies using package.json deps
1130 verbose cache add [ '@astrojs/compiler@^2.13.0', null ]
1131 verbose cache add name=undefined spec="@astrojs/compiler@^2.13.0" args=["@astrojs/compiler@^2.13.0",null]
1132 verbose parsed url { protocol: null,
1132 verbose parsed url   slashes: null,
1132 verbose parsed url   auth: null,
1132 verbose parsed url   host: null,
1132 verbose parsed url   port: null,
1132 verbose parsed url   hostname: null,
1132 verbose parsed url   hash: null,
1132 verbose parsed url   search: null,
1132 verbose parsed url   query: null,
1132 verbose parsed url   pathname: '@astrojs/compiler@%5E2.13.0',
1132 verbose parsed url   path: '@astrojs/compiler@%5E2.13.0',
1132 verbose parsed url   href: '@astrojs/compiler@%5E2.13.0' }
1133 verbose cache add [ '@capsizecss/unpack@^4.0.0', null ]
1134 verbose cache add name=undefined spec="@capsizecss/unpack@^4.0.0" args=["@capsizecss/unpack@^4.0.0",null]
1135 verbose parsed url { protocol: null,
1135 verbose parsed url   slashes: null,
1135 verbose parsed url   auth: null,
1135 verbose parsed url   host: null,
1135 verbose parsed url   port: null,
1135 verbose parsed url   hostname: null,
1135 verbose parsed url   hash: null,
1135 verbose parsed url   search: null,
1135 verbose parsed url   query: null,
1135 verbose parsed url   pathname: '@capsizecss/unpack@%5E4.0.0',
1135 verbose parsed url   path: '@capsizecss/unpack@%5E4.0.0',
1135 verbose parsed url   href: '@capsizecss/unpack@%5E4.0.0' }
1136 verbose cache add name="" spec="astrojs/compiler@^2.13.0" args=["","astrojs/compiler@^2.13.0"]
1137 verbose parsed url { protocol: null,
1137 verbose parsed url   slashes: null,
1137 verbose parsed url   auth: null,
1137 verbose parsed url   host: null,
1137 verbose parsed url   port: null,
1137 verbose parsed url   hostname: null,
1137 verbose parsed url   hash: null,
1137 verbose parsed url   search: null,
1137 verbose parsed url   query: null,
1137 verbose parsed url   pathname: 'astrojs/compiler@%5E2.13.0',
1137 verbose parsed url   path: 'astrojs/compiler@%5E2.13.0',
1137 verbose parsed url   href: 'astrojs/compiler@%5E2.13.0' }
1138 verbose cache add name="" spec="capsizecss/unpack@^4.0.0" args=["","capsizecss/unpack@^4.0.0"]
1139 verbose parsed url { protocol: null,
1139 verbose parsed url   slashes: null,
1139 verbose parsed url   auth: null,
1139 verbose parsed url   host: null,
1139 verbose parsed url   port: null,
1139 verbose parsed url   hostname: null,
1139 verbose parsed url   hash: null,
1139 verbose parsed url   search: null,
1139 verbose parsed url   query: null,
1139 verbose parsed url   pathname: 'capsizecss/unpack@%5E4.0.0',
1139 verbose parsed url   path: 'capsizecss/unpack@%5E4.0.0',
1139 verbose parsed url   href: 'capsizecss/unpack@%5E4.0.0' }
1140 verbose cache add [ '@oslojs/encoding@^1.1.0', null ]
1141 verbose cache add name=undefined spec="@oslojs/encoding@^1.1.0" args=["@oslojs/encoding@^1.1.0",null]
1142 verbose parsed url { protocol: null,
1142 verbose parsed url   slashes: null,
1142 verbose parsed url   auth: null,
1142 verbose parsed url   host: null,
1142 verbose parsed url   port: null,
1142 verbose parsed url   hostname: null,
1142 verbose parsed url   hash: null,
1142 verbose parsed url   search: null,
1142 verbose parsed url   query: null,
1142 verbose parsed url   pathname: '@oslojs/encoding@%5E1.1.0',
1142 verbose parsed url   path: '@oslojs/encoding@%5E1.1.0',
1142 verbose parsed url   href: '@oslojs/encoding@%5E1.1.0' }
1143 verbose cache add name="astrojs/compiler" spec="^2.13.0" args=["astrojs/compiler","^2.13.0"]
1144 verbose parsed url { protocol: null,
1144 verbose parsed url   slashes: null,
1144 verbose parsed url   auth: null,
1144 verbose parsed url   host: null,
1144 verbose parsed url   port: null,
1144 verbose parsed url   hostname: null,
1144 verbose parsed url   hash: null,
1144 verbose parsed url   search: null,
1144 verbose parsed url   query: null,
1144 verbose parsed url   pathname: '%5E2.13.0',
1144 verbose parsed url   path: '%5E2.13.0',
1144 verbose parsed url   href: '%5E2.13.0' }
1145 verbose addNamed [ 'astrojs/compiler', '^2.13.0' ]
1146 verbose addNamed [ null, '>=2.13.0-0 <3.0.0-0' ]
1147 silly lockFile 430ebac9-astrojs-compiler-2-13-0 astrojs/compiler@^2.13.0
1148 verbose lock astrojs/compiler@^2.13.0 C:\Users\jerry\AppData\Roaming\npm-cache\430ebac9-astrojs-compiler-2-13-0.lock
1149 verbose cache add name="capsizecss/unpack" spec="^4.0.0" args=["capsizecss/unpack","^4.0.0"]
1150 verbose parsed url { protocol: null,
1150 verbose parsed url   slashes: null,
1150 verbose parsed url   auth: null,
1150 verbose parsed url   host: null,
1150 verbose parsed url   port: null,
1150 verbose parsed url   hostname: null,
1150 verbose parsed url   hash: null,
1150 verbose parsed url   search: null,
1150 verbose parsed url   query: null,
1150 verbose parsed url   pathname: '%5E4.0.0',
1150 verbose parsed url   path: '%5E4.0.0',
1150 verbose parsed url   href: '%5E4.0.0' }
1151 verbose addNamed [ 'capsizecss/unpack', '^4.0.0' ]
1152 verbose addNamed [ null, '>=4.0.0-0 <5.0.0-0' ]
1153 silly lockFile f2a40acf-capsizecss-unpack-4-0-0 capsizecss/unpack@^4.0.0
1154 verbose lock capsizecss/unpack@^4.0.0 C:\Users\jerry\AppData\Roaming\npm-cache\f2a40acf-capsizecss-unpack-4-0-0.lock
1155 verbose cache add [ '@rollup/pluginutils@^5.3.0', null ]
1156 verbose cache add name=undefined spec="@rollup/pluginutils@^5.3.0" args=["@rollup/pluginutils@^5.3.0",null]
1157 verbose parsed url { protocol: null,
1157 verbose parsed url   slashes: null,
1157 verbose parsed url   auth: null,
1157 verbose parsed url   host: null,
1157 verbose parsed url   port: null,
1157 verbose parsed url   hostname: null,
1157 verbose parsed url   hash: null,
1157 verbose parsed url   search: null,
1157 verbose parsed url   query: null,
1157 verbose parsed url   pathname: '@rollup/pluginutils@%5E5.3.0',
1157 verbose parsed url   path: '@rollup/pluginutils@%5E5.3.0',
1157 verbose parsed url   href: '@rollup/pluginutils@%5E5.3.0' }
1158 verbose cache add name="" spec="oslojs/encoding@^1.1.0" args=["","oslojs/encoding@^1.1.0"]
1159 verbose parsed url { protocol: null,
1159 verbose parsed url   slashes: null,
1159 verbose parsed url   auth: null,
1159 verbose parsed url   host: null,
1159 verbose parsed url   port: null,
1159 verbose parsed url   hostname: null,
1159 verbose parsed url   hash: null,
1159 verbose parsed url   search: null,
1159 verbose parsed url   query: null,
1159 verbose parsed url   pathname: 'oslojs/encoding@%5E1.1.0',
1159 verbose parsed url   path: 'oslojs/encoding@%5E1.1.0',
1159 verbose parsed url   href: 'oslojs/encoding@%5E1.1.0' }
1160 verbose cache add name="" spec="rollup/pluginutils@^5.3.0" args=["","rollup/pluginutils@^5.3.0"]
1161 verbose parsed url { protocol: null,
1161 verbose parsed url   slashes: null,
1161 verbose parsed url   auth: null,
1161 verbose parsed url   host: null,
1161 verbose parsed url   port: null,
1161 verbose parsed url   hostname: null,
1161 verbose parsed url   hash: null,
1161 verbose parsed url   search: null,
1161 verbose parsed url   query: null,
1161 verbose parsed url   pathname: 'rollup/pluginutils@%5E5.3.0',
1161 verbose parsed url   path: 'rollup/pluginutils@%5E5.3.0',
1161 verbose parsed url   href: 'rollup/pluginutils@%5E5.3.0' }
1162 verbose cache add name="oslojs/encoding" spec="^1.1.0" args=["oslojs/encoding","^1.1.0"]
1163 verbose parsed url { protocol: null,
1163 verbose parsed url   slashes: null,
1163 verbose parsed url   auth: null,
1163 verbose parsed url   host: null,
1163 verbose parsed url   port: null,
1163 verbose parsed url   hostname: null,
1163 verbose parsed url   hash: null,
1163 verbose parsed url   search: null,
1163 verbose parsed url   query: null,
1163 verbose parsed url   pathname: '%5E1.1.0',
1163 verbose parsed url   path: '%5E1.1.0',
1163 verbose parsed url   href: '%5E1.1.0' }
1164 verbose addNamed [ 'oslojs/encoding', '^1.1.0' ]
1165 verbose addNamed [ null, '>=1.1.0-0 <2.0.0-0' ]
1166 silly lockFile bf47819a-oslojs-encoding-1-1-0 oslojs/encoding@^1.1.0
1167 verbose lock oslojs/encoding@^1.1.0 C:\Users\jerry\AppData\Roaming\npm-cache\bf47819a-oslojs-encoding-1-1-0.lock
1168 verbose cache add name="rollup/pluginutils" spec="^5.3.0" args=["rollup/pluginutils","^5.3.0"]
1169 verbose parsed url { protocol: null,
1169 verbose parsed url   slashes: null,
1169 verbose parsed url   auth: null,
1169 verbose parsed url   host: null,
1169 verbose parsed url   port: null,
1169 verbose parsed url   hostname: null,
1169 verbose parsed url   hash: null,
1169 verbose parsed url   search: null,
1169 verbose parsed url   query: null,
1169 verbose parsed url   pathname: '%5E5.3.0',
1169 verbose parsed url   path: '%5E5.3.0',
1169 verbose parsed url   href: '%5E5.3.0' }
1170 verbose addNamed [ 'rollup/pluginutils', '^5.3.0' ]
1171 verbose addNamed [ null, '>=5.3.0-0 <6.0.0-0' ]
1172 silly lockFile b550a349-rollup-pluginutils-5-3-0 rollup/pluginutils@^5.3.0
1173 verbose lock rollup/pluginutils@^5.3.0 C:\Users\jerry\AppData\Roaming\npm-cache\b550a349-rollup-pluginutils-5-3-0.lock
1174 silly addNameRange { name: 'astrojs/compiler',
1174 silly addNameRange   range: '>=2.13.0-0 <3.0.0-0',
1174 silly addNameRange   hasData: false }
1175 verbose cache add [ 'acorn@^8.15.0', null ]
1176 verbose cache add name=undefined spec="acorn@^8.15.0" args=["acorn@^8.15.0",null]
1177 verbose parsed url { protocol: null,
1177 verbose parsed url   slashes: null,
1177 verbose parsed url   auth: null,
1177 verbose parsed url   host: null,
1177 verbose parsed url   port: null,
1177 verbose parsed url   hostname: null,
1177 verbose parsed url   hash: null,
1177 verbose parsed url   search: null,
1177 verbose parsed url   query: null,
1177 verbose parsed url   pathname: 'acorn@%5E8.15.0',
1177 verbose parsed url   path: 'acorn@%5E8.15.0',
1177 verbose parsed url   href: 'acorn@%5E8.15.0' }
1178 verbose url raw astrojs/compiler
1179 verbose url resolving [ 'https://registry.npmjs.org/', './astrojs/compiler' ]
1180 verbose url resolved https://registry.npmjs.org/astrojs/compiler
1181 info trying registry request attempt 1 at 16:50:21
1182 http GET https://registry.npmjs.org/astrojs/compiler
1183 verbose cache add [ 'aria-query@^5.3.2', null ]
1184 verbose cache add name=undefined spec="aria-query@^5.3.2" args=["aria-query@^5.3.2",null]
1185 verbose parsed url { protocol: null,
1185 verbose parsed url   slashes: null,
1185 verbose parsed url   auth: null,
1185 verbose parsed url   host: null,
1185 verbose parsed url   port: null,
1185 verbose parsed url   hostname: null,
1185 verbose parsed url   hash: null,
1185 verbose parsed url   search: null,
1185 verbose parsed url   query: null,
1185 verbose parsed url   pathname: 'aria-query@%5E5.3.2',
1185 verbose parsed url   path: 'aria-query@%5E5.3.2',
1185 verbose parsed url   href: 'aria-query@%5E5.3.2' }
1186 verbose cache add [ 'axobject-query@^4.1.0', null ]
1187 verbose cache add name=undefined spec="axobject-query@^4.1.0" args=["axobject-query@^4.1.0",null]
1188 verbose parsed url { protocol: null,
1188 verbose parsed url   slashes: null,
1188 verbose parsed url   auth: null,
1188 verbose parsed url   host: null,
1188 verbose parsed url   port: null,
1188 verbose parsed url   hostname: null,
1188 verbose parsed url   hash: null,
1188 verbose parsed url   search: null,
1188 verbose parsed url   query: null,
1188 verbose parsed url   pathname: 'axobject-query@%5E4.1.0',
1188 verbose parsed url   path: 'axobject-query@%5E4.1.0',
1188 verbose parsed url   href: 'axobject-query@%5E4.1.0' }
1189 verbose cache add name="acorn" spec="^8.15.0" args=["acorn","^8.15.0"]
1190 verbose parsed url { protocol: null,
1190 verbose parsed url   slashes: null,
1190 verbose parsed url   auth: null,
1190 verbose parsed url   host: null,
1190 verbose parsed url   port: null,
1190 verbose parsed url   hostname: null,
1190 verbose parsed url   hash: null,
1190 verbose parsed url   search: null,
1190 verbose parsed url   query: null,
1190 verbose parsed url   pathname: '%5E8.15.0',
1190 verbose parsed url   path: '%5E8.15.0',
1190 verbose parsed url   href: '%5E8.15.0' }
1191 verbose addNamed [ 'acorn', '^8.15.0' ]
1192 verbose addNamed [ null, '>=8.15.0-0 <9.0.0-0' ]
1193 silly lockFile 60479501-acorn-8-15-0 acorn@^8.15.0
1194 verbose lock acorn@^8.15.0 C:\Users\jerry\AppData\Roaming\npm-cache\60479501-acorn-8-15-0.lock
1195 silly addNameRange { name: 'capsizecss/unpack',
1195 silly addNameRange   range: '>=4.0.0-0 <5.0.0-0',
1195 silly addNameRange   hasData: false }
1196 silly addNameRange { name: 'oslojs/encoding',
1196 silly addNameRange   range: '>=1.1.0-0 <2.0.0-0',
1196 silly addNameRange   hasData: false }
1197 silly addNameRange { name: 'rollup/pluginutils',
1197 silly addNameRange   range: '>=5.3.0-0 <6.0.0-0',
1197 silly addNameRange   hasData: false }
1198 verbose cache add name="aria-query" spec="^5.3.2" args=["aria-query","^5.3.2"]
1199 verbose parsed url { protocol: null,
1199 verbose parsed url   slashes: null,
1199 verbose parsed url   auth: null,
1199 verbose parsed url   host: null,
1199 verbose parsed url   port: null,
1199 verbose parsed url   hostname: null,
1199 verbose parsed url   hash: null,
1199 verbose parsed url   search: null,
1199 verbose parsed url   query: null,
1199 verbose parsed url   pathname: '%5E5.3.2',
1199 verbose parsed url   path: '%5E5.3.2',
1199 verbose parsed url   href: '%5E5.3.2' }
1200 verbose addNamed [ 'aria-query', '^5.3.2' ]
1201 verbose addNamed [ null, '>=5.3.2-0 <6.0.0-0' ]
1202 silly lockFile 624e5222-aria-query-5-3-2 aria-query@^5.3.2
1203 verbose lock aria-query@^5.3.2 C:\Users\jerry\AppData\Roaming\npm-cache\624e5222-aria-query-5-3-2.lock
1204 verbose cache add [ 'boxen@8.0.1', null ]
1205 verbose cache add name=undefined spec="boxen@8.0.1" args=["boxen@8.0.1",null]
1206 verbose parsed url { protocol: null,
1206 verbose parsed url   slashes: null,
1206 verbose parsed url   auth: null,
1206 verbose parsed url   host: null,
1206 verbose parsed url   port: null,
1206 verbose parsed url   hostname: null,
1206 verbose parsed url   hash: null,
1206 verbose parsed url   search: null,
1206 verbose parsed url   query: null,
1206 verbose parsed url   pathname: 'boxen@8.0.1',
1206 verbose parsed url   path: 'boxen@8.0.1',
1206 verbose parsed url   href: 'boxen@8.0.1' }
1207 verbose cache add [ 'ci-info@^4.3.1', null ]
1208 verbose cache add name=undefined spec="ci-info@^4.3.1" args=["ci-info@^4.3.1",null]
1209 verbose parsed url { protocol: null,
1209 verbose parsed url   slashes: null,
1209 verbose parsed url   auth: null,
1209 verbose parsed url   host: null,
1209 verbose parsed url   port: null,
1209 verbose parsed url   hostname: null,
1209 verbose parsed url   hash: null,
1209 verbose parsed url   search: null,
1209 verbose parsed url   query: null,
1209 verbose parsed url   pathname: 'ci-info@%5E4.3.1',
1209 verbose parsed url   path: 'ci-info@%5E4.3.1',
1209 verbose parsed url   href: 'ci-info@%5E4.3.1' }
1210 verbose cache add name="axobject-query" spec="^4.1.0" args=["axobject-query","^4.1.0"]
1211 verbose parsed url { protocol: null,
1211 verbose parsed url   slashes: null,
1211 verbose parsed url   auth: null,
1211 verbose parsed url   host: null,
1211 verbose parsed url   port: null,
1211 verbose parsed url   hostname: null,
1211 verbose parsed url   hash: null,
1211 verbose parsed url   search: null,
1211 verbose parsed url   query: null,
1211 verbose parsed url   pathname: '%5E4.1.0',
1211 verbose parsed url   path: '%5E4.1.0',
1211 verbose parsed url   href: '%5E4.1.0' }
1212 verbose addNamed [ 'axobject-query', '^4.1.0' ]
1213 verbose addNamed [ null, '>=4.1.0-0 <5.0.0-0' ]
1214 silly lockFile 8fe8f927-axobject-query-4-1-0 axobject-query@^4.1.0
1215 verbose lock axobject-query@^4.1.0 C:\Users\jerry\AppData\Roaming\npm-cache\8fe8f927-axobject-query-4-1-0.lock
1216 verbose url raw capsizecss/unpack
1217 verbose url resolving [ 'https://registry.npmjs.org/', './capsizecss/unpack' ]
1218 verbose url resolved https://registry.npmjs.org/capsizecss/unpack
1219 info trying registry request attempt 1 at 16:50:21
1220 http GET https://registry.npmjs.org/capsizecss/unpack
1221 verbose url raw oslojs/encoding
1222 verbose url resolving [ 'https://registry.npmjs.org/', './oslojs/encoding' ]
1223 verbose url resolved https://registry.npmjs.org/oslojs/encoding
1224 info trying registry request attempt 1 at 16:50:21
1225 http GET https://registry.npmjs.org/oslojs/encoding
1226 verbose url raw rollup/pluginutils
1227 verbose url resolving [ 'https://registry.npmjs.org/', './rollup/pluginutils' ]
1228 verbose url resolved https://registry.npmjs.org/rollup/pluginutils
1229 info trying registry request attempt 1 at 16:50:21
1230 http GET https://registry.npmjs.org/rollup/pluginutils
1231 verbose cache add name="boxen" spec="8.0.1" args=["boxen","8.0.1"]
1232 verbose parsed url { protocol: null,
1232 verbose parsed url   slashes: null,
1232 verbose parsed url   auth: null,
1232 verbose parsed url   host: null,
1232 verbose parsed url   port: null,
1232 verbose parsed url   hostname: null,
1232 verbose parsed url   hash: null,
1232 verbose parsed url   search: null,
1232 verbose parsed url   query: null,
1232 verbose parsed url   pathname: '8.0.1',
1232 verbose parsed url   path: '8.0.1',
1232 verbose parsed url   href: '8.0.1' }
1233 verbose addNamed [ 'boxen', '8.0.1' ]
1234 verbose addNamed [ '8.0.1', '8.0.1' ]
1235 silly lockFile fa99b79d-boxen-8-0-1 boxen@8.0.1
1236 verbose lock boxen@8.0.1 C:\Users\jerry\AppData\Roaming\npm-cache\fa99b79d-boxen-8-0-1.lock
1237 verbose cache add [ 'clsx@^2.1.1', null ]
1238 verbose cache add name=undefined spec="clsx@^2.1.1" args=["clsx@^2.1.1",null]
1239 verbose parsed url { protocol: null,
1239 verbose parsed url   slashes: null,
1239 verbose parsed url   auth: null,
1239 verbose parsed url   host: null,
1239 verbose parsed url   port: null,
1239 verbose parsed url   hostname: null,
1239 verbose parsed url   hash: null,
1239 verbose parsed url   search: null,
1239 verbose parsed url   query: null,
1239 verbose parsed url   pathname: 'clsx@%5E2.1.1',
1239 verbose parsed url   path: 'clsx@%5E2.1.1',
1239 verbose parsed url   href: 'clsx@%5E2.1.1' }
1240 verbose cache add [ 'common-ancestor-path@^1.0.1', null ]
1241 verbose cache add name=undefined spec="common-ancestor-path@^1.0.1" args=["common-ancestor-path@^1.0.1",null]
1242 verbose parsed url { protocol: null,
1242 verbose parsed url   slashes: null,
1242 verbose parsed url   auth: null,
1242 verbose parsed url   host: null,
1242 verbose parsed url   port: null,
1242 verbose parsed url   hostname: null,
1242 verbose parsed url   hash: null,
1242 verbose parsed url   search: null,
1242 verbose parsed url   query: null,
1242 verbose parsed url   pathname: 'common-ancestor-path@%5E1.0.1',
1242 verbose parsed url   path: 'common-ancestor-path@%5E1.0.1',
1242 verbose parsed url   href: 'common-ancestor-path@%5E1.0.1' }
1243 verbose cache add [ 'cookie@^1.1.1', null ]
1244 verbose cache add name=undefined spec="cookie@^1.1.1" args=["cookie@^1.1.1",null]
1245 verbose parsed url { protocol: null,
1245 verbose parsed url   slashes: null,
1245 verbose parsed url   auth: null,
1245 verbose parsed url   host: null,
1245 verbose parsed url   port: null,
1245 verbose parsed url   hostname: null,
1245 verbose parsed url   hash: null,
1245 verbose parsed url   search: null,
1245 verbose parsed url   query: null,
1245 verbose parsed url   pathname: 'cookie@%5E1.1.1',
1245 verbose parsed url   path: 'cookie@%5E1.1.1',
1245 verbose parsed url   href: 'cookie@%5E1.1.1' }
1246 verbose cache add name="ci-info" spec="^4.3.1" args=["ci-info","^4.3.1"]
1247 verbose parsed url { protocol: null,
1247 verbose parsed url   slashes: null,
1247 verbose parsed url   auth: null,
1247 verbose parsed url   host: null,
1247 verbose parsed url   port: null,
1247 verbose parsed url   hostname: null,
1247 verbose parsed url   hash: null,
1247 verbose parsed url   search: null,
1247 verbose parsed url   query: null,
1247 verbose parsed url   pathname: '%5E4.3.1',
1247 verbose parsed url   path: '%5E4.3.1',
1247 verbose parsed url   href: '%5E4.3.1' }
1248 verbose addNamed [ 'ci-info', '^4.3.1' ]
1249 verbose addNamed [ null, '>=4.3.1-0 <5.0.0-0' ]
1250 silly lockFile 254ebbf1-ci-info-4-3-1 ci-info@^4.3.1
1251 verbose lock ci-info@^4.3.1 C:\Users\jerry\AppData\Roaming\npm-cache\254ebbf1-ci-info-4-3-1.lock
1252 silly addNameRange { name: 'acorn', range: '>=8.15.0-0 <9.0.0-0', hasData: false }
1253 verbose cache add name="clsx" spec="^2.1.1" args=["clsx","^2.1.1"]
1254 verbose parsed url { protocol: null,
1254 verbose parsed url   slashes: null,
1254 verbose parsed url   auth: null,
1254 verbose parsed url   host: null,
1254 verbose parsed url   port: null,
1254 verbose parsed url   hostname: null,
1254 verbose parsed url   hash: null,
1254 verbose parsed url   search: null,
1254 verbose parsed url   query: null,
1254 verbose parsed url   pathname: '%5E2.1.1',
1254 verbose parsed url   path: '%5E2.1.1',
1254 verbose parsed url   href: '%5E2.1.1' }
1255 verbose addNamed [ 'clsx', '^2.1.1' ]
1256 verbose addNamed [ null, '>=2.1.1-0 <3.0.0-0' ]
1257 silly lockFile 0fe28845-clsx-2-1-1 clsx@^2.1.1
1258 verbose lock clsx@^2.1.1 C:\Users\jerry\AppData\Roaming\npm-cache\0fe28845-clsx-2-1-1.lock
1259 verbose cache add name="common-ancestor-path" spec="^1.0.1" args=["common-ancestor-path","^1.0.1"]
1260 verbose parsed url { protocol: null,
1260 verbose parsed url   slashes: null,
1260 verbose parsed url   auth: null,
1260 verbose parsed url   host: null,
1260 verbose parsed url   port: null,
1260 verbose parsed url   hostname: null,
1260 verbose parsed url   hash: null,
1260 verbose parsed url   search: null,
1260 verbose parsed url   query: null,
1260 verbose parsed url   pathname: '%5E1.0.1',
1260 verbose parsed url   path: '%5E1.0.1',
1260 verbose parsed url   href: '%5E1.0.1' }
1261 verbose addNamed [ 'common-ancestor-path', '^1.0.1' ]
1262 verbose addNamed [ null, '>=1.0.1-0 <2.0.0-0' ]
1263 silly lockFile 1649745b-common-ancestor-path-1-0-1 common-ancestor-path@^1.0.1
1264 verbose lock common-ancestor-path@^1.0.1 C:\Users\jerry\AppData\Roaming\npm-cache\1649745b-common-ancestor-path-1-0-1.lock
1265 verbose cache add [ 'cssesc@^3.0.0', null ]
1266 verbose cache add name=undefined spec="cssesc@^3.0.0" args=["cssesc@^3.0.0",null]
1267 verbose parsed url { protocol: null,
1267 verbose parsed url   slashes: null,
1267 verbose parsed url   auth: null,
1267 verbose parsed url   host: null,
1267 verbose parsed url   port: null,
1267 verbose parsed url   hostname: null,
1267 verbose parsed url   hash: null,
1267 verbose parsed url   search: null,
1267 verbose parsed url   query: null,
1267 verbose parsed url   pathname: 'cssesc@%5E3.0.0',
1267 verbose parsed url   path: 'cssesc@%5E3.0.0',
1267 verbose parsed url   href: 'cssesc@%5E3.0.0' }
1268 verbose cache add name="cookie" spec="^1.1.1" args=["cookie","^1.1.1"]
1269 verbose parsed url { protocol: null,
1269 verbose parsed url   slashes: null,
1269 verbose parsed url   auth: null,
1269 verbose parsed url   host: null,
1269 verbose parsed url   port: null,
1269 verbose parsed url   hostname: null,
1269 verbose parsed url   hash: null,
1269 verbose parsed url   search: null,
1269 verbose parsed url   query: null,
1269 verbose parsed url   pathname: '%5E1.1.1',
1269 verbose parsed url   path: '%5E1.1.1',
1269 verbose parsed url   href: '%5E1.1.1' }
1270 verbose addNamed [ 'cookie', '^1.1.1' ]
1271 verbose addNamed [ null, '>=1.1.1-0 <2.0.0-0' ]
1272 silly lockFile a17f8d96-cookie-1-1-1 cookie@^1.1.1
1273 verbose lock cookie@^1.1.1 C:\Users\jerry\AppData\Roaming\npm-cache\a17f8d96-cookie-1-1-1.lock
1274 silly addNameRange { name: 'aria-query',
1274 silly addNameRange   range: '>=5.3.2-0 <6.0.0-0',
1274 silly addNameRange   hasData: false }
1275 silly addNameRange { name: 'axobject-query',
1275 silly addNameRange   range: '>=4.1.0-0 <5.0.0-0',
1275 silly addNameRange   hasData: false }
1276 verbose url raw acorn
1277 verbose url resolving [ 'https://registry.npmjs.org/', './acorn' ]
1278 verbose url resolved https://registry.npmjs.org/acorn
1279 info trying registry request attempt 1 at 16:50:21
1280 http GET https://registry.npmjs.org/acorn
1281 verbose cache add [ 'debug@^4.4.3', null ]
1282 verbose cache add name=undefined spec="debug@^4.4.3" args=["debug@^4.4.3",null]
1283 verbose parsed url { protocol: null,
1283 verbose parsed url   slashes: null,
1283 verbose parsed url   auth: null,
1283 verbose parsed url   host: null,
1283 verbose parsed url   port: null,
1283 verbose parsed url   hostname: null,
1283 verbose parsed url   hash: null,
1283 verbose parsed url   search: null,
1283 verbose parsed url   query: null,
1283 verbose parsed url   pathname: 'debug@%5E4.4.3',
1283 verbose parsed url   path: 'debug@%5E4.4.3',
1283 verbose parsed url   href: 'debug@%5E4.4.3' }
1284 verbose cache add [ 'deterministic-object-hash@^2.0.2', null ]
1285 verbose cache add name=undefined spec="deterministic-object-hash@^2.0.2" args=["deterministic-object-hash@^2.0.2",null]
1286 verbose parsed url { protocol: null,
1286 verbose parsed url   slashes: null,
1286 verbose parsed url   auth: null,
1286 verbose parsed url   host: null,
1286 verbose parsed url   port: null,
1286 verbose parsed url   hostname: null,
1286 verbose parsed url   hash: null,
1286 verbose parsed url   search: null,
1286 verbose parsed url   query: null,
1286 verbose parsed url   pathname: 'deterministic-object-hash@%5E2.0.2',
1286 verbose parsed url   path: 'deterministic-object-hash@%5E2.0.2',
1286 verbose parsed url   href: 'deterministic-object-hash@%5E2.0.2' }
1287 verbose cache add name="cssesc" spec="^3.0.0" args=["cssesc","^3.0.0"]
1288 verbose parsed url { protocol: null,
1288 verbose parsed url   slashes: null,
1288 verbose parsed url   auth: null,
1288 verbose parsed url   host: null,
1288 verbose parsed url   port: null,
1288 verbose parsed url   hostname: null,
1288 verbose parsed url   hash: null,
1288 verbose parsed url   search: null,
1288 verbose parsed url   query: null,
1288 verbose parsed url   pathname: '%5E3.0.0',
1288 verbose parsed url   path: '%5E3.0.0',
1288 verbose parsed url   href: '%5E3.0.0' }
1289 verbose addNamed [ 'cssesc', '^3.0.0' ]
1290 verbose addNamed [ null, '>=3.0.0-0 <4.0.0-0' ]
1291 silly lockFile e965db62-cssesc-3-0-0 cssesc@^3.0.0
1292 verbose lock cssesc@^3.0.0 C:\Users\jerry\AppData\Roaming\npm-cache\e965db62-cssesc-3-0-0.lock
1293 verbose url raw aria-query
1294 verbose url resolving [ 'https://registry.npmjs.org/', './aria-query' ]
1295 verbose url resolved https://registry.npmjs.org/aria-query
1296 info trying registry request attempt 1 at 16:50:21
1297 http GET https://registry.npmjs.org/aria-query
1298 verbose url raw axobject-query
1299 verbose url resolving [ 'https://registry.npmjs.org/', './axobject-query' ]
1300 verbose url resolved https://registry.npmjs.org/axobject-query
1301 info trying registry request attempt 1 at 16:50:21
1302 http GET https://registry.npmjs.org/axobject-query
1303 silly addNameRange { name: 'ci-info', range: '>=4.3.1-0 <5.0.0-0', hasData: false }
1304 silly addNameRange { name: 'clsx', range: '>=2.1.1-0 <3.0.0-0', hasData: false }
1305 verbose cache add name="debug" spec="^4.4.3" args=["debug","^4.4.3"]
1306 verbose parsed url { protocol: null,
1306 verbose parsed url   slashes: null,
1306 verbose parsed url   auth: null,
1306 verbose parsed url   host: null,
1306 verbose parsed url   port: null,
1306 verbose parsed url   hostname: null,
1306 verbose parsed url   hash: null,
1306 verbose parsed url   search: null,
1306 verbose parsed url   query: null,
1306 verbose parsed url   pathname: '%5E4.4.3',
1306 verbose parsed url   path: '%5E4.4.3',
1306 verbose parsed url   href: '%5E4.4.3' }
1307 verbose addNamed [ 'debug', '^4.4.3' ]
1308 verbose addNamed [ null, '>=4.4.3-0 <5.0.0-0' ]
1309 silly lockFile 087f871a-debug-4-4-3 debug@^4.4.3
1310 verbose lock debug@^4.4.3 C:\Users\jerry\AppData\Roaming\npm-cache\087f871a-debug-4-4-3.lock
1311 verbose cache add [ 'devalue@^5.6.2', null ]
1312 verbose cache add name=undefined spec="devalue@^5.6.2" args=["devalue@^5.6.2",null]
1313 verbose parsed url { protocol: null,
1313 verbose parsed url   slashes: null,
1313 verbose parsed url   auth: null,
1313 verbose parsed url   host: null,
1313 verbose parsed url   port: null,
1313 verbose parsed url   hostname: null,
1313 verbose parsed url   hash: null,
1313 verbose parsed url   search: null,
1313 verbose parsed url   query: null,
1313 verbose parsed url   pathname: 'devalue@%5E5.6.2',
1313 verbose parsed url   path: 'devalue@%5E5.6.2',
1313 verbose parsed url   href: 'devalue@%5E5.6.2' }
1314 verbose cache add [ 'diff@^8.0.3', null ]
1315 verbose cache add name=undefined spec="diff@^8.0.3" args=["diff@^8.0.3",null]
1316 verbose parsed url { protocol: null,
1316 verbose parsed url   slashes: null,
1316 verbose parsed url   auth: null,
1316 verbose parsed url   host: null,
1316 verbose parsed url   port: null,
1316 verbose parsed url   hostname: null,
1316 verbose parsed url   hash: null,
1316 verbose parsed url   search: null,
1316 verbose parsed url   query: null,
1316 verbose parsed url   pathname: 'diff@%5E8.0.3',
1316 verbose parsed url   path: 'diff@%5E8.0.3',
1316 verbose parsed url   href: 'diff@%5E8.0.3' }
1317 verbose cache add name="deterministic-object-hash" spec="^2.0.2" args=["deterministic-object-hash","^2.0.2"]
1318 verbose parsed url { protocol: null,
1318 verbose parsed url   slashes: null,
1318 verbose parsed url   auth: null,
1318 verbose parsed url   host: null,
1318 verbose parsed url   port: null,
1318 verbose parsed url   hostname: null,
1318 verbose parsed url   hash: null,
1318 verbose parsed url   search: null,
1318 verbose parsed url   query: null,
1318 verbose parsed url   pathname: '%5E2.0.2',
1318 verbose parsed url   path: '%5E2.0.2',
1318 verbose parsed url   href: '%5E2.0.2' }
1319 verbose addNamed [ 'deterministic-object-hash', '^2.0.2' ]
1320 verbose addNamed [ null, '>=2.0.2-0 <3.0.0-0' ]
1321 silly lockFile f2c75dce-deterministic-object-hash-2-0-2 deterministic-object-hash@^2.0.2
1322 verbose lock deterministic-object-hash@^2.0.2 C:\Users\jerry\AppData\Roaming\npm-cache\f2c75dce-deterministic-object-hash-2-0-2.lock
1323 silly addNameRange { name: 'common-ancestor-path',
1323 silly addNameRange   range: '>=1.0.1-0 <2.0.0-0',
1323 silly addNameRange   hasData: false }
1324 verbose url raw boxen
1325 verbose url resolving [ 'https://registry.npmjs.org/', './boxen' ]
1326 verbose url resolved https://registry.npmjs.org/boxen
1327 info trying registry request attempt 1 at 16:50:21
1328 http GET https://registry.npmjs.org/boxen
1329 silly addNameRange { name: 'cookie', range: '>=1.1.1-0 <2.0.0-0', hasData: false }
1330 verbose url raw ci-info
1331 verbose url resolving [ 'https://registry.npmjs.org/', './ci-info' ]
1332 verbose url resolved https://registry.npmjs.org/ci-info
1333 info trying registry request attempt 1 at 16:50:21
1334 http GET https://registry.npmjs.org/ci-info
1335 verbose url raw clsx
1336 verbose url resolving [ 'https://registry.npmjs.org/', './clsx' ]
1337 verbose url resolved https://registry.npmjs.org/clsx
1338 info trying registry request attempt 1 at 16:50:21
1339 http GET https://registry.npmjs.org/clsx
1340 verbose cache add name="devalue" spec="^5.6.2" args=["devalue","^5.6.2"]
1341 verbose parsed url { protocol: null,
1341 verbose parsed url   slashes: null,
1341 verbose parsed url   auth: null,
1341 verbose parsed url   host: null,
1341 verbose parsed url   port: null,
1341 verbose parsed url   hostname: null,
1341 verbose parsed url   hash: null,
1341 verbose parsed url   search: null,
1341 verbose parsed url   query: null,
1341 verbose parsed url   pathname: '%5E5.6.2',
1341 verbose parsed url   path: '%5E5.6.2',
1341 verbose parsed url   href: '%5E5.6.2' }
1342 verbose addNamed [ 'devalue', '^5.6.2' ]
1343 verbose addNamed [ null, '>=5.6.2-0 <6.0.0-0' ]
1344 silly lockFile 24f9eb7e-devalue-5-6-2 devalue@^5.6.2
1345 verbose lock devalue@^5.6.2 C:\Users\jerry\AppData\Roaming\npm-cache\24f9eb7e-devalue-5-6-2.lock
1346 verbose cache add [ 'dlv@^1.1.3', null ]
1347 verbose cache add name=undefined spec="dlv@^1.1.3" args=["dlv@^1.1.3",null]
1348 verbose parsed url { protocol: null,
1348 verbose parsed url   slashes: null,
1348 verbose parsed url   auth: null,
1348 verbose parsed url   host: null,
1348 verbose parsed url   port: null,
1348 verbose parsed url   hostname: null,
1348 verbose parsed url   hash: null,
1348 verbose parsed url   search: null,
1348 verbose parsed url   query: null,
1348 verbose parsed url   pathname: 'dlv@%5E1.1.3',
1348 verbose parsed url   path: 'dlv@%5E1.1.3',
1348 verbose parsed url   href: 'dlv@%5E1.1.3' }
1349 verbose cache add [ 'dset@^3.1.4', null ]
1350 verbose cache add name=undefined spec="dset@^3.1.4" args=["dset@^3.1.4",null]
1351 verbose parsed url { protocol: null,
1351 verbose parsed url   slashes: null,
1351 verbose parsed url   auth: null,
1351 verbose parsed url   host: null,
1351 verbose parsed url   port: null,
1351 verbose parsed url   hostname: null,
1351 verbose parsed url   hash: null,
1351 verbose parsed url   search: null,
1351 verbose parsed url   query: null,
1351 verbose parsed url   pathname: 'dset@%5E3.1.4',
1351 verbose parsed url   path: 'dset@%5E3.1.4',
1351 verbose parsed url   href: 'dset@%5E3.1.4' }
1352 verbose cache add [ 'es-module-lexer@^1.7.0', null ]
1353 verbose cache add name=undefined spec="es-module-lexer@^1.7.0" args=["es-module-lexer@^1.7.0",null]
1354 verbose parsed url { protocol: null,
1354 verbose parsed url   slashes: null,
1354 verbose parsed url   auth: null,
1354 verbose parsed url   host: null,
1354 verbose parsed url   port: null,
1354 verbose parsed url   hostname: null,
1354 verbose parsed url   hash: null,
1354 verbose parsed url   search: null,
1354 verbose parsed url   query: null,
1354 verbose parsed url   pathname: 'es-module-lexer@%5E1.7.0',
1354 verbose parsed url   path: 'es-module-lexer@%5E1.7.0',
1354 verbose parsed url   href: 'es-module-lexer@%5E1.7.0' }
1355 verbose cache add [ 'esbuild@^0.27.3', null ]
1356 verbose cache add name=undefined spec="esbuild@^0.27.3" args=["esbuild@^0.27.3",null]
1357 verbose parsed url { protocol: null,
1357 verbose parsed url   slashes: null,
1357 verbose parsed url   auth: null,
1357 verbose parsed url   host: null,
1357 verbose parsed url   port: null,
1357 verbose parsed url   hostname: null,
1357 verbose parsed url   hash: null,
1357 verbose parsed url   search: null,
1357 verbose parsed url   query: null,
1357 verbose parsed url   pathname: 'esbuild@%5E0.27.3',
1357 verbose parsed url   path: 'esbuild@%5E0.27.3',
1357 verbose parsed url   href: 'esbuild@%5E0.27.3' }
1358 verbose cache add name="diff" spec="^8.0.3" args=["diff","^8.0.3"]
1359 verbose parsed url { protocol: null,
1359 verbose parsed url   slashes: null,
1359 verbose parsed url   auth: null,
1359 verbose parsed url   host: null,
1359 verbose parsed url   port: null,
1359 verbose parsed url   hostname: null,
1359 verbose parsed url   hash: null,
1359 verbose parsed url   search: null,
1359 verbose parsed url   query: null,
1359 verbose parsed url   pathname: '%5E8.0.3',
1359 verbose parsed url   path: '%5E8.0.3',
1359 verbose parsed url   href: '%5E8.0.3' }
1360 verbose addNamed [ 'diff', '^8.0.3' ]
1361 verbose addNamed [ null, '>=8.0.3-0 <9.0.0-0' ]
1362 silly lockFile 85ed94a6-diff-8-0-3 diff@^8.0.3
1363 verbose lock diff@^8.0.3 C:\Users\jerry\AppData\Roaming\npm-cache\85ed94a6-diff-8-0-3.lock
1364 verbose url raw common-ancestor-path
1365 verbose url resolving [ 'https://registry.npmjs.org/', './common-ancestor-path' ]
1366 verbose url resolved https://registry.npmjs.org/common-ancestor-path
1367 info trying registry request attempt 1 at 16:50:21
1368 http GET https://registry.npmjs.org/common-ancestor-path
1369 silly addNameRange { name: 'cssesc', range: '>=3.0.0-0 <4.0.0-0', hasData: false }
1370 verbose url raw cookie
1371 verbose url resolving [ 'https://registry.npmjs.org/', './cookie' ]
1372 verbose url resolved https://registry.npmjs.org/cookie
1373 info trying registry request attempt 1 at 16:50:21
1374 http GET https://registry.npmjs.org/cookie
1375 silly addNameRange { name: 'debug', range: '>=4.4.3-0 <5.0.0-0', hasData: false }
1376 verbose cache add name="dlv" spec="^1.1.3" args=["dlv","^1.1.3"]
1377 verbose parsed url { protocol: null,
1377 verbose parsed url   slashes: null,
1377 verbose parsed url   auth: null,
1377 verbose parsed url   host: null,
1377 verbose parsed url   port: null,
1377 verbose parsed url   hostname: null,
1377 verbose parsed url   hash: null,
1377 verbose parsed url   search: null,
1377 verbose parsed url   query: null,
1377 verbose parsed url   pathname: '%5E1.1.3',
1377 verbose parsed url   path: '%5E1.1.3',
1377 verbose parsed url   href: '%5E1.1.3' }
1378 verbose addNamed [ 'dlv', '^1.1.3' ]
1379 verbose addNamed [ null, '>=1.1.3-0 <2.0.0-0' ]
1380 silly lockFile a1a89127-dlv-1-1-3 dlv@^1.1.3
1381 verbose lock dlv@^1.1.3 C:\Users\jerry\AppData\Roaming\npm-cache\a1a89127-dlv-1-1-3.lock
1382 verbose cache add name="dset" spec="^3.1.4" args=["dset","^3.1.4"]
1383 verbose parsed url { protocol: null,
1383 verbose parsed url   slashes: null,
1383 verbose parsed url   auth: null,
1383 verbose parsed url   host: null,
1383 verbose parsed url   port: null,
1383 verbose parsed url   hostname: null,
1383 verbose parsed url   hash: null,
1383 verbose parsed url   search: null,
1383 verbose parsed url   query: null,
1383 verbose parsed url   pathname: '%5E3.1.4',
1383 verbose parsed url   path: '%5E3.1.4',
1383 verbose parsed url   href: '%5E3.1.4' }
1384 verbose addNamed [ 'dset', '^3.1.4' ]
1385 verbose addNamed [ null, '>=3.1.4-0 <4.0.0-0' ]
1386 silly lockFile a04bebfe-dset-3-1-4 dset@^3.1.4
1387 verbose lock dset@^3.1.4 C:\Users\jerry\AppData\Roaming\npm-cache\a04bebfe-dset-3-1-4.lock
1388 verbose cache add name="es-module-lexer" spec="^1.7.0" args=["es-module-lexer","^1.7.0"]
1389 verbose parsed url { protocol: null,
1389 verbose parsed url   slashes: null,
1389 verbose parsed url   auth: null,
1389 verbose parsed url   host: null,
1389 verbose parsed url   port: null,
1389 verbose parsed url   hostname: null,
1389 verbose parsed url   hash: null,
1389 verbose parsed url   search: null,
1389 verbose parsed url   query: null,
1389 verbose parsed url   pathname: '%5E1.7.0',
1389 verbose parsed url   path: '%5E1.7.0',
1389 verbose parsed url   href: '%5E1.7.0' }
1390 verbose addNamed [ 'es-module-lexer', '^1.7.0' ]
1391 verbose addNamed [ null, '>=1.7.0-0 <2.0.0-0' ]
1392 silly lockFile 912b9f4d-es-module-lexer-1-7-0 es-module-lexer@^1.7.0
1393 verbose lock es-module-lexer@^1.7.0 C:\Users\jerry\AppData\Roaming\npm-cache\912b9f4d-es-module-lexer-1-7-0.lock
1394 verbose cache add [ 'estree-walker@^3.0.3', null ]
1395 verbose cache add name=undefined spec="estree-walker@^3.0.3" args=["estree-walker@^3.0.3",null]
1396 verbose parsed url { protocol: null,
1396 verbose parsed url   slashes: null,
1396 verbose parsed url   auth: null,
1396 verbose parsed url   host: null,
1396 verbose parsed url   port: null,
1396 verbose parsed url   hostname: null,
1396 verbose parsed url   hash: null,
1396 verbose parsed url   search: null,
1396 verbose parsed url   query: null,
1396 verbose parsed url   pathname: 'estree-walker@%5E3.0.3',
1396 verbose parsed url   path: 'estree-walker@%5E3.0.3',
1396 verbose parsed url   href: 'estree-walker@%5E3.0.3' }
1397 verbose cache add [ 'flattie@^1.1.1', null ]
1398 verbose cache add name=undefined spec="flattie@^1.1.1" args=["flattie@^1.1.1",null]
1399 verbose parsed url { protocol: null,
1399 verbose parsed url   slashes: null,
1399 verbose parsed url   auth: null,
1399 verbose parsed url   host: null,
1399 verbose parsed url   port: null,
1399 verbose parsed url   hostname: null,
1399 verbose parsed url   hash: null,
1399 verbose parsed url   search: null,
1399 verbose parsed url   query: null,
1399 verbose parsed url   pathname: 'flattie@%5E1.1.1',
1399 verbose parsed url   path: 'flattie@%5E1.1.1',
1399 verbose parsed url   href: 'flattie@%5E1.1.1' }
1400 verbose cache add [ 'fontace@~0.4.0', null ]
1401 verbose cache add name=undefined spec="fontace@~0.4.0" args=["fontace@~0.4.0",null]
1402 verbose parsed url { protocol: null,
1402 verbose parsed url   slashes: null,
1402 verbose parsed url   auth: null,
1402 verbose parsed url   host: null,
1402 verbose parsed url   port: null,
1402 verbose parsed url   hostname: null,
1402 verbose parsed url   hash: null,
1402 verbose parsed url   search: null,
1402 verbose parsed url   query: null,
1402 verbose parsed url   pathname: 'fontace@~0.4.0',
1402 verbose parsed url   path: 'fontace@~0.4.0',
1402 verbose parsed url   href: 'fontace@~0.4.0' }
1403 verbose cache add name="esbuild" spec="^0.27.3" args=["esbuild","^0.27.3"]
1404 verbose parsed url { protocol: null,
1404 verbose parsed url   slashes: null,
1404 verbose parsed url   auth: null,
1404 verbose parsed url   host: null,
1404 verbose parsed url   port: null,
1404 verbose parsed url   hostname: null,
1404 verbose parsed url   hash: null,
1404 verbose parsed url   search: null,
1404 verbose parsed url   query: null,
1404 verbose parsed url   pathname: '%5E0.27.3',
1404 verbose parsed url   path: '%5E0.27.3',
1404 verbose parsed url   href: '%5E0.27.3' }
1405 verbose addNamed [ 'esbuild', '^0.27.3' ]
1406 verbose addNamed [ null, '>=0.27.3-0 <0.28.0-0' ]
1407 silly lockFile 633072bd-esbuild-0-27-3 esbuild@^0.27.3
1408 verbose lock esbuild@^0.27.3 C:\Users\jerry\AppData\Roaming\npm-cache\633072bd-esbuild-0-27-3.lock
1409 silly addNameRange { name: 'deterministic-object-hash',
1409 silly addNameRange   range: '>=2.0.2-0 <3.0.0-0',
1409 silly addNameRange   hasData: false }
1410 verbose url raw cssesc
1411 verbose url resolving [ 'https://registry.npmjs.org/', './cssesc' ]
1412 verbose url resolved https://registry.npmjs.org/cssesc
1413 info trying registry request attempt 1 at 16:50:21
1414 http GET https://registry.npmjs.org/cssesc
1415 silly addNameRange { name: 'devalue', range: '>=5.6.2-0 <6.0.0-0', hasData: false }
1416 verbose url raw debug
1417 verbose url resolving [ 'https://registry.npmjs.org/', './debug' ]
1418 verbose url resolved https://registry.npmjs.org/debug
1419 info trying registry request attempt 1 at 16:50:21
1420 http GET https://registry.npmjs.org/debug
1421 verbose cache add name="estree-walker" spec="^3.0.3" args=["estree-walker","^3.0.3"]
1422 verbose parsed url { protocol: null,
1422 verbose parsed url   slashes: null,
1422 verbose parsed url   auth: null,
1422 verbose parsed url   host: null,
1422 verbose parsed url   port: null,
1422 verbose parsed url   hostname: null,
1422 verbose parsed url   hash: null,
1422 verbose parsed url   search: null,
1422 verbose parsed url   query: null,
1422 verbose parsed url   pathname: '%5E3.0.3',
1422 verbose parsed url   path: '%5E3.0.3',
1422 verbose parsed url   href: '%5E3.0.3' }
1423 verbose addNamed [ 'estree-walker', '^3.0.3' ]
1424 verbose addNamed [ null, '>=3.0.3-0 <4.0.0-0' ]
1425 silly lockFile 28f00139-estree-walker-3-0-3 estree-walker@^3.0.3
1426 verbose lock estree-walker@^3.0.3 C:\Users\jerry\AppData\Roaming\npm-cache\28f00139-estree-walker-3-0-3.lock
1427 verbose cache add name="flattie" spec="^1.1.1" args=["flattie","^1.1.1"]
1428 verbose parsed url { protocol: null,
1428 verbose parsed url   slashes: null,
1428 verbose parsed url   auth: null,
1428 verbose parsed url   host: null,
1428 verbose parsed url   port: null,
1428 verbose parsed url   hostname: null,
1428 verbose parsed url   hash: null,
1428 verbose parsed url   search: null,
1428 verbose parsed url   query: null,
1428 verbose parsed url   pathname: '%5E1.1.1',
1428 verbose parsed url   path: '%5E1.1.1',
1428 verbose parsed url   href: '%5E1.1.1' }
1429 verbose addNamed [ 'flattie', '^1.1.1' ]
1430 verbose addNamed [ null, '>=1.1.1-0 <2.0.0-0' ]
1431 silly lockFile 9a84544f-flattie-1-1-1 flattie@^1.1.1
1432 verbose lock flattie@^1.1.1 C:\Users\jerry\AppData\Roaming\npm-cache\9a84544f-flattie-1-1-1.lock
1433 verbose cache add [ 'github-slugger@^2.0.0', null ]
1434 verbose cache add name=undefined spec="github-slugger@^2.0.0" args=["github-slugger@^2.0.0",null]
1435 verbose parsed url { protocol: null,
1435 verbose parsed url   slashes: null,
1435 verbose parsed url   auth: null,
1435 verbose parsed url   host: null,
1435 verbose parsed url   port: null,
1435 verbose parsed url   hostname: null,
1435 verbose parsed url   hash: null,
1435 verbose parsed url   search: null,
1435 verbose parsed url   query: null,
1435 verbose parsed url   pathname: 'github-slugger@%5E2.0.0',
1435 verbose parsed url   path: 'github-slugger@%5E2.0.0',
1435 verbose parsed url   href: 'github-slugger@%5E2.0.0' }
1436 verbose cache add [ 'html-escaper@3.0.3', null ]
1437 verbose cache add name=undefined spec="html-escaper@3.0.3" args=["html-escaper@3.0.3",null]
1438 verbose parsed url { protocol: null,
1438 verbose parsed url   slashes: null,
1438 verbose parsed url   auth: null,
1438 verbose parsed url   host: null,
1438 verbose parsed url   port: null,
1438 verbose parsed url   hostname: null,
1438 verbose parsed url   hash: null,
1438 verbose parsed url   search: null,
1438 verbose parsed url   query: null,
1438 verbose parsed url   pathname: 'html-escaper@3.0.3',
1438 verbose parsed url   path: 'html-escaper@3.0.3',
1438 verbose parsed url   href: 'html-escaper@3.0.3' }
1439 verbose cache add name="fontace" spec="~0.4.0" args=["fontace","~0.4.0"]
1440 verbose parsed url { protocol: null,
1440 verbose parsed url   slashes: null,
1440 verbose parsed url   auth: null,
1440 verbose parsed url   host: null,
1440 verbose parsed url   port: null,
1440 verbose parsed url   hostname: null,
1440 verbose parsed url   hash: null,
1440 verbose parsed url   search: null,
1440 verbose parsed url   query: null,
1440 verbose parsed url   pathname: '~0.4.0',
1440 verbose parsed url   path: '~0.4.0',
1440 verbose parsed url   href: '~0.4.0' }
1441 verbose addNamed [ 'fontace', '~0.4.0' ]
1442 verbose addNamed [ null, '>=0.4.0-0 <0.5.0-0' ]
1443 silly lockFile 4f25a20a-fontace-0-4-0 fontace@~0.4.0
1444 verbose lock fontace@~0.4.0 C:\Users\jerry\AppData\Roaming\npm-cache\4f25a20a-fontace-0-4-0.lock
1445 silly addNameRange { name: 'diff', range: '>=8.0.3-0 <9.0.0-0', hasData: false }
1446 verbose url raw deterministic-object-hash
1447 verbose url resolving [ 'https://registry.npmjs.org/', './deterministic-object-hash' ]
1448 verbose url resolved https://registry.npmjs.org/deterministic-object-hash
1449 info trying registry request attempt 1 at 16:50:21
1450 http GET https://registry.npmjs.org/deterministic-object-hash
1451 verbose url raw devalue
1452 verbose url resolving [ 'https://registry.npmjs.org/', './devalue' ]
1453 verbose url resolved https://registry.npmjs.org/devalue
1454 info trying registry request attempt 1 at 16:50:21
1455 http GET https://registry.npmjs.org/devalue
1456 silly addNameRange { name: 'dlv', range: '>=1.1.3-0 <2.0.0-0', hasData: false }
1457 verbose cache add [ 'http-cache-semantics@^4.2.0', null ]
1458 verbose cache add name=undefined spec="http-cache-semantics@^4.2.0" args=["http-cache-semantics@^4.2.0",null]
1459 verbose parsed url { protocol: null,
1459 verbose parsed url   slashes: null,
1459 verbose parsed url   auth: null,
1459 verbose parsed url   host: null,
1459 verbose parsed url   port: null,
1459 verbose parsed url   hostname: null,
1459 verbose parsed url   hash: null,
1459 verbose parsed url   search: null,
1459 verbose parsed url   query: null,
1459 verbose parsed url   pathname: 'http-cache-semantics@%5E4.2.0',
1459 verbose parsed url   path: 'http-cache-semantics@%5E4.2.0',
1459 verbose parsed url   href: 'http-cache-semantics@%5E4.2.0' }
1460 verbose cache add [ 'import-meta-resolve@^4.2.0', null ]
1461 verbose cache add name=undefined spec="import-meta-resolve@^4.2.0" args=["import-meta-resolve@^4.2.0",null]
1462 verbose parsed url { protocol: null,
1462 verbose parsed url   slashes: null,
1462 verbose parsed url   auth: null,
1462 verbose parsed url   host: null,
1462 verbose parsed url   port: null,
1462 verbose parsed url   hostname: null,
1462 verbose parsed url   hash: null,
1462 verbose parsed url   search: null,
1462 verbose parsed url   query: null,
1462 verbose parsed url   pathname: 'import-meta-resolve@%5E4.2.0',
1462 verbose parsed url   path: 'import-meta-resolve@%5E4.2.0',
1462 verbose parsed url   href: 'import-meta-resolve@%5E4.2.0' }
1463 verbose cache add [ 'js-yaml@^4.1.1', null ]
1464 verbose cache add name=undefined spec="js-yaml@^4.1.1" args=["js-yaml@^4.1.1",null]
1465 verbose parsed url { protocol: null,
1465 verbose parsed url   slashes: null,
1465 verbose parsed url   auth: null,
1465 verbose parsed url   host: null,
1465 verbose parsed url   port: null,
1465 verbose parsed url   hostname: null,
1465 verbose parsed url   hash: null,
1465 verbose parsed url   search: null,
1465 verbose parsed url   query: null,
1465 verbose parsed url   pathname: 'js-yaml@%5E4.1.1',
1465 verbose parsed url   path: 'js-yaml@%5E4.1.1',
1465 verbose parsed url   href: 'js-yaml@%5E4.1.1' }
1466 verbose cache add [ 'magic-string@^0.30.21', null ]
1467 verbose cache add name=undefined spec="magic-string@^0.30.21" args=["magic-string@^0.30.21",null]
1468 verbose parsed url { protocol: null,
1468 verbose parsed url   slashes: null,
1468 verbose parsed url   auth: null,
1468 verbose parsed url   host: null,
1468 verbose parsed url   port: null,
1468 verbose parsed url   hostname: null,
1468 verbose parsed url   hash: null,
1468 verbose parsed url   search: null,
1468 verbose parsed url   query: null,
1468 verbose parsed url   pathname: 'magic-string@%5E0.30.21',
1468 verbose parsed url   path: 'magic-string@%5E0.30.21',
1468 verbose parsed url   href: 'magic-string@%5E0.30.21' }
1469 verbose cache add name="github-slugger" spec="^2.0.0" args=["github-slugger","^2.0.0"]
1470 verbose parsed url { protocol: null,
1470 verbose parsed url   slashes: null,
1470 verbose parsed url   auth: null,
1470 verbose parsed url   host: null,
1470 verbose parsed url   port: null,
1470 verbose parsed url   hostname: null,
1470 verbose parsed url   hash: null,
1470 verbose parsed url   search: null,
1470 verbose parsed url   query: null,
1470 verbose parsed url   pathname: '%5E2.0.0',
1470 verbose parsed url   path: '%5E2.0.0',
1470 verbose parsed url   href: '%5E2.0.0' }
1471 verbose addNamed [ 'github-slugger', '^2.0.0' ]
1472 verbose addNamed [ null, '>=2.0.0-0 <3.0.0-0' ]
1473 silly lockFile da9fbfda-github-slugger-2-0-0 github-slugger@^2.0.0
1474 verbose lock github-slugger@^2.0.0 C:\Users\jerry\AppData\Roaming\npm-cache\da9fbfda-github-slugger-2-0-0.lock
1475 verbose cache add name="html-escaper" spec="3.0.3" args=["html-escaper","3.0.3"]
1476 verbose parsed url { protocol: null,
1476 verbose parsed url   slashes: null,
1476 verbose parsed url   auth: null,
1476 verbose parsed url   host: null,
1476 verbose parsed url   port: null,
1476 verbose parsed url   hostname: null,
1476 verbose parsed url   hash: null,
1476 verbose parsed url   search: null,
1476 verbose parsed url   query: null,
1476 verbose parsed url   pathname: '3.0.3',
1476 verbose parsed url   path: '3.0.3',
1476 verbose parsed url   href: '3.0.3' }
1477 verbose addNamed [ 'html-escaper', '3.0.3' ]
1478 verbose addNamed [ '3.0.3', '3.0.3' ]
1479 silly lockFile 9682b9e8-html-escaper-3-0-3 html-escaper@3.0.3
1480 verbose lock html-escaper@3.0.3 C:\Users\jerry\AppData\Roaming\npm-cache\9682b9e8-html-escaper-3-0-3.lock
1481 silly addNameRange { name: 'dset', range: '>=3.1.4-0 <4.0.0-0', hasData: false }
1482 silly addNameRange { name: 'es-module-lexer',
1482 silly addNameRange   range: '>=1.7.0-0 <2.0.0-0',
1482 silly addNameRange   hasData: false }
1483 verbose url raw diff
1484 verbose url resolving [ 'https://registry.npmjs.org/', './diff' ]
1485 verbose url resolved https://registry.npmjs.org/diff
1486 info trying registry request attempt 1 at 16:50:21
1487 http GET https://registry.npmjs.org/diff
1488 silly addNameRange { name: 'esbuild',
1488 silly addNameRange   range: '>=0.27.3-0 <0.28.0-0',
1488 silly addNameRange   hasData: false }
1489 verbose url raw dlv
1490 verbose url resolving [ 'https://registry.npmjs.org/', './dlv' ]
1491 verbose url resolved https://registry.npmjs.org/dlv
1492 info trying registry request attempt 1 at 16:50:21
1493 http GET https://registry.npmjs.org/dlv
1494 verbose cache add name="http-cache-semantics" spec="^4.2.0" args=["http-cache-semantics","^4.2.0"]
1495 verbose parsed url { protocol: null,
1495 verbose parsed url   slashes: null,
1495 verbose parsed url   auth: null,
1495 verbose parsed url   host: null,
1495 verbose parsed url   port: null,
1495 verbose parsed url   hostname: null,
1495 verbose parsed url   hash: null,
1495 verbose parsed url   search: null,
1495 verbose parsed url   query: null,
1495 verbose parsed url   pathname: '%5E4.2.0',
1495 verbose parsed url   path: '%5E4.2.0',
1495 verbose parsed url   href: '%5E4.2.0' }
1496 verbose addNamed [ 'http-cache-semantics', '^4.2.0' ]
1497 verbose addNamed [ null, '>=4.2.0-0 <5.0.0-0' ]
1498 silly lockFile 4ee8aa56-http-cache-semantics-4-2-0 http-cache-semantics@^4.2.0
1499 verbose lock http-cache-semantics@^4.2.0 C:\Users\jerry\AppData\Roaming\npm-cache\4ee8aa56-http-cache-semantics-4-2-0.lock
1500 verbose cache add name="import-meta-resolve" spec="^4.2.0" args=["import-meta-resolve","^4.2.0"]
1501 verbose parsed url { protocol: null,
1501 verbose parsed url   slashes: null,
1501 verbose parsed url   auth: null,
1501 verbose parsed url   host: null,
1501 verbose parsed url   port: null,
1501 verbose parsed url   hostname: null,
1501 verbose parsed url   hash: null,
1501 verbose parsed url   search: null,
1501 verbose parsed url   query: null,
1501 verbose parsed url   pathname: '%5E4.2.0',
1501 verbose parsed url   path: '%5E4.2.0',
1501 verbose parsed url   href: '%5E4.2.0' }
1502 verbose addNamed [ 'import-meta-resolve', '^4.2.0' ]
1503 verbose addNamed [ null, '>=4.2.0-0 <5.0.0-0' ]
1504 silly lockFile 02c63be1-import-meta-resolve-4-2-0 import-meta-resolve@^4.2.0
1505 verbose lock import-meta-resolve@^4.2.0 C:\Users\jerry\AppData\Roaming\npm-cache\02c63be1-import-meta-resolve-4-2-0.lock
1506 verbose cache add name="js-yaml" spec="^4.1.1" args=["js-yaml","^4.1.1"]
1507 verbose parsed url { protocol: null,
1507 verbose parsed url   slashes: null,
1507 verbose parsed url   auth: null,
1507 verbose parsed url   host: null,
1507 verbose parsed url   port: null,
1507 verbose parsed url   hostname: null,
1507 verbose parsed url   hash: null,
1507 verbose parsed url   search: null,
1507 verbose parsed url   query: null,
1507 verbose parsed url   pathname: '%5E4.1.1',
1507 verbose parsed url   path: '%5E4.1.1',
1507 verbose parsed url   href: '%5E4.1.1' }
1508 verbose addNamed [ 'js-yaml', '^4.1.1' ]
1509 verbose addNamed [ null, '>=4.1.1-0 <5.0.0-0' ]
1510 silly lockFile d54b43f9-js-yaml-4-1-1 js-yaml@^4.1.1
1511 verbose lock js-yaml@^4.1.1 C:\Users\jerry\AppData\Roaming\npm-cache\d54b43f9-js-yaml-4-1-1.lock
1512 verbose cache add [ 'magicast@^0.5.1', null ]
1513 verbose cache add name=undefined spec="magicast@^0.5.1" args=["magicast@^0.5.1",null]
1514 verbose parsed url { protocol: null,
1514 verbose parsed url   slashes: null,
1514 verbose parsed url   auth: null,
1514 verbose parsed url   host: null,
1514 verbose parsed url   port: null,
1514 verbose parsed url   hostname: null,
1514 verbose parsed url   hash: null,
1514 verbose parsed url   search: null,
1514 verbose parsed url   query: null,
1514 verbose parsed url   pathname: 'magicast@%5E0.5.1',
1514 verbose parsed url   path: 'magicast@%5E0.5.1',
1514 verbose parsed url   href: 'magicast@%5E0.5.1' }
1515 verbose cache add [ 'mrmime@^2.0.1', null ]
1516 verbose cache add name=undefined spec="mrmime@^2.0.1" args=["mrmime@^2.0.1",null]
1517 verbose parsed url { protocol: null,
1517 verbose parsed url   slashes: null,
1517 verbose parsed url   auth: null,
1517 verbose parsed url   host: null,
1517 verbose parsed url   port: null,
1517 verbose parsed url   hostname: null,
1517 verbose parsed url   hash: null,
1517 verbose parsed url   search: null,
1517 verbose parsed url   query: null,
1517 verbose parsed url   pathname: 'mrmime@%5E2.0.1',
1517 verbose parsed url   path: 'mrmime@%5E2.0.1',
1517 verbose parsed url   href: 'mrmime@%5E2.0.1' }
1518 verbose cache add [ 'neotraverse@^0.6.18', null ]
1519 verbose cache add name=undefined spec="neotraverse@^0.6.18" args=["neotraverse@^0.6.18",null]
1520 verbose parsed url { protocol: null,
1520 verbose parsed url   slashes: null,
1520 verbose parsed url   auth: null,
1520 verbose parsed url   host: null,
1520 verbose parsed url   port: null,
1520 verbose parsed url   hostname: null,
1520 verbose parsed url   hash: null,
1520 verbose parsed url   search: null,
1520 verbose parsed url   query: null,
1520 verbose parsed url   pathname: 'neotraverse@%5E0.6.18',
1520 verbose parsed url   path: 'neotraverse@%5E0.6.18',
1520 verbose parsed url   href: 'neotraverse@%5E0.6.18' }
1521 verbose cache add [ 'p-limit@^6.2.0', null ]
1522 verbose cache add name=undefined spec="p-limit@^6.2.0" args=["p-limit@^6.2.0",null]
1523 verbose parsed url { protocol: null,
1523 verbose parsed url   slashes: null,
1523 verbose parsed url   auth: null,
1523 verbose parsed url   host: null,
1523 verbose parsed url   port: null,
1523 verbose parsed url   hostname: null,
1523 verbose parsed url   hash: null,
1523 verbose parsed url   search: null,
1523 verbose parsed url   query: null,
1523 verbose parsed url   pathname: 'p-limit@%5E6.2.0',
1523 verbose parsed url   path: 'p-limit@%5E6.2.0',
1523 verbose parsed url   href: 'p-limit@%5E6.2.0' }
1524 verbose cache add [ 'p-queue@^8.1.1', null ]
1525 verbose cache add name=undefined spec="p-queue@^8.1.1" args=["p-queue@^8.1.1",null]
1526 verbose parsed url { protocol: null,
1526 verbose parsed url   slashes: null,
1526 verbose parsed url   auth: null,
1526 verbose parsed url   host: null,
1526 verbose parsed url   port: null,
1526 verbose parsed url   hostname: null,
1526 verbose parsed url   hash: null,
1526 verbose parsed url   search: null,
1526 verbose parsed url   query: null,
1526 verbose parsed url   pathname: 'p-queue@%5E8.1.1',
1526 verbose parsed url   path: 'p-queue@%5E8.1.1',
1526 verbose parsed url   href: 'p-queue@%5E8.1.1' }
1527 verbose cache add [ 'package-manager-detector@^1.6.0', null ]
1528 verbose cache add name=undefined spec="package-manager-detector@^1.6.0" args=["package-manager-detector@^1.6.0",null]
1529 verbose parsed url { protocol: null,
1529 verbose parsed url   slashes: null,
1529 verbose parsed url   auth: null,
1529 verbose parsed url   host: null,
1529 verbose parsed url   port: null,
1529 verbose parsed url   hostname: null,
1529 verbose parsed url   hash: null,
1529 verbose parsed url   search: null,
1529 verbose parsed url   query: null,
1529 verbose parsed url   pathname: 'package-manager-detector@%5E1.6.0',
1529 verbose parsed url   path: 'package-manager-detector@%5E1.6.0',
1529 verbose parsed url   href: 'package-manager-detector@%5E1.6.0' }
1530 verbose cache add name="magic-string" spec="^0.30.21" args=["magic-string","^0.30.21"]
1531 verbose parsed url { protocol: null,
1531 verbose parsed url   slashes: null,
1531 verbose parsed url   auth: null,
1531 verbose parsed url   host: null,
1531 verbose parsed url   port: null,
1531 verbose parsed url   hostname: null,
1531 verbose parsed url   hash: null,
1531 verbose parsed url   search: null,
1531 verbose parsed url   query: null,
1531 verbose parsed url   pathname: '%5E0.30.21',
1531 verbose parsed url   path: '%5E0.30.21',
1531 verbose parsed url   href: '%5E0.30.21' }
1532 verbose addNamed [ 'magic-string', '^0.30.21' ]
1533 verbose addNamed [ null, '>=0.30.21-0 <0.31.0-0' ]
1534 silly lockFile cb5d928f-magic-string-0-30-21 magic-string@^0.30.21
1535 verbose lock magic-string@^0.30.21 C:\Users\jerry\AppData\Roaming\npm-cache\cb5d928f-magic-string-0-30-21.lock
1536 silly addNameRange { name: 'flattie', range: '>=1.1.1-0 <2.0.0-0', hasData: false }
1537 silly addNameRange { name: 'estree-walker',
1537 silly addNameRange   range: '>=3.0.3-0 <4.0.0-0',
1537 silly addNameRange   hasData: false }
1538 verbose url raw dset
1539 verbose url resolving [ 'https://registry.npmjs.org/', './dset' ]
1540 verbose url resolved https://registry.npmjs.org/dset
1541 info trying registry request attempt 1 at 16:50:21
1542 http GET https://registry.npmjs.org/dset
1543 verbose url raw es-module-lexer
1544 verbose url resolving [ 'https://registry.npmjs.org/', './es-module-lexer' ]
1545 verbose url resolved https://registry.npmjs.org/es-module-lexer
1546 info trying registry request attempt 1 at 16:50:21
1547 http GET https://registry.npmjs.org/es-module-lexer
1548 silly addNameRange { name: 'fontace', range: '>=0.4.0-0 <0.5.0-0', hasData: false }
1549 verbose url raw esbuild
1550 verbose url resolving [ 'https://registry.npmjs.org/', './esbuild' ]
1551 verbose url resolved https://registry.npmjs.org/esbuild
1552 info trying registry request attempt 1 at 16:50:21
1553 http GET https://registry.npmjs.org/esbuild
1554 verbose cache add name="magicast" spec="^0.5.1" args=["magicast","^0.5.1"]
1555 verbose parsed url { protocol: null,
1555 verbose parsed url   slashes: null,
1555 verbose parsed url   auth: null,
1555 verbose parsed url   host: null,
1555 verbose parsed url   port: null,
1555 verbose parsed url   hostname: null,
1555 verbose parsed url   hash: null,
1555 verbose parsed url   search: null,
1555 verbose parsed url   query: null,
1555 verbose parsed url   pathname: '%5E0.5.1',
1555 verbose parsed url   path: '%5E0.5.1',
1555 verbose parsed url   href: '%5E0.5.1' }
1556 verbose addNamed [ 'magicast', '^0.5.1' ]
1557 verbose addNamed [ null, '>=0.5.1-0 <0.6.0-0' ]
1558 silly lockFile dfc23560-magicast-0-5-1 magicast@^0.5.1
1559 verbose lock magicast@^0.5.1 C:\Users\jerry\AppData\Roaming\npm-cache\dfc23560-magicast-0-5-1.lock
1560 verbose cache add name="mrmime" spec="^2.0.1" args=["mrmime","^2.0.1"]
1561 verbose parsed url { protocol: null,
1561 verbose parsed url   slashes: null,
1561 verbose parsed url   auth: null,
1561 verbose parsed url   host: null,
1561 verbose parsed url   port: null,
1561 verbose parsed url   hostname: null,
1561 verbose parsed url   hash: null,
1561 verbose parsed url   search: null,
1561 verbose parsed url   query: null,
1561 verbose parsed url   pathname: '%5E2.0.1',
1561 verbose parsed url   path: '%5E2.0.1',
1561 verbose parsed url   href: '%5E2.0.1' }
1562 verbose addNamed [ 'mrmime', '^2.0.1' ]
1563 verbose addNamed [ null, '>=2.0.1-0 <3.0.0-0' ]
1564 silly lockFile b31a73ec-mrmime-2-0-1 mrmime@^2.0.1
1565 verbose lock mrmime@^2.0.1 C:\Users\jerry\AppData\Roaming\npm-cache\b31a73ec-mrmime-2-0-1.lock
1566 verbose cache add name="neotraverse" spec="^0.6.18" args=["neotraverse","^0.6.18"]
1567 verbose parsed url { protocol: null,
1567 verbose parsed url   slashes: null,
1567 verbose parsed url   auth: null,
1567 verbose parsed url   host: null,
1567 verbose parsed url   port: null,
1567 verbose parsed url   hostname: null,
1567 verbose parsed url   hash: null,
1567 verbose parsed url   search: null,
1567 verbose parsed url   query: null,
1567 verbose parsed url   pathname: '%5E0.6.18',
1567 verbose parsed url   path: '%5E0.6.18',
1567 verbose parsed url   href: '%5E0.6.18' }
1568 verbose addNamed [ 'neotraverse', '^0.6.18' ]
1569 verbose addNamed [ null, '>=0.6.18-0 <0.7.0-0' ]
1570 silly lockFile a4d6540d-neotraverse-0-6-18 neotraverse@^0.6.18
1571 verbose lock neotraverse@^0.6.18 C:\Users\jerry\AppData\Roaming\npm-cache\a4d6540d-neotraverse-0-6-18.lock
1572 verbose cache add name="p-limit" spec="^6.2.0" args=["p-limit","^6.2.0"]
1573 verbose parsed url { protocol: null,
1573 verbose parsed url   slashes: null,
1573 verbose parsed url   auth: null,
1573 verbose parsed url   host: null,
1573 verbose parsed url   port: null,
1573 verbose parsed url   hostname: null,
1573 verbose parsed url   hash: null,
1573 verbose parsed url   search: null,
1573 verbose parsed url   query: null,
1573 verbose parsed url   pathname: '%5E6.2.0',
1573 verbose parsed url   path: '%5E6.2.0',
1573 verbose parsed url   href: '%5E6.2.0' }
1574 verbose addNamed [ 'p-limit', '^6.2.0' ]
1575 verbose addNamed [ null, '>=6.2.0-0 <7.0.0-0' ]
1576 silly lockFile ec9a4aa0-p-limit-6-2-0 p-limit@^6.2.0
1577 verbose lock p-limit@^6.2.0 C:\Users\jerry\AppData\Roaming\npm-cache\ec9a4aa0-p-limit-6-2-0.lock
1578 verbose cache add name="p-queue" spec="^8.1.1" args=["p-queue","^8.1.1"]
1579 verbose parsed url { protocol: null,
1579 verbose parsed url   slashes: null,
1579 verbose parsed url   auth: null,
1579 verbose parsed url   host: null,
1579 verbose parsed url   port: null,
1579 verbose parsed url   hostname: null,
1579 verbose parsed url   hash: null,
1579 verbose parsed url   search: null,
1579 verbose parsed url   query: null,
1579 verbose parsed url   pathname: '%5E8.1.1',
1579 verbose parsed url   path: '%5E8.1.1',
1579 verbose parsed url   href: '%5E8.1.1' }
1580 verbose addNamed [ 'p-queue', '^8.1.1' ]
1581 verbose addNamed [ null, '>=8.1.1-0 <9.0.0-0' ]
1582 silly lockFile 021a210b-p-queue-8-1-1 p-queue@^8.1.1
1583 verbose lock p-queue@^8.1.1 C:\Users\jerry\AppData\Roaming\npm-cache\021a210b-p-queue-8-1-1.lock
1584 verbose cache add [ 'piccolore@^0.1.3', null ]
1585 verbose cache add name=undefined spec="piccolore@^0.1.3" args=["piccolore@^0.1.3",null]
1586 verbose parsed url { protocol: null,
1586 verbose parsed url   slashes: null,
1586 verbose parsed url   auth: null,
1586 verbose parsed url   host: null,
1586 verbose parsed url   port: null,
1586 verbose parsed url   hostname: null,
1586 verbose parsed url   hash: null,
1586 verbose parsed url   search: null,
1586 verbose parsed url   query: null,
1586 verbose parsed url   pathname: 'piccolore@%5E0.1.3',
1586 verbose parsed url   path: 'piccolore@%5E0.1.3',
1586 verbose parsed url   href: 'piccolore@%5E0.1.3' }
1587 verbose cache add [ 'picomatch@^4.0.3', null ]
1588 verbose cache add name=undefined spec="picomatch@^4.0.3" args=["picomatch@^4.0.3",null]
1589 verbose parsed url { protocol: null,
1589 verbose parsed url   slashes: null,
1589 verbose parsed url   auth: null,
1589 verbose parsed url   host: null,
1589 verbose parsed url   port: null,
1589 verbose parsed url   hostname: null,
1589 verbose parsed url   hash: null,
1589 verbose parsed url   search: null,
1589 verbose parsed url   query: null,
1589 verbose parsed url   pathname: 'picomatch@%5E4.0.3',
1589 verbose parsed url   path: 'picomatch@%5E4.0.3',
1589 verbose parsed url   href: 'picomatch@%5E4.0.3' }
1590 verbose cache add [ 'prompts@^2.4.2', null ]
1591 verbose cache add name=undefined spec="prompts@^2.4.2" args=["prompts@^2.4.2",null]
1592 verbose parsed url { protocol: null,
1592 verbose parsed url   slashes: null,
1592 verbose parsed url   auth: null,
1592 verbose parsed url   host: null,
1592 verbose parsed url   port: null,
1592 verbose parsed url   hostname: null,
1592 verbose parsed url   hash: null,
1592 verbose parsed url   search: null,
1592 verbose parsed url   query: null,
1592 verbose parsed url   pathname: 'prompts@%5E2.4.2',
1592 verbose parsed url   path: 'prompts@%5E2.4.2',
1592 verbose parsed url   href: 'prompts@%5E2.4.2' }
1593 verbose cache add [ 'rehype@^13.0.2', null ]
1594 verbose cache add name=undefined spec="rehype@^13.0.2" args=["rehype@^13.0.2",null]
1595 verbose parsed url { protocol: null,
1595 verbose parsed url   slashes: null,
1595 verbose parsed url   auth: null,
1595 verbose parsed url   host: null,
1595 verbose parsed url   port: null,
1595 verbose parsed url   hostname: null,
1595 verbose parsed url   hash: null,
1595 verbose parsed url   search: null,
1595 verbose parsed url   query: null,
1595 verbose parsed url   pathname: 'rehype@%5E13.0.2',
1595 verbose parsed url   path: 'rehype@%5E13.0.2',
1595 verbose parsed url   href: 'rehype@%5E13.0.2' }
1596 verbose cache add [ 'semver@^7.7.3', null ]
1597 verbose cache add name=undefined spec="semver@^7.7.3" args=["semver@^7.7.3",null]
1598 verbose parsed url { protocol: null,
1598 verbose parsed url   slashes: null,
1598 verbose parsed url   auth: null,
1598 verbose parsed url   host: null,
1598 verbose parsed url   port: null,
1598 verbose parsed url   hostname: null,
1598 verbose parsed url   hash: null,
1598 verbose parsed url   search: null,
1598 verbose parsed url   query: null,
1598 verbose parsed url   pathname: 'semver@%5E7.7.3',
1598 verbose parsed url   path: 'semver@%5E7.7.3',
1598 verbose parsed url   href: 'semver@%5E7.7.3' }
1599 verbose cache add name="package-manager-detector" spec="^1.6.0" args=["package-manager-detector","^1.6.0"]
1600 verbose parsed url { protocol: null,
1600 verbose parsed url   slashes: null,
1600 verbose parsed url   auth: null,
1600 verbose parsed url   host: null,
1600 verbose parsed url   port: null,
1600 verbose parsed url   hostname: null,
1600 verbose parsed url   hash: null,
1600 verbose parsed url   search: null,
1600 verbose parsed url   query: null,
1600 verbose parsed url   pathname: '%5E1.6.0',
1600 verbose parsed url   path: '%5E1.6.0',
1600 verbose parsed url   href: '%5E1.6.0' }
1601 verbose addNamed [ 'package-manager-detector', '^1.6.0' ]
1602 verbose addNamed [ null, '>=1.6.0-0 <2.0.0-0' ]
1603 silly lockFile 1f2dbb5b-package-manager-detector-1-6-0 package-manager-detector@^1.6.0
1604 verbose lock package-manager-detector@^1.6.0 C:\Users\jerry\AppData\Roaming\npm-cache\1f2dbb5b-package-manager-detector-1-6-0.lock
1605 verbose url raw flattie
1606 verbose url resolving [ 'https://registry.npmjs.org/', './flattie' ]
1607 verbose url resolved https://registry.npmjs.org/flattie
1608 info trying registry request attempt 1 at 16:50:21
1609 http GET https://registry.npmjs.org/flattie
1610 verbose url raw estree-walker
1611 verbose url resolving [ 'https://registry.npmjs.org/', './estree-walker' ]
1612 verbose url resolved https://registry.npmjs.org/estree-walker
1613 info trying registry request attempt 1 at 16:50:21
1614 http GET https://registry.npmjs.org/estree-walker
1615 silly addNameRange { name: 'github-slugger',
1615 silly addNameRange   range: '>=2.0.0-0 <3.0.0-0',
1615 silly addNameRange   hasData: false }
1616 verbose url raw fontace
1617 verbose url resolving [ 'https://registry.npmjs.org/', './fontace' ]
1618 verbose url resolved https://registry.npmjs.org/fontace
1619 info trying registry request attempt 1 at 16:50:21
1620 http GET https://registry.npmjs.org/fontace
1621 silly addNameRange { name: 'http-cache-semantics',
1621 silly addNameRange   range: '>=4.2.0-0 <5.0.0-0',
1621 silly addNameRange   hasData: false }
1622 silly addNameRange { name: 'js-yaml', range: '>=4.1.1-0 <5.0.0-0', hasData: false }
1623 silly addNameRange { name: 'import-meta-resolve',
1623 silly addNameRange   range: '>=4.2.0-0 <5.0.0-0',
1623 silly addNameRange   hasData: false }
1624 verbose cache add name="piccolore" spec="^0.1.3" args=["piccolore","^0.1.3"]
1625 verbose parsed url { protocol: null,
1625 verbose parsed url   slashes: null,
1625 verbose parsed url   auth: null,
1625 verbose parsed url   host: null,
1625 verbose parsed url   port: null,
1625 verbose parsed url   hostname: null,
1625 verbose parsed url   hash: null,
1625 verbose parsed url   search: null,
1625 verbose parsed url   query: null,
1625 verbose parsed url   pathname: '%5E0.1.3',
1625 verbose parsed url   path: '%5E0.1.3',
1625 verbose parsed url   href: '%5E0.1.3' }
1626 verbose addNamed [ 'piccolore', '^0.1.3' ]
1627 verbose addNamed [ null, '>=0.1.3-0 <0.2.0-0' ]
1628 silly lockFile b8b85f72-piccolore-0-1-3 piccolore@^0.1.3
1629 verbose lock piccolore@^0.1.3 C:\Users\jerry\AppData\Roaming\npm-cache\b8b85f72-piccolore-0-1-3.lock
1630 verbose cache add name="picomatch" spec="^4.0.3" args=["picomatch","^4.0.3"]
1631 verbose parsed url { protocol: null,
1631 verbose parsed url   slashes: null,
1631 verbose parsed url   auth: null,
1631 verbose parsed url   host: null,
1631 verbose parsed url   port: null,
1631 verbose parsed url   hostname: null,
1631 verbose parsed url   hash: null,
1631 verbose parsed url   search: null,
1631 verbose parsed url   query: null,
1631 verbose parsed url   pathname: '%5E4.0.3',
1631 verbose parsed url   path: '%5E4.0.3',
1631 verbose parsed url   href: '%5E4.0.3' }
1632 verbose addNamed [ 'picomatch', '^4.0.3' ]
1633 verbose addNamed [ null, '>=4.0.3-0 <5.0.0-0' ]
1634 silly lockFile 972b7357-picomatch-4-0-3 picomatch@^4.0.3
1635 verbose lock picomatch@^4.0.3 C:\Users\jerry\AppData\Roaming\npm-cache\972b7357-picomatch-4-0-3.lock
1636 verbose cache add name="prompts" spec="^2.4.2" args=["prompts","^2.4.2"]
1637 verbose parsed url { protocol: null,
1637 verbose parsed url   slashes: null,
1637 verbose parsed url   auth: null,
1637 verbose parsed url   host: null,
1637 verbose parsed url   port: null,
1637 verbose parsed url   hostname: null,
1637 verbose parsed url   hash: null,
1637 verbose parsed url   search: null,
1637 verbose parsed url   query: null,
1637 verbose parsed url   pathname: '%5E2.4.2',
1637 verbose parsed url   path: '%5E2.4.2',
1637 verbose parsed url   href: '%5E2.4.2' }
1638 verbose addNamed [ 'prompts', '^2.4.2' ]
1639 verbose addNamed [ null, '>=2.4.2-0 <3.0.0-0' ]
1640 silly lockFile f668e155-prompts-2-4-2 prompts@^2.4.2
1641 verbose lock prompts@^2.4.2 C:\Users\jerry\AppData\Roaming\npm-cache\f668e155-prompts-2-4-2.lock
1642 verbose cache add name="rehype" spec="^13.0.2" args=["rehype","^13.0.2"]
1643 verbose parsed url { protocol: null,
1643 verbose parsed url   slashes: null,
1643 verbose parsed url   auth: null,
1643 verbose parsed url   host: null,
1643 verbose parsed url   port: null,
1643 verbose parsed url   hostname: null,
1643 verbose parsed url   hash: null,
1643 verbose parsed url   search: null,
1643 verbose parsed url   query: null,
1643 verbose parsed url   pathname: '%5E13.0.2',
1643 verbose parsed url   path: '%5E13.0.2',
1643 verbose parsed url   href: '%5E13.0.2' }
1644 verbose addNamed [ 'rehype', '^13.0.2' ]
1645 verbose addNamed [ null, '>=13.0.2-0 <14.0.0-0' ]
1646 silly lockFile b556325c-rehype-13-0-2 rehype@^13.0.2
1647 verbose lock rehype@^13.0.2 C:\Users\jerry\AppData\Roaming\npm-cache\b556325c-rehype-13-0-2.lock
1648 verbose cache add name="semver" spec="^7.7.3" args=["semver","^7.7.3"]
1649 verbose parsed url { protocol: null,
1649 verbose parsed url   slashes: null,
1649 verbose parsed url   auth: null,
1649 verbose parsed url   host: null,
1649 verbose parsed url   port: null,
1649 verbose parsed url   hostname: null,
1649 verbose parsed url   hash: null,
1649 verbose parsed url   search: null,
1649 verbose parsed url   query: null,
1649 verbose parsed url   pathname: '%5E7.7.3',
1649 verbose parsed url   path: '%5E7.7.3',
1649 verbose parsed url   href: '%5E7.7.3' }
1650 verbose addNamed [ 'semver', '^7.7.3' ]
1651 verbose addNamed [ null, '>=7.7.3-0 <8.0.0-0' ]
1652 silly lockFile c26a8fbd-semver-7-7-3 semver@^7.7.3
1653 verbose lock semver@^7.7.3 C:\Users\jerry\AppData\Roaming\npm-cache\c26a8fbd-semver-7-7-3.lock
1654 verbose cache add [ 'shiki@^3.21.0', null ]
1655 verbose cache add name=undefined spec="shiki@^3.21.0" args=["shiki@^3.21.0",null]
1656 verbose parsed url { protocol: null,
1656 verbose parsed url   slashes: null,
1656 verbose parsed url   auth: null,
1656 verbose parsed url   host: null,
1656 verbose parsed url   port: null,
1656 verbose parsed url   hostname: null,
1656 verbose parsed url   hash: null,
1656 verbose parsed url   search: null,
1656 verbose parsed url   query: null,
1656 verbose parsed url   pathname: 'shiki@%5E3.21.0',
1656 verbose parsed url   path: 'shiki@%5E3.21.0',
1656 verbose parsed url   href: 'shiki@%5E3.21.0' }
1657 verbose cache add [ 'smol-toml@^1.6.0', null ]
1658 verbose cache add name=undefined spec="smol-toml@^1.6.0" args=["smol-toml@^1.6.0",null]
1659 verbose parsed url { protocol: null,
1659 verbose parsed url   slashes: null,
1659 verbose parsed url   auth: null,
1659 verbose parsed url   host: null,
1659 verbose parsed url   port: null,
1659 verbose parsed url   hostname: null,
1659 verbose parsed url   hash: null,
1659 verbose parsed url   search: null,
1659 verbose parsed url   query: null,
1659 verbose parsed url   pathname: 'smol-toml@%5E1.6.0',
1659 verbose parsed url   path: 'smol-toml@%5E1.6.0',
1659 verbose parsed url   href: 'smol-toml@%5E1.6.0' }
1660 verbose cache add [ 'svgo@^4.0.0', null ]
1661 verbose cache add name=undefined spec="svgo@^4.0.0" args=["svgo@^4.0.0",null]
1662 verbose parsed url { protocol: null,
1662 verbose parsed url   slashes: null,
1662 verbose parsed url   auth: null,
1662 verbose parsed url   host: null,
1662 verbose parsed url   port: null,
1662 verbose parsed url   hostname: null,
1662 verbose parsed url   hash: null,
1662 verbose parsed url   search: null,
1662 verbose parsed url   query: null,
1662 verbose parsed url   pathname: 'svgo@%5E4.0.0',
1662 verbose parsed url   path: 'svgo@%5E4.0.0',
1662 verbose parsed url   href: 'svgo@%5E4.0.0' }
1663 verbose cache add [ 'tinyexec@^1.0.2', null ]
1664 verbose cache add name=undefined spec="tinyexec@^1.0.2" args=["tinyexec@^1.0.2",null]
1665 verbose parsed url { protocol: null,
1665 verbose parsed url   slashes: null,
1665 verbose parsed url   auth: null,
1665 verbose parsed url   host: null,
1665 verbose parsed url   port: null,
1665 verbose parsed url   hostname: null,
1665 verbose parsed url   hash: null,
1665 verbose parsed url   search: null,
1665 verbose parsed url   query: null,
1665 verbose parsed url   pathname: 'tinyexec@%5E1.0.2',
1665 verbose parsed url   path: 'tinyexec@%5E1.0.2',
1665 verbose parsed url   href: 'tinyexec@%5E1.0.2' }
1666 verbose cache add [ 'tinyglobby@^0.2.15', null ]
1667 verbose cache add name=undefined spec="tinyglobby@^0.2.15" args=["tinyglobby@^0.2.15",null]
1668 verbose parsed url { protocol: null,
1668 verbose parsed url   slashes: null,
1668 verbose parsed url   auth: null,
1668 verbose parsed url   host: null,
1668 verbose parsed url   port: null,
1668 verbose parsed url   hostname: null,
1668 verbose parsed url   hash: null,
1668 verbose parsed url   search: null,
1668 verbose parsed url   query: null,
1668 verbose parsed url   pathname: 'tinyglobby@%5E0.2.15',
1668 verbose parsed url   path: 'tinyglobby@%5E0.2.15',
1668 verbose parsed url   href: 'tinyglobby@%5E0.2.15' }
1669 verbose cache add [ 'tsconfck@^3.1.6', null ]
1670 verbose cache add name=undefined spec="tsconfck@^3.1.6" args=["tsconfck@^3.1.6",null]
1671 verbose parsed url { protocol: null,
1671 verbose parsed url   slashes: null,
1671 verbose parsed url   auth: null,
1671 verbose parsed url   host: null,
1671 verbose parsed url   port: null,
1671 verbose parsed url   hostname: null,
1671 verbose parsed url   hash: null,
1671 verbose parsed url   search: null,
1671 verbose parsed url   query: null,
1671 verbose parsed url   pathname: 'tsconfck@%5E3.1.6',
1671 verbose parsed url   path: 'tsconfck@%5E3.1.6',
1671 verbose parsed url   href: 'tsconfck@%5E3.1.6' }
1672 verbose cache add [ 'ultrahtml@^1.6.0', null ]
1673 verbose cache add name=undefined spec="ultrahtml@^1.6.0" args=["ultrahtml@^1.6.0",null]
1674 verbose parsed url { protocol: null,
1674 verbose parsed url   slashes: null,
1674 verbose parsed url   auth: null,
1674 verbose parsed url   host: null,
1674 verbose parsed url   port: null,
1674 verbose parsed url   hostname: null,
1674 verbose parsed url   hash: null,
1674 verbose parsed url   search: null,
1674 verbose parsed url   query: null,
1674 verbose parsed url   pathname: 'ultrahtml@%5E1.6.0',
1674 verbose parsed url   path: 'ultrahtml@%5E1.6.0',
1674 verbose parsed url   href: 'ultrahtml@%5E1.6.0' }
1675 verbose cache add [ 'unifont@~0.7.3', null ]
1676 verbose cache add name=undefined spec="unifont@~0.7.3" args=["unifont@~0.7.3",null]
1677 verbose parsed url { protocol: null,
1677 verbose parsed url   slashes: null,
1677 verbose parsed url   auth: null,
1677 verbose parsed url   host: null,
1677 verbose parsed url   port: null,
1677 verbose parsed url   hostname: null,
1677 verbose parsed url   hash: null,
1677 verbose parsed url   search: null,
1677 verbose parsed url   query: null,
1677 verbose parsed url   pathname: 'unifont@~0.7.3',
1677 verbose parsed url   path: 'unifont@~0.7.3',
1677 verbose parsed url   href: 'unifont@~0.7.3' }
1678 verbose cache add [ 'unist-util-visit@^5.0.0', null ]
1679 verbose cache add name=undefined spec="unist-util-visit@^5.0.0" args=["unist-util-visit@^5.0.0",null]
1680 verbose parsed url { protocol: null,
1680 verbose parsed url   slashes: null,
1680 verbose parsed url   auth: null,
1680 verbose parsed url   host: null,
1680 verbose parsed url   port: null,
1680 verbose parsed url   hostname: null,
1680 verbose parsed url   hash: null,
1680 verbose parsed url   search: null,
1680 verbose parsed url   query: null,
1680 verbose parsed url   pathname: 'unist-util-visit@%5E5.0.0',
1680 verbose parsed url   path: 'unist-util-visit@%5E5.0.0',
1680 verbose parsed url   href: 'unist-util-visit@%5E5.0.0' }
1681 verbose cache add [ 'unstorage@^1.17.4', null ]
1682 verbose cache add name=undefined spec="unstorage@^1.17.4" args=["unstorage@^1.17.4",null]
1683 verbose parsed url { protocol: null,
1683 verbose parsed url   slashes: null,
1683 verbose parsed url   auth: null,
1683 verbose parsed url   host: null,
1683 verbose parsed url   port: null,
1683 verbose parsed url   hostname: null,
1683 verbose parsed url   hash: null,
1683 verbose parsed url   search: null,
1683 verbose parsed url   query: null,
1683 verbose parsed url   pathname: 'unstorage@%5E1.17.4',
1683 verbose parsed url   path: 'unstorage@%5E1.17.4',
1683 verbose parsed url   href: 'unstorage@%5E1.17.4' }
1684 verbose cache add [ 'vfile@^6.0.3', null ]
1685 verbose cache add name=undefined spec="vfile@^6.0.3" args=["vfile@^6.0.3",null]
1686 verbose parsed url { protocol: null,
1686 verbose parsed url   slashes: null,
1686 verbose parsed url   auth: null,
1686 verbose parsed url   host: null,
1686 verbose parsed url   port: null,
1686 verbose parsed url   hostname: null,
1686 verbose parsed url   hash: null,
1686 verbose parsed url   search: null,
1686 verbose parsed url   query: null,
1686 verbose parsed url   pathname: 'vfile@%5E6.0.3',
1686 verbose parsed url   path: 'vfile@%5E6.0.3',
1686 verbose parsed url   href: 'vfile@%5E6.0.3' }
1687 verbose cache add [ 'vite@^6.4.1', null ]
1688 verbose cache add name=undefined spec="vite@^6.4.1" args=["vite@^6.4.1",null]
1689 verbose parsed url { protocol: null,
1689 verbose parsed url   slashes: null,
1689 verbose parsed url   auth: null,
1689 verbose parsed url   host: null,
1689 verbose parsed url   port: null,
1689 verbose parsed url   hostname: null,
1689 verbose parsed url   hash: null,
1689 verbose parsed url   search: null,
1689 verbose parsed url   query: null,
1689 verbose parsed url   pathname: 'vite@%5E6.4.1',
1689 verbose parsed url   path: 'vite@%5E6.4.1',
1689 verbose parsed url   href: 'vite@%5E6.4.1' }
1690 verbose cache add [ 'vitefu@^1.1.1', null ]
1691 verbose cache add name=undefined spec="vitefu@^1.1.1" args=["vitefu@^1.1.1",null]
1692 verbose parsed url { protocol: null,
1692 verbose parsed url   slashes: null,
1692 verbose parsed url   auth: null,
1692 verbose parsed url   host: null,
1692 verbose parsed url   port: null,
1692 verbose parsed url   hostname: null,
1692 verbose parsed url   hash: null,
1692 verbose parsed url   search: null,
1692 verbose parsed url   query: null,
1692 verbose parsed url   pathname: 'vitefu@%5E1.1.1',
1692 verbose parsed url   path: 'vitefu@%5E1.1.1',
1692 verbose parsed url   href: 'vitefu@%5E1.1.1' }
1693 verbose cache add [ 'xxhash-wasm@^1.1.0', null ]
1694 verbose cache add name=undefined spec="xxhash-wasm@^1.1.0" args=["xxhash-wasm@^1.1.0",null]
1695 verbose parsed url { protocol: null,
1695 verbose parsed url   slashes: null,
1695 verbose parsed url   auth: null,
1695 verbose parsed url   host: null,
1695 verbose parsed url   port: null,
1695 verbose parsed url   hostname: null,
1695 verbose parsed url   hash: null,
1695 verbose parsed url   search: null,
1695 verbose parsed url   query: null,
1695 verbose parsed url   pathname: 'xxhash-wasm@%5E1.1.0',
1695 verbose parsed url   path: 'xxhash-wasm@%5E1.1.0',
1695 verbose parsed url   href: 'xxhash-wasm@%5E1.1.0' }
1696 verbose cache add [ 'yargs-parser@^21.1.1', null ]
1697 verbose cache add name=undefined spec="yargs-parser@^21.1.1" args=["yargs-parser@^21.1.1",null]
1698 verbose parsed url { protocol: null,
1698 verbose parsed url   slashes: null,
1698 verbose parsed url   auth: null,
1698 verbose parsed url   host: null,
1698 verbose parsed url   port: null,
1698 verbose parsed url   hostname: null,
1698 verbose parsed url   hash: null,
1698 verbose parsed url   search: null,
1698 verbose parsed url   query: null,
1698 verbose parsed url   pathname: 'yargs-parser@%5E21.1.1',
1698 verbose parsed url   path: 'yargs-parser@%5E21.1.1',
1698 verbose parsed url   href: 'yargs-parser@%5E21.1.1' }
1699 verbose cache add [ 'yocto-spinner@^0.2.3', null ]
1700 verbose cache add name=undefined spec="yocto-spinner@^0.2.3" args=["yocto-spinner@^0.2.3",null]
1701 verbose parsed url { protocol: null,
1701 verbose parsed url   slashes: null,
1701 verbose parsed url   auth: null,
1701 verbose parsed url   host: null,
1701 verbose parsed url   port: null,
1701 verbose parsed url   hostname: null,
1701 verbose parsed url   hash: null,
1701 verbose parsed url   search: null,
1701 verbose parsed url   query: null,
1701 verbose parsed url   pathname: 'yocto-spinner@%5E0.2.3',
1701 verbose parsed url   path: 'yocto-spinner@%5E0.2.3',
1701 verbose parsed url   href: 'yocto-spinner@%5E0.2.3' }
1702 verbose cache add [ 'zod@^3.25.76', null ]
1703 verbose cache add name=undefined spec="zod@^3.25.76" args=["zod@^3.25.76",null]
1704 verbose parsed url { protocol: null,
1704 verbose parsed url   slashes: null,
1704 verbose parsed url   auth: null,
1704 verbose parsed url   host: null,
1704 verbose parsed url   port: null,
1704 verbose parsed url   hostname: null,
1704 verbose parsed url   hash: null,
1704 verbose parsed url   search: null,
1704 verbose parsed url   query: null,
1704 verbose parsed url   pathname: 'zod@%5E3.25.76',
1704 verbose parsed url   path: 'zod@%5E3.25.76',
1704 verbose parsed url   href: 'zod@%5E3.25.76' }
1705 verbose cache add [ 'zod-to-json-schema@^3.25.1', null ]
1706 verbose cache add name=undefined spec="zod-to-json-schema@^3.25.1" args=["zod-to-json-schema@^3.25.1",null]
1707 verbose parsed url { protocol: null,
1707 verbose parsed url   slashes: null,
1707 verbose parsed url   auth: null,
1707 verbose parsed url   host: null,
1707 verbose parsed url   port: null,
1707 verbose parsed url   hostname: null,
1707 verbose parsed url   hash: null,
1707 verbose parsed url   search: null,
1707 verbose parsed url   query: null,
1707 verbose parsed url   pathname: 'zod-to-json-schema@%5E3.25.1',
1707 verbose parsed url   path: 'zod-to-json-schema@%5E3.25.1',
1707 verbose parsed url   href: 'zod-to-json-schema@%5E3.25.1' }
1708 verbose cache add [ 'zod-to-ts@^1.2.0', null ]
1709 verbose cache add name=undefined spec="zod-to-ts@^1.2.0" args=["zod-to-ts@^1.2.0",null]
1710 verbose parsed url { protocol: null,
1710 verbose parsed url   slashes: null,
1710 verbose parsed url   auth: null,
1710 verbose parsed url   host: null,
1710 verbose parsed url   port: null,
1710 verbose parsed url   hostname: null,
1710 verbose parsed url   hash: null,
1710 verbose parsed url   search: null,
1710 verbose parsed url   query: null,
1710 verbose parsed url   pathname: 'zod-to-ts@%5E1.2.0',
1710 verbose parsed url   path: 'zod-to-ts@%5E1.2.0',
1710 verbose parsed url   href: 'zod-to-ts@%5E1.2.0' }
1711 verbose cache add [ '@astrojs/internal-helpers@0.7.6', null ]
1712 verbose cache add name=undefined spec="@astrojs/internal-helpers@0.7.6" args=["@astrojs/internal-helpers@0.7.6",null]
1713 verbose parsed url { protocol: null,
1713 verbose parsed url   slashes: null,
1713 verbose parsed url   auth: null,
1713 verbose parsed url   host: null,
1713 verbose parsed url   port: null,
1713 verbose parsed url   hostname: null,
1713 verbose parsed url   hash: null,
1713 verbose parsed url   search: null,
1713 verbose parsed url   query: null,
1713 verbose parsed url   pathname: '@astrojs/internal-helpers@0.7.6',
1713 verbose parsed url   path: '@astrojs/internal-helpers@0.7.6',
1713 verbose parsed url   href: '@astrojs/internal-helpers@0.7.6' }
1714 silly addNameRange { name: 'magic-string',
1714 silly addNameRange   range: '>=0.30.21-0 <0.31.0-0',
1714 silly addNameRange   hasData: false }
1715 verbose url raw github-slugger
1716 verbose url resolving [ 'https://registry.npmjs.org/', './github-slugger' ]
1717 verbose url resolved https://registry.npmjs.org/github-slugger
1718 info trying registry request attempt 1 at 16:50:21
1719 http GET https://registry.npmjs.org/github-slugger
1720 verbose url raw html-escaper
1721 verbose url resolving [ 'https://registry.npmjs.org/', './html-escaper' ]
1722 verbose url resolved https://registry.npmjs.org/html-escaper
1723 info trying registry request attempt 1 at 16:50:21
1724 http GET https://registry.npmjs.org/html-escaper
1725 verbose url raw http-cache-semantics
1726 verbose url resolving [ 'https://registry.npmjs.org/', './http-cache-semantics' ]
1727 verbose url resolved https://registry.npmjs.org/http-cache-semantics
1728 info trying registry request attempt 1 at 16:50:21
1729 http GET https://registry.npmjs.org/http-cache-semantics
1730 verbose url raw js-yaml
1731 verbose url resolving [ 'https://registry.npmjs.org/', './js-yaml' ]
1732 verbose url resolved https://registry.npmjs.org/js-yaml
1733 info trying registry request attempt 1 at 16:50:21
1734 http GET https://registry.npmjs.org/js-yaml
1735 verbose url raw import-meta-resolve
1736 verbose url resolving [ 'https://registry.npmjs.org/', './import-meta-resolve' ]
1737 verbose url resolved https://registry.npmjs.org/import-meta-resolve
1738 info trying registry request attempt 1 at 16:50:21
1739 http GET https://registry.npmjs.org/import-meta-resolve
1740 silly addNameRange { name: 'mrmime', range: '>=2.0.1-0 <3.0.0-0', hasData: false }
1741 silly addNameRange { name: 'magicast', range: '>=0.5.1-0 <0.6.0-0', hasData: false }
1742 silly addNameRange { name: 'neotraverse',
1742 silly addNameRange   range: '>=0.6.18-0 <0.7.0-0',
1742 silly addNameRange   hasData: false }
1743 silly addNameRange { name: 'p-limit', range: '>=6.2.0-0 <7.0.0-0', hasData: false }
1744 silly addNameRange { name: 'p-queue', range: '>=8.1.1-0 <9.0.0-0', hasData: false }
1745 verbose cache add name="shiki" spec="^3.21.0" args=["shiki","^3.21.0"]
1746 verbose parsed url { protocol: null,
1746 verbose parsed url   slashes: null,
1746 verbose parsed url   auth: null,
1746 verbose parsed url   host: null,
1746 verbose parsed url   port: null,
1746 verbose parsed url   hostname: null,
1746 verbose parsed url   hash: null,
1746 verbose parsed url   search: null,
1746 verbose parsed url   query: null,
1746 verbose parsed url   pathname: '%5E3.21.0',
1746 verbose parsed url   path: '%5E3.21.0',
1746 verbose parsed url   href: '%5E3.21.0' }
1747 verbose addNamed [ 'shiki', '^3.21.0' ]
1748 verbose addNamed [ null, '>=3.21.0-0 <4.0.0-0' ]
1749 silly lockFile 936f7579-shiki-3-21-0 shiki@^3.21.0
1750 verbose lock shiki@^3.21.0 C:\Users\jerry\AppData\Roaming\npm-cache\936f7579-shiki-3-21-0.lock
1751 verbose cache add name="smol-toml" spec="^1.6.0" args=["smol-toml","^1.6.0"]
1752 verbose parsed url { protocol: null,
1752 verbose parsed url   slashes: null,
1752 verbose parsed url   auth: null,
1752 verbose parsed url   host: null,
1752 verbose parsed url   port: null,
1752 verbose parsed url   hostname: null,
1752 verbose parsed url   hash: null,
1752 verbose parsed url   search: null,
1752 verbose parsed url   query: null,
1752 verbose parsed url   pathname: '%5E1.6.0',
1752 verbose parsed url   path: '%5E1.6.0',
1752 verbose parsed url   href: '%5E1.6.0' }
1753 verbose addNamed [ 'smol-toml', '^1.6.0' ]
1754 verbose addNamed [ null, '>=1.6.0-0 <2.0.0-0' ]
1755 silly lockFile 86e560ac-smol-toml-1-6-0 smol-toml@^1.6.0
1756 verbose lock smol-toml@^1.6.0 C:\Users\jerry\AppData\Roaming\npm-cache\86e560ac-smol-toml-1-6-0.lock
1757 verbose cache add name="svgo" spec="^4.0.0" args=["svgo","^4.0.0"]
1758 verbose parsed url { protocol: null,
1758 verbose parsed url   slashes: null,
1758 verbose parsed url   auth: null,
1758 verbose parsed url   host: null,
1758 verbose parsed url   port: null,
1758 verbose parsed url   hostname: null,
1758 verbose parsed url   hash: null,
1758 verbose parsed url   search: null,
1758 verbose parsed url   query: null,
1758 verbose parsed url   pathname: '%5E4.0.0',
1758 verbose parsed url   path: '%5E4.0.0',
1758 verbose parsed url   href: '%5E4.0.0' }
1759 verbose addNamed [ 'svgo', '^4.0.0' ]
1760 verbose addNamed [ null, '>=4.0.0-0 <5.0.0-0' ]
1761 silly lockFile 2cf765ef-svgo-4-0-0 svgo@^4.0.0
1762 verbose lock svgo@^4.0.0 C:\Users\jerry\AppData\Roaming\npm-cache\2cf765ef-svgo-4-0-0.lock
1763 verbose cache add name="tinyexec" spec="^1.0.2" args=["tinyexec","^1.0.2"]
1764 verbose parsed url { protocol: null,
1764 verbose parsed url   slashes: null,
1764 verbose parsed url   auth: null,
1764 verbose parsed url   host: null,
1764 verbose parsed url   port: null,
1764 verbose parsed url   hostname: null,
1764 verbose parsed url   hash: null,
1764 verbose parsed url   search: null,
1764 verbose parsed url   query: null,
1764 verbose parsed url   pathname: '%5E1.0.2',
1764 verbose parsed url   path: '%5E1.0.2',
1764 verbose parsed url   href: '%5E1.0.2' }
1765 verbose addNamed [ 'tinyexec', '^1.0.2' ]
1766 verbose addNamed [ null, '>=1.0.2-0 <2.0.0-0' ]
1767 silly lockFile e9d90679-tinyexec-1-0-2 tinyexec@^1.0.2
1768 verbose lock tinyexec@^1.0.2 C:\Users\jerry\AppData\Roaming\npm-cache\e9d90679-tinyexec-1-0-2.lock
1769 verbose cache add name="tinyglobby" spec="^0.2.15" args=["tinyglobby","^0.2.15"]
1770 verbose parsed url { protocol: null,
1770 verbose parsed url   slashes: null,
1770 verbose parsed url   auth: null,
1770 verbose parsed url   host: null,
1770 verbose parsed url   port: null,
1770 verbose parsed url   hostname: null,
1770 verbose parsed url   hash: null,
1770 verbose parsed url   search: null,
1770 verbose parsed url   query: null,
1770 verbose parsed url   pathname: '%5E0.2.15',
1770 verbose parsed url   path: '%5E0.2.15',
1770 verbose parsed url   href: '%5E0.2.15' }
1771 verbose addNamed [ 'tinyglobby', '^0.2.15' ]
1772 verbose addNamed [ null, '>=0.2.15-0 <0.3.0-0' ]
1773 silly lockFile f9b94bf2-tinyglobby-0-2-15 tinyglobby@^0.2.15
1774 verbose lock tinyglobby@^0.2.15 C:\Users\jerry\AppData\Roaming\npm-cache\f9b94bf2-tinyglobby-0-2-15.lock
1775 verbose cache add name="tsconfck" spec="^3.1.6" args=["tsconfck","^3.1.6"]
1776 verbose parsed url { protocol: null,
1776 verbose parsed url   slashes: null,
1776 verbose parsed url   auth: null,
1776 verbose parsed url   host: null,
1776 verbose parsed url   port: null,
1776 verbose parsed url   hostname: null,
1776 verbose parsed url   hash: null,
1776 verbose parsed url   search: null,
1776 verbose parsed url   query: null,
1776 verbose parsed url   pathname: '%5E3.1.6',
1776 verbose parsed url   path: '%5E3.1.6',
1776 verbose parsed url   href: '%5E3.1.6' }
1777 verbose addNamed [ 'tsconfck', '^3.1.6' ]
1778 verbose addNamed [ null, '>=3.1.6-0 <4.0.0-0' ]
1779 silly lockFile 955497d1-tsconfck-3-1-6 tsconfck@^3.1.6
1780 verbose lock tsconfck@^3.1.6 C:\Users\jerry\AppData\Roaming\npm-cache\955497d1-tsconfck-3-1-6.lock
1781 verbose cache add name="ultrahtml" spec="^1.6.0" args=["ultrahtml","^1.6.0"]
1782 verbose parsed url { protocol: null,
1782 verbose parsed url   slashes: null,
1782 verbose parsed url   auth: null,
1782 verbose parsed url   host: null,
1782 verbose parsed url   port: null,
1782 verbose parsed url   hostname: null,
1782 verbose parsed url   hash: null,
1782 verbose parsed url   search: null,
1782 verbose parsed url   query: null,
1782 verbose parsed url   pathname: '%5E1.6.0',
1782 verbose parsed url   path: '%5E1.6.0',
1782 verbose parsed url   href: '%5E1.6.0' }
1783 verbose addNamed [ 'ultrahtml', '^1.6.0' ]
1784 verbose addNamed [ null, '>=1.6.0-0 <2.0.0-0' ]
1785 silly lockFile e23985f5-ultrahtml-1-6-0 ultrahtml@^1.6.0
1786 verbose lock ultrahtml@^1.6.0 C:\Users\jerry\AppData\Roaming\npm-cache\e23985f5-ultrahtml-1-6-0.lock
1787 verbose cache add name="unifont" spec="~0.7.3" args=["unifont","~0.7.3"]
1788 verbose parsed url { protocol: null,
1788 verbose parsed url   slashes: null,
1788 verbose parsed url   auth: null,
1788 verbose parsed url   host: null,
1788 verbose parsed url   port: null,
1788 verbose parsed url   hostname: null,
1788 verbose parsed url   hash: null,
1788 verbose parsed url   search: null,
1788 verbose parsed url   query: null,
1788 verbose parsed url   pathname: '~0.7.3',
1788 verbose parsed url   path: '~0.7.3',
1788 verbose parsed url   href: '~0.7.3' }
1789 verbose addNamed [ 'unifont', '~0.7.3' ]
1790 verbose addNamed [ null, '>=0.7.3-0 <0.8.0-0' ]
1791 silly lockFile 0b18e83c-unifont-0-7-3 unifont@~0.7.3
1792 verbose lock unifont@~0.7.3 C:\Users\jerry\AppData\Roaming\npm-cache\0b18e83c-unifont-0-7-3.lock
1793 verbose cache add name="unist-util-visit" spec="^5.0.0" args=["unist-util-visit","^5.0.0"]
1794 verbose parsed url { protocol: null,
1794 verbose parsed url   slashes: null,
1794 verbose parsed url   auth: null,
1794 verbose parsed url   host: null,
1794 verbose parsed url   port: null,
1794 verbose parsed url   hostname: null,
1794 verbose parsed url   hash: null,
1794 verbose parsed url   search: null,
1794 verbose parsed url   query: null,
1794 verbose parsed url   pathname: '%5E5.0.0',
1794 verbose parsed url   path: '%5E5.0.0',
1794 verbose parsed url   href: '%5E5.0.0' }
1795 verbose addNamed [ 'unist-util-visit', '^5.0.0' ]
1796 verbose addNamed [ null, '>=5.0.0-0 <6.0.0-0' ]
1797 silly lockFile 288dae6c-unist-util-visit-5-0-0 unist-util-visit@^5.0.0
1798 verbose lock unist-util-visit@^5.0.0 C:\Users\jerry\AppData\Roaming\npm-cache\288dae6c-unist-util-visit-5-0-0.lock
1799 verbose cache add name="unstorage" spec="^1.17.4" args=["unstorage","^1.17.4"]
1800 verbose parsed url { protocol: null,
1800 verbose parsed url   slashes: null,
1800 verbose parsed url   auth: null,
1800 verbose parsed url   host: null,
1800 verbose parsed url   port: null,
1800 verbose parsed url   hostname: null,
1800 verbose parsed url   hash: null,
1800 verbose parsed url   search: null,
1800 verbose parsed url   query: null,
1800 verbose parsed url   pathname: '%5E1.17.4',
1800 verbose parsed url   path: '%5E1.17.4',
1800 verbose parsed url   href: '%5E1.17.4' }
1801 verbose addNamed [ 'unstorage', '^1.17.4' ]
1802 verbose addNamed [ null, '>=1.17.4-0 <2.0.0-0' ]
1803 silly lockFile 59aeaea7-unstorage-1-17-4 unstorage@^1.17.4
1804 verbose lock unstorage@^1.17.4 C:\Users\jerry\AppData\Roaming\npm-cache\59aeaea7-unstorage-1-17-4.lock
1805 verbose cache add name="vfile" spec="^6.0.3" args=["vfile","^6.0.3"]
1806 verbose parsed url { protocol: null,
1806 verbose parsed url   slashes: null,
1806 verbose parsed url   auth: null,
1806 verbose parsed url   host: null,
1806 verbose parsed url   port: null,
1806 verbose parsed url   hostname: null,
1806 verbose parsed url   hash: null,
1806 verbose parsed url   search: null,
1806 verbose parsed url   query: null,
1806 verbose parsed url   pathname: '%5E6.0.3',
1806 verbose parsed url   path: '%5E6.0.3',
1806 verbose parsed url   href: '%5E6.0.3' }
1807 verbose addNamed [ 'vfile', '^6.0.3' ]
1808 verbose addNamed [ null, '>=6.0.3-0 <7.0.0-0' ]
1809 silly lockFile b2b4e0e5-vfile-6-0-3 vfile@^6.0.3
1810 verbose lock vfile@^6.0.3 C:\Users\jerry\AppData\Roaming\npm-cache\b2b4e0e5-vfile-6-0-3.lock
1811 verbose cache add name="vite" spec="^6.4.1" args=["vite","^6.4.1"]
1812 verbose parsed url { protocol: null,
1812 verbose parsed url   slashes: null,
1812 verbose parsed url   auth: null,
1812 verbose parsed url   host: null,
1812 verbose parsed url   port: null,
1812 verbose parsed url   hostname: null,
1812 verbose parsed url   hash: null,
1812 verbose parsed url   search: null,
1812 verbose parsed url   query: null,
1812 verbose parsed url   pathname: '%5E6.4.1',
1812 verbose parsed url   path: '%5E6.4.1',
1812 verbose parsed url   href: '%5E6.4.1' }
1813 verbose addNamed [ 'vite', '^6.4.1' ]
1814 verbose addNamed [ null, '>=6.4.1-0 <7.0.0-0' ]
1815 silly lockFile 1edda90a-vite-6-4-1 vite@^6.4.1
1816 verbose lock vite@^6.4.1 C:\Users\jerry\AppData\Roaming\npm-cache\1edda90a-vite-6-4-1.lock
1817 verbose cache add name="vitefu" spec="^1.1.1" args=["vitefu","^1.1.1"]
1818 verbose parsed url { protocol: null,
1818 verbose parsed url   slashes: null,
1818 verbose parsed url   auth: null,
1818 verbose parsed url   host: null,
1818 verbose parsed url   port: null,
1818 verbose parsed url   hostname: null,
1818 verbose parsed url   hash: null,
1818 verbose parsed url   search: null,
1818 verbose parsed url   query: null,
1818 verbose parsed url   pathname: '%5E1.1.1',
1818 verbose parsed url   path: '%5E1.1.1',
1818 verbose parsed url   href: '%5E1.1.1' }
1819 verbose addNamed [ 'vitefu', '^1.1.1' ]
1820 verbose addNamed [ null, '>=1.1.1-0 <2.0.0-0' ]
1821 silly lockFile 7d93c586-vitefu-1-1-1 vitefu@^1.1.1
1822 verbose lock vitefu@^1.1.1 C:\Users\jerry\AppData\Roaming\npm-cache\7d93c586-vitefu-1-1-1.lock
1823 verbose cache add name="xxhash-wasm" spec="^1.1.0" args=["xxhash-wasm","^1.1.0"]
1824 verbose parsed url { protocol: null,
1824 verbose parsed url   slashes: null,
1824 verbose parsed url   auth: null,
1824 verbose parsed url   host: null,
1824 verbose parsed url   port: null,
1824 verbose parsed url   hostname: null,
1824 verbose parsed url   hash: null,
1824 verbose parsed url   search: null,
1824 verbose parsed url   query: null,
1824 verbose parsed url   pathname: '%5E1.1.0',
1824 verbose parsed url   path: '%5E1.1.0',
1824 verbose parsed url   href: '%5E1.1.0' }
1825 verbose addNamed [ 'xxhash-wasm', '^1.1.0' ]
1826 verbose addNamed [ null, '>=1.1.0-0 <2.0.0-0' ]
1827 silly lockFile 6362a879-xxhash-wasm-1-1-0 xxhash-wasm@^1.1.0
1828 verbose lock xxhash-wasm@^1.1.0 C:\Users\jerry\AppData\Roaming\npm-cache\6362a879-xxhash-wasm-1-1-0.lock
1829 verbose cache add name="yargs-parser" spec="^21.1.1" args=["yargs-parser","^21.1.1"]
1830 verbose parsed url { protocol: null,
1830 verbose parsed url   slashes: null,
1830 verbose parsed url   auth: null,
1830 verbose parsed url   host: null,
1830 verbose parsed url   port: null,
1830 verbose parsed url   hostname: null,
1830 verbose parsed url   hash: null,
1830 verbose parsed url   search: null,
1830 verbose parsed url   query: null,
1830 verbose parsed url   pathname: '%5E21.1.1',
1830 verbose parsed url   path: '%5E21.1.1',
1830 verbose parsed url   href: '%5E21.1.1' }
1831 verbose addNamed [ 'yargs-parser', '^21.1.1' ]
1832 verbose addNamed [ null, '>=21.1.1-0 <22.0.0-0' ]
1833 silly lockFile 56f49c22-yargs-parser-21-1-1 yargs-parser@^21.1.1
1834 verbose lock yargs-parser@^21.1.1 C:\Users\jerry\AppData\Roaming\npm-cache\56f49c22-yargs-parser-21-1-1.lock
1835 verbose cache add name="yocto-spinner" spec="^0.2.3" args=["yocto-spinner","^0.2.3"]
1836 verbose parsed url { protocol: null,
1836 verbose parsed url   slashes: null,
1836 verbose parsed url   auth: null,
1836 verbose parsed url   host: null,
1836 verbose parsed url   port: null,
1836 verbose parsed url   hostname: null,
1836 verbose parsed url   hash: null,
1836 verbose parsed url   search: null,
1836 verbose parsed url   query: null,
1836 verbose parsed url   pathname: '%5E0.2.3',
1836 verbose parsed url   path: '%5E0.2.3',
1836 verbose parsed url   href: '%5E0.2.3' }
1837 verbose addNamed [ 'yocto-spinner', '^0.2.3' ]
1838 verbose addNamed [ null, '>=0.2.3-0 <0.3.0-0' ]
1839 silly lockFile 16567e80-yocto-spinner-0-2-3 yocto-spinner@^0.2.3
1840 verbose lock yocto-spinner@^0.2.3 C:\Users\jerry\AppData\Roaming\npm-cache\16567e80-yocto-spinner-0-2-3.lock
1841 verbose cache add name="zod" spec="^3.25.76" args=["zod","^3.25.76"]
1842 verbose parsed url { protocol: null,
1842 verbose parsed url   slashes: null,
1842 verbose parsed url   auth: null,
1842 verbose parsed url   host: null,
1842 verbose parsed url   port: null,
1842 verbose parsed url   hostname: null,
1842 verbose parsed url   hash: null,
1842 verbose parsed url   search: null,
1842 verbose parsed url   query: null,
1842 verbose parsed url   pathname: '%5E3.25.76',
1842 verbose parsed url   path: '%5E3.25.76',
1842 verbose parsed url   href: '%5E3.25.76' }
1843 verbose addNamed [ 'zod', '^3.25.76' ]
1844 verbose addNamed [ null, '>=3.25.76-0 <4.0.0-0' ]
1845 silly lockFile fb0d971c-zod-3-25-76 zod@^3.25.76
1846 verbose lock zod@^3.25.76 C:\Users\jerry\AppData\Roaming\npm-cache\fb0d971c-zod-3-25-76.lock
1847 verbose cache add name="zod-to-json-schema" spec="^3.25.1" args=["zod-to-json-schema","^3.25.1"]
1848 verbose parsed url { protocol: null,
1848 verbose parsed url   slashes: null,
1848 verbose parsed url   auth: null,
1848 verbose parsed url   host: null,
1848 verbose parsed url   port: null,
1848 verbose parsed url   hostname: null,
1848 verbose parsed url   hash: null,
1848 verbose parsed url   search: null,
1848 verbose parsed url   query: null,
1848 verbose parsed url   pathname: '%5E3.25.1',
1848 verbose parsed url   path: '%5E3.25.1',
1848 verbose parsed url   href: '%5E3.25.1' }
1849 verbose addNamed [ 'zod-to-json-schema', '^3.25.1' ]
1850 verbose addNamed [ null, '>=3.25.1-0 <4.0.0-0' ]
1851 silly lockFile fb187f63-zod-to-json-schema-3-25-1 zod-to-json-schema@^3.25.1
1852 verbose lock zod-to-json-schema@^3.25.1 C:\Users\jerry\AppData\Roaming\npm-cache\fb187f63-zod-to-json-schema-3-25-1.lock
1853 verbose cache add name="zod-to-ts" spec="^1.2.0" args=["zod-to-ts","^1.2.0"]
1854 verbose parsed url { protocol: null,
1854 verbose parsed url   slashes: null,
1854 verbose parsed url   auth: null,
1854 verbose parsed url   host: null,
1854 verbose parsed url   port: null,
1854 verbose parsed url   hostname: null,
1854 verbose parsed url   hash: null,
1854 verbose parsed url   search: null,
1854 verbose parsed url   query: null,
1854 verbose parsed url   pathname: '%5E1.2.0',
1854 verbose parsed url   path: '%5E1.2.0',
1854 verbose parsed url   href: '%5E1.2.0' }
1855 verbose addNamed [ 'zod-to-ts', '^1.2.0' ]
1856 verbose addNamed [ null, '>=1.2.0-0 <2.0.0-0' ]
1857 silly lockFile 9ebd2319-zod-to-ts-1-2-0 zod-to-ts@^1.2.0
1858 verbose lock zod-to-ts@^1.2.0 C:\Users\jerry\AppData\Roaming\npm-cache\9ebd2319-zod-to-ts-1-2-0.lock
1859 verbose cache add name="" spec="astrojs/internal-helpers@0.7.6" args=["","astrojs/internal-helpers@0.7.6"]
1860 verbose parsed url { protocol: null,
1860 verbose parsed url   slashes: null,
1860 verbose parsed url   auth: null,
1860 verbose parsed url   host: null,
1860 verbose parsed url   port: null,
1860 verbose parsed url   hostname: null,
1860 verbose parsed url   hash: null,
1860 verbose parsed url   search: null,
1860 verbose parsed url   query: null,
1860 verbose parsed url   pathname: 'astrojs/internal-helpers@0.7.6',
1860 verbose parsed url   path: 'astrojs/internal-helpers@0.7.6',
1860 verbose parsed url   href: 'astrojs/internal-helpers@0.7.6' }
1861 verbose cache add [ '@astrojs/telemetry@3.3.0', null ]
1862 verbose cache add name=undefined spec="@astrojs/telemetry@3.3.0" args=["@astrojs/telemetry@3.3.0",null]
1863 verbose parsed url { protocol: null,
1863 verbose parsed url   slashes: null,
1863 verbose parsed url   auth: null,
1863 verbose parsed url   host: null,
1863 verbose parsed url   port: null,
1863 verbose parsed url   hostname: null,
1863 verbose parsed url   hash: null,
1863 verbose parsed url   search: null,
1863 verbose parsed url   query: null,
1863 verbose parsed url   pathname: '@astrojs/telemetry@3.3.0',
1863 verbose parsed url   path: '@astrojs/telemetry@3.3.0',
1863 verbose parsed url   href: '@astrojs/telemetry@3.3.0' }
1864 verbose cache add [ '@astrojs/markdown-remark@6.3.11', null ]
1865 verbose cache add name=undefined spec="@astrojs/markdown-remark@6.3.11" args=["@astrojs/markdown-remark@6.3.11",null]
1866 verbose parsed url { protocol: null,
1866 verbose parsed url   slashes: null,
1866 verbose parsed url   auth: null,
1866 verbose parsed url   host: null,
1866 verbose parsed url   port: null,
1866 verbose parsed url   hostname: null,
1866 verbose parsed url   hash: null,
1866 verbose parsed url   search: null,
1866 verbose parsed url   query: null,
1866 verbose parsed url   pathname: '@astrojs/markdown-remark@6.3.11',
1866 verbose parsed url   path: '@astrojs/markdown-remark@6.3.11',
1866 verbose parsed url   href: '@astrojs/markdown-remark@6.3.11' }
1867 verbose cache add [ 'sharp@^0.34.0', null ]
1868 verbose cache add name=undefined spec="sharp@^0.34.0" args=["sharp@^0.34.0",null]
1869 verbose parsed url { protocol: null,
1869 verbose parsed url   slashes: null,
1869 verbose parsed url   auth: null,
1869 verbose parsed url   host: null,
1869 verbose parsed url   port: null,
1869 verbose parsed url   hostname: null,
1869 verbose parsed url   hash: null,
1869 verbose parsed url   search: null,
1869 verbose parsed url   query: null,
1869 verbose parsed url   pathname: 'sharp@%5E0.34.0',
1869 verbose parsed url   path: 'sharp@%5E0.34.0',
1869 verbose parsed url   href: 'sharp@%5E0.34.0' }
1870 silly addNameRange { name: 'package-manager-detector',
1870 silly addNameRange   range: '>=1.6.0-0 <2.0.0-0',
1870 silly addNameRange   hasData: false }
1871 verbose url raw magic-string
1872 verbose url resolving [ 'https://registry.npmjs.org/', './magic-string' ]
1873 verbose url resolved https://registry.npmjs.org/magic-string
1874 info trying registry request attempt 1 at 16:50:21
1875 http GET https://registry.npmjs.org/magic-string
1876 verbose url raw mrmime
1877 verbose url resolving [ 'https://registry.npmjs.org/', './mrmime' ]
1878 verbose url resolved https://registry.npmjs.org/mrmime
1879 info trying registry request attempt 1 at 16:50:21
1880 http GET https://registry.npmjs.org/mrmime
1881 verbose url raw magicast
1882 verbose url resolving [ 'https://registry.npmjs.org/', './magicast' ]
1883 verbose url resolved https://registry.npmjs.org/magicast
1884 info trying registry request attempt 1 at 16:50:21
1885 http GET https://registry.npmjs.org/magicast
1886 verbose url raw neotraverse
1887 verbose url resolving [ 'https://registry.npmjs.org/', './neotraverse' ]
1888 verbose url resolved https://registry.npmjs.org/neotraverse
1889 info trying registry request attempt 1 at 16:50:21
1890 http GET https://registry.npmjs.org/neotraverse
1891 verbose url raw p-limit
1892 verbose url resolving [ 'https://registry.npmjs.org/', './p-limit' ]
1893 verbose url resolved https://registry.npmjs.org/p-limit
1894 info trying registry request attempt 1 at 16:50:21
1895 http GET https://registry.npmjs.org/p-limit
1896 verbose url raw p-queue
1897 verbose url resolving [ 'https://registry.npmjs.org/', './p-queue' ]
1898 verbose url resolved https://registry.npmjs.org/p-queue
1899 info trying registry request attempt 1 at 16:50:21
1900 http GET https://registry.npmjs.org/p-queue
1901 silly addNameRange { name: 'piccolore',
1901 silly addNameRange   range: '>=0.1.3-0 <0.2.0-0',
1901 silly addNameRange   hasData: false }
1902 silly addNameRange { name: 'picomatch',
1902 silly addNameRange   range: '>=4.0.3-0 <5.0.0-0',
1902 silly addNameRange   hasData: false }
1903 silly addNameRange { name: 'rehype', range: '>=13.0.2-0 <14.0.0-0', hasData: false }
1904 silly addNameRange { name: 'prompts', range: '>=2.4.2-0 <3.0.0-0', hasData: false }
1905 silly addNameRange { name: 'semver', range: '>=7.7.3-0 <8.0.0-0', hasData: false }
1906 verbose cache add name="astrojs/internal-helpers" spec="0.7.6" args=["astrojs/internal-helpers","0.7.6"]
1907 verbose parsed url { protocol: null,
1907 verbose parsed url   slashes: null,
1907 verbose parsed url   auth: null,
1907 verbose parsed url   host: null,
1907 verbose parsed url   port: null,
1907 verbose parsed url   hostname: null,
1907 verbose parsed url   hash: null,
1907 verbose parsed url   search: null,
1907 verbose parsed url   query: null,
1907 verbose parsed url   pathname: '0.7.6',
1907 verbose parsed url   path: '0.7.6',
1907 verbose parsed url   href: '0.7.6' }
1908 verbose addNamed [ 'astrojs/internal-helpers', '0.7.6' ]
1909 verbose addNamed [ '0.7.6', '0.7.6' ]
1910 silly lockFile 753eb2bd-astrojs-internal-helpers-0-7-6 astrojs/internal-helpers@0.7.6
1911 verbose lock astrojs/internal-helpers@0.7.6 C:\Users\jerry\AppData\Roaming\npm-cache\753eb2bd-astrojs-internal-helpers-0-7-6.lock
1912 verbose cache add name="" spec="astrojs/telemetry@3.3.0" args=["","astrojs/telemetry@3.3.0"]
1913 verbose parsed url { protocol: null,
1913 verbose parsed url   slashes: null,
1913 verbose parsed url   auth: null,
1913 verbose parsed url   host: null,
1913 verbose parsed url   port: null,
1913 verbose parsed url   hostname: null,
1913 verbose parsed url   hash: null,
1913 verbose parsed url   search: null,
1913 verbose parsed url   query: null,
1913 verbose parsed url   pathname: 'astrojs/telemetry@3.3.0',
1913 verbose parsed url   path: 'astrojs/telemetry@3.3.0',
1913 verbose parsed url   href: 'astrojs/telemetry@3.3.0' }
1914 verbose cache add name="" spec="astrojs/markdown-remark@6.3.11" args=["","astrojs/markdown-remark@6.3.11"]
1915 verbose parsed url { protocol: null,
1915 verbose parsed url   slashes: null,
1915 verbose parsed url   auth: null,
1915 verbose parsed url   host: null,
1915 verbose parsed url   port: null,
1915 verbose parsed url   hostname: null,
1915 verbose parsed url   hash: null,
1915 verbose parsed url   search: null,
1915 verbose parsed url   query: null,
1915 verbose parsed url   pathname: 'astrojs/markdown-remark@6.3.11',
1915 verbose parsed url   path: 'astrojs/markdown-remark@6.3.11',
1915 verbose parsed url   href: 'astrojs/markdown-remark@6.3.11' }
1916 verbose cache add name="sharp" spec="^0.34.0" args=["sharp","^0.34.0"]
1917 verbose parsed url { protocol: null,
1917 verbose parsed url   slashes: null,
1917 verbose parsed url   auth: null,
1917 verbose parsed url   host: null,
1917 verbose parsed url   port: null,
1917 verbose parsed url   hostname: null,
1917 verbose parsed url   hash: null,
1917 verbose parsed url   search: null,
1917 verbose parsed url   query: null,
1917 verbose parsed url   pathname: '%5E0.34.0',
1917 verbose parsed url   path: '%5E0.34.0',
1917 verbose parsed url   href: '%5E0.34.0' }
1918 verbose addNamed [ 'sharp', '^0.34.0' ]
1919 verbose addNamed [ null, '>=0.34.0-0 <0.35.0-0' ]
1920 silly lockFile 4c39d1ed-sharp-0-34-0 sharp@^0.34.0
1921 verbose lock sharp@^0.34.0 C:\Users\jerry\AppData\Roaming\npm-cache\4c39d1ed-sharp-0-34-0.lock
1922 verbose url raw package-manager-detector
1923 verbose url resolving [ 'https://registry.npmjs.org/', './package-manager-detector' ]
1924 verbose url resolved https://registry.npmjs.org/package-manager-detector
1925 info trying registry request attempt 1 at 16:50:21
1926 http GET https://registry.npmjs.org/package-manager-detector
1927 verbose url raw piccolore
1928 verbose url resolving [ 'https://registry.npmjs.org/', './piccolore' ]
1929 verbose url resolved https://registry.npmjs.org/piccolore
1930 info trying registry request attempt 1 at 16:50:21
1931 http GET https://registry.npmjs.org/piccolore
1932 verbose url raw picomatch
1933 verbose url resolving [ 'https://registry.npmjs.org/', './picomatch' ]
1934 verbose url resolved https://registry.npmjs.org/picomatch
1935 info trying registry request attempt 1 at 16:50:21
1936 http GET https://registry.npmjs.org/picomatch
1937 verbose url raw rehype
1938 verbose url resolving [ 'https://registry.npmjs.org/', './rehype' ]
1939 verbose url resolved https://registry.npmjs.org/rehype
1940 info trying registry request attempt 1 at 16:50:21
1941 http GET https://registry.npmjs.org/rehype
1942 verbose url raw prompts
1943 verbose url resolving [ 'https://registry.npmjs.org/', './prompts' ]
1944 verbose url resolved https://registry.npmjs.org/prompts
1945 info trying registry request attempt 1 at 16:50:21
1946 http GET https://registry.npmjs.org/prompts
1947 verbose url raw semver
1948 verbose url resolving [ 'https://registry.npmjs.org/', './semver' ]
1949 verbose url resolved https://registry.npmjs.org/semver
1950 info trying registry request attempt 1 at 16:50:21
1951 http GET https://registry.npmjs.org/semver
1952 silly addNameRange { name: 'shiki', range: '>=3.21.0-0 <4.0.0-0', hasData: false }
1953 silly addNameRange { name: 'smol-toml',
1953 silly addNameRange   range: '>=1.6.0-0 <2.0.0-0',
1953 silly addNameRange   hasData: false }
1954 silly addNameRange { name: 'svgo', range: '>=4.0.0-0 <5.0.0-0', hasData: false }
1955 silly addNameRange { name: 'tinyexec', range: '>=1.0.2-0 <2.0.0-0', hasData: false }
1956 silly addNameRange { name: 'tsconfck', range: '>=3.1.6-0 <4.0.0-0', hasData: false }
1957 silly addNameRange { name: 'tinyglobby',
1957 silly addNameRange   range: '>=0.2.15-0 <0.3.0-0',
1957 silly addNameRange   hasData: false }
1958 silly addNameRange { name: 'ultrahtml',
1958 silly addNameRange   range: '>=1.6.0-0 <2.0.0-0',
1958 silly addNameRange   hasData: false }
1959 silly addNameRange { name: 'unist-util-visit',
1959 silly addNameRange   range: '>=5.0.0-0 <6.0.0-0',
1959 silly addNameRange   hasData: false }
1960 silly addNameRange { name: 'unifont', range: '>=0.7.3-0 <0.8.0-0', hasData: false }
1961 silly addNameRange { name: 'unstorage',
1961 silly addNameRange   range: '>=1.17.4-0 <2.0.0-0',
1961 silly addNameRange   hasData: false }
1962 silly addNameRange { name: 'vfile', range: '>=6.0.3-0 <7.0.0-0', hasData: false }
1963 silly addNameRange { name: 'vite', range: '>=6.4.1-0 <7.0.0-0', hasData: false }
1964 silly addNameRange { name: 'vitefu', range: '>=1.1.1-0 <2.0.0-0', hasData: false }
1965 silly addNameRange { name: 'xxhash-wasm',
1965 silly addNameRange   range: '>=1.1.0-0 <2.0.0-0',
1965 silly addNameRange   hasData: false }
1966 silly addNameRange { name: 'yargs-parser',
1966 silly addNameRange   range: '>=21.1.1-0 <22.0.0-0',
1966 silly addNameRange   hasData: false }
1967 silly addNameRange { name: 'yocto-spinner',
1967 silly addNameRange   range: '>=0.2.3-0 <0.3.0-0',
1967 silly addNameRange   hasData: false }
1968 silly addNameRange { name: 'zod', range: '>=3.25.76-0 <4.0.0-0', hasData: false }
1969 silly addNameRange { name: 'zod-to-ts',
1969 silly addNameRange   range: '>=1.2.0-0 <2.0.0-0',
1969 silly addNameRange   hasData: false }
1970 verbose cache add name="astrojs/telemetry" spec="3.3.0" args=["astrojs/telemetry","3.3.0"]
1971 verbose parsed url { protocol: null,
1971 verbose parsed url   slashes: null,
1971 verbose parsed url   auth: null,
1971 verbose parsed url   host: null,
1971 verbose parsed url   port: null,
1971 verbose parsed url   hostname: null,
1971 verbose parsed url   hash: null,
1971 verbose parsed url   search: null,
1971 verbose parsed url   query: null,
1971 verbose parsed url   pathname: '3.3.0',
1971 verbose parsed url   path: '3.3.0',
1971 verbose parsed url   href: '3.3.0' }
1972 verbose addNamed [ 'astrojs/telemetry', '3.3.0' ]
1973 verbose addNamed [ '3.3.0', '3.3.0' ]
1974 silly lockFile 0a5e56c9-astrojs-telemetry-3-3-0 astrojs/telemetry@3.3.0
1975 verbose lock astrojs/telemetry@3.3.0 C:\Users\jerry\AppData\Roaming\npm-cache\0a5e56c9-astrojs-telemetry-3-3-0.lock
1976 verbose cache add name="astrojs/markdown-remark" spec="6.3.11" args=["astrojs/markdown-remark","6.3.11"]
1977 verbose parsed url { protocol: null,
1977 verbose parsed url   slashes: null,
1977 verbose parsed url   auth: null,
1977 verbose parsed url   host: null,
1977 verbose parsed url   port: null,
1977 verbose parsed url   hostname: null,
1977 verbose parsed url   hash: null,
1977 verbose parsed url   search: null,
1977 verbose parsed url   query: null,
1977 verbose parsed url   pathname: '6.3.11',
1977 verbose parsed url   path: '6.3.11',
1977 verbose parsed url   href: '6.3.11' }
1978 verbose addNamed [ 'astrojs/markdown-remark', '6.3.11' ]
1979 verbose addNamed [ '6.3.11', '6.3.11' ]
1980 silly lockFile 245f7ff6-astrojs-markdown-remark-6-3-11 astrojs/markdown-remark@6.3.11
1981 verbose lock astrojs/markdown-remark@6.3.11 C:\Users\jerry\AppData\Roaming\npm-cache\245f7ff6-astrojs-markdown-remark-6-3-11.lock
1982 silly addNameRange { name: 'zod-to-json-schema',
1982 silly addNameRange   range: '>=3.25.1-0 <4.0.0-0',
1982 silly addNameRange   hasData: false }
1983 verbose url raw shiki
1984 verbose url resolving [ 'https://registry.npmjs.org/', './shiki' ]
1985 verbose url resolved https://registry.npmjs.org/shiki
1986 info trying registry request attempt 1 at 16:50:21
1987 http GET https://registry.npmjs.org/shiki
1988 verbose url raw smol-toml
1989 verbose url resolving [ 'https://registry.npmjs.org/', './smol-toml' ]
1990 verbose url resolved https://registry.npmjs.org/smol-toml
1991 info trying registry request attempt 1 at 16:50:21
1992 http GET https://registry.npmjs.org/smol-toml
1993 verbose url raw svgo
1994 verbose url resolving [ 'https://registry.npmjs.org/', './svgo' ]
1995 verbose url resolved https://registry.npmjs.org/svgo
1996 info trying registry request attempt 1 at 16:50:21
1997 http GET https://registry.npmjs.org/svgo
1998 verbose url raw tinyexec
1999 verbose url resolving [ 'https://registry.npmjs.org/', './tinyexec' ]
2000 verbose url resolved https://registry.npmjs.org/tinyexec
2001 info trying registry request attempt 1 at 16:50:21
2002 http GET https://registry.npmjs.org/tinyexec
2003 verbose url raw tsconfck
2004 verbose url resolving [ 'https://registry.npmjs.org/', './tsconfck' ]
2005 verbose url resolved https://registry.npmjs.org/tsconfck
2006 info trying registry request attempt 1 at 16:50:21
2007 http GET https://registry.npmjs.org/tsconfck
2008 verbose url raw tinyglobby
2009 verbose url resolving [ 'https://registry.npmjs.org/', './tinyglobby' ]
2010 verbose url resolved https://registry.npmjs.org/tinyglobby
2011 info trying registry request attempt 1 at 16:50:21
2012 http GET https://registry.npmjs.org/tinyglobby
2013 verbose url raw ultrahtml
2014 verbose url resolving [ 'https://registry.npmjs.org/', './ultrahtml' ]
2015 verbose url resolved https://registry.npmjs.org/ultrahtml
2016 info trying registry request attempt 1 at 16:50:21
2017 http GET https://registry.npmjs.org/ultrahtml
2018 verbose url raw unist-util-visit
2019 verbose url resolving [ 'https://registry.npmjs.org/', './unist-util-visit' ]
2020 verbose url resolved https://registry.npmjs.org/unist-util-visit
2021 info trying registry request attempt 1 at 16:50:21
2022 http GET https://registry.npmjs.org/unist-util-visit
2023 verbose url raw unifont
2024 verbose url resolving [ 'https://registry.npmjs.org/', './unifont' ]
2025 verbose url resolved https://registry.npmjs.org/unifont
2026 info trying registry request attempt 1 at 16:50:21
2027 http GET https://registry.npmjs.org/unifont
2028 verbose url raw unstorage
2029 verbose url resolving [ 'https://registry.npmjs.org/', './unstorage' ]
2030 verbose url resolved https://registry.npmjs.org/unstorage
2031 info trying registry request attempt 1 at 16:50:21
2032 http GET https://registry.npmjs.org/unstorage
2033 verbose url raw vfile
2034 verbose url resolving [ 'https://registry.npmjs.org/', './vfile' ]
2035 verbose url resolved https://registry.npmjs.org/vfile
2036 info trying registry request attempt 1 at 16:50:21
2037 http GET https://registry.npmjs.org/vfile
2038 verbose url raw vite
2039 verbose url resolving [ 'https://registry.npmjs.org/', './vite' ]
2040 verbose url resolved https://registry.npmjs.org/vite
2041 info trying registry request attempt 1 at 16:50:21
2042 http GET https://registry.npmjs.org/vite
2043 verbose url raw vitefu
2044 verbose url resolving [ 'https://registry.npmjs.org/', './vitefu' ]
2045 verbose url resolved https://registry.npmjs.org/vitefu
2046 info trying registry request attempt 1 at 16:50:21
2047 http GET https://registry.npmjs.org/vitefu
2048 verbose url raw xxhash-wasm
2049 verbose url resolving [ 'https://registry.npmjs.org/', './xxhash-wasm' ]
2050 verbose url resolved https://registry.npmjs.org/xxhash-wasm
2051 info trying registry request attempt 1 at 16:50:21
2052 http GET https://registry.npmjs.org/xxhash-wasm
2053 verbose url raw yargs-parser
2054 verbose url resolving [ 'https://registry.npmjs.org/', './yargs-parser' ]
2055 verbose url resolved https://registry.npmjs.org/yargs-parser
2056 info trying registry request attempt 1 at 16:50:21
2057 http GET https://registry.npmjs.org/yargs-parser
2058 verbose url raw yocto-spinner
2059 verbose url resolving [ 'https://registry.npmjs.org/', './yocto-spinner' ]
2060 verbose url resolved https://registry.npmjs.org/yocto-spinner
2061 info trying registry request attempt 1 at 16:50:21
2062 http GET https://registry.npmjs.org/yocto-spinner
2063 verbose url raw zod
2064 verbose url resolving [ 'https://registry.npmjs.org/', './zod' ]
2065 verbose url resolved https://registry.npmjs.org/zod
2066 info trying registry request attempt 1 at 16:50:21
2067 http GET https://registry.npmjs.org/zod
2068 verbose url raw zod-to-ts
2069 verbose url resolving [ 'https://registry.npmjs.org/', './zod-to-ts' ]
2070 verbose url resolved https://registry.npmjs.org/zod-to-ts
2071 info trying registry request attempt 1 at 16:50:21
2072 http GET https://registry.npmjs.org/zod-to-ts
2073 verbose url raw zod-to-json-schema
2074 verbose url resolving [ 'https://registry.npmjs.org/', './zod-to-json-schema' ]
2075 verbose url resolved https://registry.npmjs.org/zod-to-json-schema
2076 info trying registry request attempt 1 at 16:50:21
2077 http GET https://registry.npmjs.org/zod-to-json-schema
2078 silly addNameRange { name: 'sharp', range: '>=0.34.0-0 <0.35.0-0', hasData: false }
2079 verbose url raw sharp
2080 verbose url resolving [ 'https://registry.npmjs.org/', './sharp' ]
2081 verbose url resolved https://registry.npmjs.org/sharp
2082 info trying registry request attempt 1 at 16:50:21
2083 http GET https://registry.npmjs.org/sharp
2084 verbose url raw astrojs/internal-helpers
2085 verbose url resolving [ 'https://registry.npmjs.org/', './astrojs/internal-helpers' ]
2086 verbose url resolved https://registry.npmjs.org/astrojs/internal-helpers
2087 info trying registry request attempt 1 at 16:50:21
2088 http GET https://registry.npmjs.org/astrojs/internal-helpers
2089 verbose url raw astrojs/telemetry
2090 verbose url resolving [ 'https://registry.npmjs.org/', './astrojs/telemetry' ]
2091 verbose url resolved https://registry.npmjs.org/astrojs/telemetry
2092 info trying registry request attempt 1 at 16:50:21
2093 http GET https://registry.npmjs.org/astrojs/telemetry
2094 verbose url raw astrojs/markdown-remark
2095 verbose url resolving [ 'https://registry.npmjs.org/', './astrojs/markdown-remark' ]
2096 verbose url resolved https://registry.npmjs.org/astrojs/markdown-remark
2097 info trying registry request attempt 1 at 16:50:21
2098 http GET https://registry.npmjs.org/astrojs/markdown-remark
2099 http 200 https://registry.npmjs.org/common-ancestor-path
2100 silly registry.get cb [ 200,
2100 silly registry.get   { date: 'Mon, 14 Sep 2026 20:50:20 GMT',
2100 silly registry.get     'content-type': 'application/json',
2100 silly registry.get     'transfer-encoding': 'chunked',
2100 silly registry.get     connection: 'close',
2100 silly registry.get     'set-cookie':
2100 silly registry.get      [ '__cf_bm=TWFr6F0eWJSKeAAqD7aQyXwik9Emj8M7.Cc7qBzskqE-1789419020.808045-1.0.1.1-rPgMwLQ.CJr2XOCqCXPwkwuKPpy8h.q36xxtRaX0LGPPma75K2aHuRW2ycjTu63VCaBlphhRmg31PMJ6ojRHeOhOL9d1SujDELL.6d7W5hDhoffRuP.NWFNbwO_JHoYp; HttpOnly; SameSite=None; Secure; Path=/; Domain=npmjs.org; Expires=Mon, 14 Sep 2026 21:20:20 GMT',
2100 silly registry.get        '_cfuvid=Lsla.pzJyfbiEkpwnMd_8X4y1Zgw_maWVXabJ25NQc0-1789419020.808045-1.0.1.1-6OqmarNa0tm77HKbWLdOFhDAv1xDjIAugUSAQEnzGzc; HttpOnly; SameSite=None; Secure; Path=/; Domain=npmjs.org' ],
2100 silly registry.get     'cf-ray': 'a3b2437009be33bd-IAD',
2100 silly registry.get     'cf-cache-status': 'HIT',
2100 silly registry.get     'access-control-allow-origin': '*',
2100 silly registry.get     age: '208',
2100 silly registry.get     'cache-control': 'public, max-age=300',
2100 silly registry.get     vary: 'accept-encoding, accept',
2100 silly registry.get     'last-modified': 'Tue, 25 Nov 2025 05:06:56 GMT',
2100 silly registry.get     server: 'cloudflare',
2100 silly registry.get     etag: 'W/"d7e30c1adabe24ba4b5ad98720e707ec"',
2100 silly registry.get     'content-encoding': 'gzip' } ]
2101 http 200 https://registry.npmjs.org/cssesc
2102 silly registry.get cb [ 200,
2102 silly registry.get   { date: 'Mon, 14 Sep 2026 20:50:20 GMT',
2102 silly registry.get     'content-type': 'application/json',
2102 silly registry.get     'transfer-encoding': 'chunked',
2102 silly registry.get     connection: 'close',
2102 silly registry.get     'set-cookie':
2102 silly registry.get      [ '__cf_bm=xcFw27bcxHv1tXOdCcVoGon7Qn62NH.UYsT_tFWxftA-1789419020.817805-1.0.1.1-_ZYOXaHALbBq5kj5CjrRMzZzIDpEkHSEI3T_aMJGFSbTpEnW0eEzdaumpt8nj5gxmWtkJpDEMYq1rMyVA7iqso9ljzsi3GcJeAn_zkkyEbT30BhbYfhXR3GFC_3GcRfk; HttpOnly; SameSite=None; Secure; Path=/; Domain=npmjs.org; Expires=Mon, 14 Sep 2026 21:20:20 GMT',
2102 silly registry.get        '_cfuvid=jo7liN_tUuhuLWl9m1weu5r5pHvkcRqXFCHV9S1EI7U-1789419020.817805-1.0.1.1-EWUsYijHkeSmiJiLKpBEmfC.rqDGhaYeTzpPPcwiY.k; HttpOnly; SameSite=None; Secure; Path=/; Domain=npmjs.org' ],
2102 silly registry.get     'cf-ray': 'a3b243701c48e631-IAD',
2102 silly registry.get     'cf-cache-status': 'HIT',
2102 silly registry.get     'access-control-allow-origin': '*',
2102 silly registry.get     age: '88',
2102 silly registry.get     'cache-control': 'public, max-age=300',
2102 silly registry.get     vary: 'accept-encoding, accept',
2102 silly registry.get     'last-modified': 'Tue, 14 Jun 2022 05:03:27 GMT',
2102 silly registry.get     server: 'cloudflare',
2102 silly registry.get     etag: 'W/"10160714ad4ada783cd8bcec92478d81"',
2102 silly registry.get     'content-encoding': 'gzip' } ]
2103 http 200 https://registry.npmjs.org/axobject-query
2104 silly registry.get cb [ 200,
2104 silly registry.get   { date: 'Mon, 14 Sep 2026 20:50:20 GMT',
2104 silly registry.get     'content-type': 'application/json',
2104 silly registry.get     'transfer-encoding': 'chunked',
2104 silly registry.get     connection: 'close',
2104 silly registry.get     'set-cookie':
2104 silly registry.get      [ '__cf_bm=z.3mPeh1MYXF3rtgKc3RDAtVop6YM6ModeJONerbc3Q-1789419020.787569-1.0.1.1-GJNwcZgJF3GkBgaxxHoaZihC2DTWh5P1AEW4zFliZGP72cXzu_Aqh6WGydAKDi.2_MH4bYAdSPAGT5SRQeDhFNiYYmZKnLo00Ll8BvfwxMTOwhvTLzyGoXl2bHiLfEMH; HttpOnly; SameSite=None; Secure; Path=/; Domain=npmjs.org; Expires=Mon, 14 Sep 2026 21:20:20 GMT',
2104 silly registry.get        '_cfuvid=CNm_cczwvHPD9YkKSrqMeszdz4k7gEbVKsjyOEo10VI-1789419020.787569-1.0.1.1-cEJxKzY2mf_4UH63cBXs4TSvjKkVwlceQZ6z4pFtNV0; HttpOnly; SameSite=None; Secure; Path=/; Domain=npmjs.org' ],
2104 silly registry.get     'cf-ray': 'a3b2436fec16d6b3-IAD',
2104 silly registry.get     'cf-cache-status': 'HIT',
2104 silly registry.get     'access-control-allow-origin': '*',
2104 silly registry.get     age: '134',
2104 silly registry.get     'cache-control': 'public, max-age=300',
2104 silly registry.get     vary: 'accept-encoding, accept',
2104 silly registry.get     'last-modified': 'Mon, 15 Jul 2024 19:08:35 GMT',
2104 silly registry.get     server: 'cloudflare',
2104 silly registry.get     etag: 'W/"63d9fdd3842b84f9020ecc7496d1a691"',
2104 silly registry.get     'content-encoding': 'gzip' } ]
2105 http 200 https://registry.npmjs.org/dlv
2106 silly registry.get cb [ 200,
2106 silly registry.get   { date: 'Mon, 14 Sep 2026 20:50:20 GMT',
2106 silly registry.get     'content-type': 'application/json',
2106 silly registry.get     'transfer-encoding': 'chunked',
2106 silly registry.get     connection: 'close',
2106 silly registry.get     'set-cookie':
2106 silly registry.get      [ '__cf_bm=GRYpfgXLHIGehpexpn8vQa8guMRUMGN_k8MkvoCwBKw-1789419020.8379567-1.0.1.1-VUGDAkoVZsyvt4MSHO1FD3IdO5Gpr79rSVL_NnwDIRKEHwJUtgjMyziEy9QbEmrz.JcYbuAkS66fIECvn.BTkEyohtRKcGltJ5ipaKeNYCU2d5etqne8CtvwG8fD3MWi; HttpOnly; SameSite=None; Secure; Path=/; Domain=npmjs.org; Expires=Mon, 14 Sep 2026 21:20:20 GMT',
2106 silly registry.get        '_cfuvid=DKhtzolkaiun0Exzs_984esg2ChXlnklvPhUNi.0u5w-1789419020.8379567-1.0.1.1-bbJDSlXfZAftBJ.HELwAjDPNsO7uOV7pO7KUsSjdS7o; HttpOnly; SameSite=None; Secure; Path=/; Domain=npmjs.org' ],
2106 silly registry.get     'cf-ray': 'a3b2437038530736-IAD',
2106 silly registry.get     'cf-cache-status': 'HIT',
2106 silly registry.get     'access-control-allow-origin': '*',
2106 silly registry.get     age: '165',
2106 silly registry.get     'cache-control': 'public, max-age=300',
2106 silly registry.get     vary: 'accept-encoding, accept',
2106 silly registry.get     'last-modified': 'Wed, 15 Jun 2022 05:59:58 GMT',
2106 silly registry.get     server: 'cloudflare',
2106 silly registry.get     etag: 'W/"2cda124c4393c30245c78183a7d74e7e"',
2106 silly registry.get     'content-encoding': 'gzip' } ]
2107 http 200 https://registry.npmjs.org/aria-query
2108 silly registry.get cb [ 200,
2108 silly registry.get   { date: 'Mon, 14 Sep 2026 20:50:20 GMT',
2108 silly registry.get     'content-type': 'application/json',
2108 silly registry.get     'transfer-encoding': 'chunked',
2108 silly registry.get     connection: 'close',
2108 silly registry.get     'set-cookie':
2108 silly registry.get      [ '__cf_bm=MbTQURrIU62B9nonbcEpS7POZ9t1qCi9OCgNAE47CHc-1789419020.7879288-1.0.1.1-TUlKlRetatvUSmbrTxmOAxMmSfGztOF8uVLWZ.7LM6wDsZMtYPIUHTfhBM53Grp9BF1TA2AUddTfn2NNHnCfKmscAUmzwhxISp2d73sef9TUrQ5RP6ZMVSs3CSfctFmw; HttpOnly; SameSite=None; Secure; Path=/; Domain=npmjs.org; Expires=Mon, 14 Sep 2026 21:20:20 GMT',
2108 silly registry.get        '_cfuvid=UI8ukL3INY5dqSJlL4ivsuK7m27Nq3PNwwTvyKtY_4E-1789419020.7879288-1.0.1.1-cy_.mhIDjvah88TqZX9ThoxHrsCdR_.WYhEVz1vtKg8; HttpOnly; SameSite=None; Secure; Path=/; Domain=npmjs.org' ],
2108 silly registry.get     'cf-ray': 'a3b2436fedebd6b8-IAD',
2108 silly registry.get     'cf-cache-status': 'HIT',
2108 silly registry.get     'access-control-allow-origin': '*',
2108 silly registry.get     age: '194',
2108 silly registry.get     'cache-control': 'public, max-age=300',
2108 silly registry.get     vary: 'accept-encoding, accept',
2108 silly registry.get     'last-modified': 'Fri, 20 Sep 2024 19:54:30 GMT',
2108 silly registry.get     server: 'cloudflare',
2108 silly registry.get     etag: 'W/"883094abe6b3d8414220ee113ff2d409"',
2108 silly registry.get     'content-encoding': 'gzip' } ]
2109 http 200 https://registry.npmjs.org/cookie
2110 silly registry.get cb [ 200,
2110 silly registry.get   { date: 'Mon, 14 Sep 2026 20:50:20 GMT',
2110 silly registry.get     'content-type': 'application/json',
2110 silly registry.get     'transfer-encoding': 'chunked',
2110 silly registry.get     connection: 'close',
2110 silly registry.get     'set-cookie':
2110 silly registry.get      [ '__cf_bm=7IxJGhV6mzjKssFWtLGmCknu.zKt2OwXYbv9TmDjmu8-1789419020.8075173-1.0.1.1-5ITwS0WihPCzuh53.VEQGXmsdl0LqbHAg70MKQ8OiqWMkVRP6rAP5Jrfj2d4xKfdU0g3yj.Z061NWvweKSOYMXcuZP9nVESUCQnZ4nZ_Z9is2DMQ1DIjO96_w1hsg1wc; HttpOnly; SameSite=None; Secure; Path=/; Domain=npmjs.org; Expires=Mon, 14 Sep 2026 21:20:20 GMT',
2110 silly registry.get        '_cfuvid=o2mbQm.X43wzuwBiJCUw_tRAhNE6lAiPCwAf2vG2pGA-1789419020.8075173-1.0.1.1-uufDD29n9cJZz1l1Zxjz_4iwfNnU8lyos2EoH3uZUpo; HttpOnly; SameSite=None; Secure; Path=/; Domain=npmjs.org' ],
2110 silly registry.get     'cf-ray': 'a3b243700ad8d6e5-IAD',
2110 silly registry.get     'cf-cache-status': 'HIT',
2110 silly registry.get     'access-control-allow-origin': '*',
2110 silly registry.get     age: '83',
2110 silly registry.get     'cache-control': 'public, max-age=300',
2110 silly registry.get     vary: 'accept-encoding, accept',
2110 silly registry.get     'last-modified': 'Tue, 30 Jun 2026 22:15:15 GMT',
2110 silly registry.get     server: 'cloudflare',
2110 silly registry.get     etag: 'W/"baa7941074ce23249a9f605c2be7968e"',
2110 silly registry.get     'content-encoding': 'gzip' } ]
2111 http 200 https://registry.npmjs.org/boxen
2112 silly registry.get cb [ 200,
2112 silly registry.get   { date: 'Mon, 14 Sep 2026 20:50:20 GMT',
2112 silly registry.get     'content-type': 'application/json',
2112 silly registry.get     'transfer-encoding': 'chunked',
2112 silly registry.get     connection: 'close',
2112 silly registry.get     'set-cookie':
2112 silly registry.get      [ '__cf_bm=Q72asb.7BNsyd_V4fQoslPTU1RI6a10uuISEgVrxM8Q-1789419020.8214748-1.0.1.1-V5HHzQ2LWNm4xiQCvlcWj_bK.r94FlpxkVvquxQM_Da4I6_PLWrkE9l6l0RWGGoxhH40vWdqFOpK0T2VAVHqDQJWch0kG.S9m3ax4kE3i1BgObgzzEZw8Gp2JO6kopRA; HttpOnly; SameSite=None; Secure; Path=/; Domain=npmjs.org; Expires=Mon, 14 Sep 2026 21:20:20 GMT',
2112 silly registry.get        '_cfuvid=n0iWtGl6YZAHej3maCqSdhCXUnDrzTE7vb1nhj5G2_o-1789419020.8214748-1.0.1.1-Nk3IDIoXZI_BHMeA.EM8pnH0JuwL0CWf7wBMoQnyQUM; HttpOnly; SameSite=None; Secure; Path=/; Domain=npmjs.org' ],
2112 silly registry.get     'cf-ray': 'a3b243701b5e6012-IAD',
2112 silly registry.get     'cf-cache-status': 'HIT',
2112 silly registry.get     'access-control-allow-origin': '*',
2112 silly registry.get     age: '256',
2112 silly registry.get     'cache-control': 'public, max-age=300',
2112 silly registry.get     vary: 'accept-encoding, accept',
2112 silly registry.get     'last-modified': 'Mon, 05 Aug 2024 11:05:06 GMT',
2112 silly registry.get     server: 'cloudflare',
2112 silly registry.get     etag: 'W/"8ec09f097e1e6f6f66f7ab7dc251a7fa"',
2112 silly registry.get     'content-encoding': 'gzip' } ]
2113 http 200 https://registry.npmjs.org/flattie
2114 silly registry.get cb [ 200,
2114 silly registry.get   { date: 'Mon, 14 Sep 2026 20:50:20 GMT',
2114 silly registry.get     'content-type': 'application/json',
2114 silly registry.get     'transfer-encoding': 'chunked',
2114 silly registry.get     connection: 'close',
2114 silly registry.get     'set-cookie':
2114 silly registry.get      [ '__cf_bm=BgRnW7coNb.Cid5VDenzfQimBD5r91htBFENU08kQqY-1789419020.86673-1.0.1.1-3pA3U7tCvI.u0CPhM4bMhq2VV6DjbMmPRUvgXca1lDyUU1T8L4FtMe8NzeHKgfh.t1CRsBUg9K1U1W8SEwvXTuipQgYV_9fjqrvgVLlDw0NlcnCCiKL69ZNJ9fzkTuwK; HttpOnly; SameSite=None; Secure; Path=/; Domain=npmjs.org; Expires=Mon, 14 Sep 2026 21:20:20 GMT',
2114 silly registry.get        '_cfuvid=TgjxJ7NBxUvsODvl5vQ4lJs1k4q3B9ggCZ.77G.k_CM-1789419020.86673-1.0.1.1-bdI_gFFrPOB0sATb9BSEvLeypSgVUURf68259KGShqM; HttpOnly; SameSite=None; Secure; Path=/; Domain=npmjs.org' ],
2114 silly registry.get     'cf-ray': 'a3b24370682df276-IAD',
2114 silly registry.get     'cf-cache-status': 'HIT',
2114 silly registry.get     'access-control-allow-origin': '*',
2114 silly registry.get     age: '145',
2114 silly registry.get     'cache-control': 'public, max-age=300',
2114 silly registry.get     vary: 'accept-encoding, accept',
2114 silly registry.get     'last-modified': 'Wed, 06 Mar 2024 21:55:20 GMT',
2114 silly registry.get     server: 'cloudflare',
2114 silly registry.get     etag: 'W/"eb19601e97dbf823e50785f6a1fea1bf"',
2114 silly registry.get     'content-encoding': 'gzip' } ]
2115 http 200 https://registry.npmjs.org/dset
2116 silly registry.get cb [ 200,
2116 silly registry.get   { date: 'Mon, 14 Sep 2026 20:50:20 GMT',
2116 silly registry.get     'content-type': 'application/json',
2116 silly registry.get     'transfer-encoding': 'chunked',
2116 silly registry.get     connection: 'close',
2116 silly registry.get     'set-cookie':
2116 silly registry.get      [ '__cf_bm=5zmFDdSGezaGxpzJnPa9Qs6NPI7St5TprQYgHx_hLjw-1789419020.866995-1.0.1.1-Ol4rwg3.Tl9PZk9kFen3pCz7WqjHySdNhw8L3m_plO9jec7wfdSH9p6Gl097NOUgpTx77HDgVWRHOfoFuWS_gd2CD77voevYTVsrNhSEu_12eJlDhKGRe3Im81coJlGQ; HttpOnly; SameSite=None; Secure; Path=/; Domain=npmjs.org; Expires=Mon, 14 Sep 2026 21:20:20 GMT',
2116 silly registry.get        '_cfuvid=gDwh_MZyDsX25eB2sYdPe3Q1l.XFvLrBLi.xS7Ep3C0-1789419020.866995-1.0.1.1-pQq5pGpHxCtI5OXzbo4dyyqESEGrd2mRqHSkRSTwWxM; HttpOnly; SameSite=None; Secure; Path=/; Domain=npmjs.org' ],
2116 silly registry.get     'cf-ray': 'a3b243706c3cfc57-IAD',
2116 silly registry.get     'cf-cache-status': 'HIT',
2116 silly registry.get     'access-control-allow-origin': '*',
2116 silly registry.get     age: '27',
2116 silly registry.get     'cache-control': 'public, max-age=300',
2116 silly registry.get     vary: 'accept-encoding, accept',
2116 silly registry.get     'last-modified': 'Mon, 09 Sep 2024 15:16:28 GMT',
2116 silly registry.get     server: 'cloudflare',
2116 silly registry.get     etag: 'W/"6a32b443f2f0475994b59aa8fa24e2c0"',
2116 silly registry.get     'content-encoding': 'gzip' } ]
2117 http 200 https://registry.npmjs.org/fontace
2118 silly registry.get cb [ 200,
2118 silly registry.get   { date: 'Mon, 14 Sep 2026 20:50:20 GMT',
2118 silly registry.get     'content-type': 'application/json',
2118 silly registry.get     'transfer-encoding': 'chunked',
2118 silly registry.get     connection: 'close',
2118 silly registry.get     'set-cookie':
2118 silly registry.get      [ '__cf_bm=fqL1k7WIFIWOL0.AyuCLF9CqSVVPQznu_I2GkbVMynU-1789419020.866891-1.0.1.1-DkCfHq3JsjdohYKeY7r4WLQAFL3G_5p.wrnLBL3PNad1xD4io5gKBriPaMR5NbeHSjuA2pvYXzS1RqAfEU8yXQobOCpakVwR_gCicM9akkDxn4xcgqZU_qOgkEbII0uP; HttpOnly; SameSite=None; Secure; Path=/; Domain=npmjs.org; Expires=Mon, 14 Sep 2026 21:20:20 GMT',
2118 silly registry.get        '_cfuvid=tBmubfiNCSmJlr4xsKj3allFmu8c8Erl.lewBqg40mE-1789419020.866891-1.0.1.1-nxAGinHIKRNmJnumtLaIS1CQLfJthSn2JRZSjh0zKNY; HttpOnly; SameSite=None; Secure; Path=/; Domain=npmjs.org' ],
2118 silly registry.get     'cf-ray': 'a3b243706876e5be-IAD',
2118 silly registry.get     'cf-cache-status': 'HIT',
2118 silly registry.get     'access-control-allow-origin': '*',
2118 silly registry.get     age: '176',
2118 silly registry.get     'cache-control': 'public, max-age=300',
2118 silly registry.get     vary: 'accept-encoding, accept',
2118 silly registry.get     'last-modified': 'Sun, 01 Feb 2026 11:18:23 GMT',
2118 silly registry.get     server: 'cloudflare',
2118 silly registry.get     etag: 'W/"40b76adde71bdbf4b00a9ffe3fead0e7"',
2118 silly registry.get     'content-encoding': 'gzip' } ]
2119 http 200 https://registry.npmjs.org/github-slugger
2120 silly registry.get cb [ 200,
2120 silly registry.get   { date: 'Mon, 14 Sep 2026 20:50:20 GMT',
2120 silly registry.get     'content-type': 'application/json',
2120 silly registry.get     'transfer-encoding': 'chunked',
2120 silly registry.get     connection: 'close',
2120 silly registry.get     'set-cookie':
2120 silly registry.get      [ '__cf_bm=NSZtGARIbBZwGIgQpkSzxL9GID5ZBwgajKFqEp707is-1789419020.8762727-1.0.1.1-nBHlosNeLm5HYJp3VKDy346QXHASdqbLajY5fKh75j.OGfze4P66K6Cxrg5aewtKXQxNI7JoIEXQC54mJOpLN36HPZg.C7v_6ArI0ix_47Q2ilTvxJP6vroUhpCvQqtc; HttpOnly; SameSite=None; Secure; Path=/; Domain=npmjs.org; Expires=Mon, 14 Sep 2026 21:20:20 GMT',
2120 silly registry.get        '_cfuvid=p0JU2PKh3V3QcNbAcBi_8tJ7iyRWv1MCwkljknEgGk4-1789419020.8762727-1.0.1.1-Pg87ThpONOb06rpSjwwXFJcHfgJ1zeHsWNXnIhr7Hvg; HttpOnly; SameSite=None; Secure; Path=/; Domain=npmjs.org' ],
2120 silly registry.get     'cf-ray': 'a3b243707852d698-IAD',
2120 silly registry.get     'cf-cache-status': 'HIT',
2120 silly registry.get     'access-control-allow-origin': '*',
2120 silly registry.get     age: '145',
2120 silly registry.get     'cache-control': 'public, max-age=300',
2120 silly registry.get     vary: 'accept-encoding, accept',
2120 silly registry.get     'last-modified': 'Fri, 15 Sep 2023 22:34:42 GMT',
2120 silly registry.get     server: 'cloudflare',
2120 silly registry.get     etag: 'W/"a81e86146a87aa4ff598e2c00a16096f"',
2120 silly registry.get     'content-encoding': 'gzip' } ]
2121 http 200 https://registry.npmjs.org/html-escaper
2122 silly registry.get cb [ 200,
2122 silly registry.get   { date: 'Mon, 14 Sep 2026 20:50:20 GMT',
2122 silly registry.get     'content-type': 'application/json',
2122 silly registry.get     'transfer-encoding': 'chunked',
2122 silly registry.get     connection: 'close',
2122 silly registry.get     'set-cookie':
2122 silly registry.get      [ '__cf_bm=6qOr.IlYnRCcdhaOQvlhRIZAW2zaR8pGfL0J1oAgN20-1789419020.8857682-1.0.1.1-wGfEilexFiw9kyEdSJyB4P1M_buS2EDqqquI5GG8o8lu1bi0R.r4tw6D0RXX9IsUF9UfoNjU__wp1NOTf2raPSXMFrr8GhO3zB7NmztXhO5q8p7.rPEyx.lAcfgUnhpm; HttpOnly; SameSite=None; Secure; Path=/; Domain=npmjs.org; Expires=Mon, 14 Sep 2026 21:20:20 GMT',
2122 silly registry.get        '_cfuvid=UMebBOVN.cu5P_Ko.EpuSL6LA6hiqp7c3OUm55x0zFk-1789419020.8857682-1.0.1.1-gflqwvM3E5nbuJqHfiljbRu8hqHZrBDrGMlnMH9JMM8; HttpOnly; SameSite=None; Secure; Path=/; Domain=npmjs.org' ],
2122 silly registry.get     'cf-ray': 'a3b243708f4dc9a3-IAD',
2122 silly registry.get     'cf-cache-status': 'HIT',
2122 silly registry.get     'access-control-allow-origin': '*',
2122 silly registry.get     age: '156',
2122 silly registry.get     'cache-control': 'public, max-age=300',
2122 silly registry.get     vary: 'accept-encoding, accept',
2122 silly registry.get     'last-modified': 'Sat, 18 Jun 2022 21:52:35 GMT',
2122 silly registry.get     server: 'cloudflare',
2122 silly registry.get     etag: 'W/"ad344e15f4fba0d0c726ea41fc414f65"',
2122 silly registry.get     'content-encoding': 'gzip' } ]
2123 silly addNameRange number 2 { name: 'common-ancestor-path',
2123 silly addNameRange   range: '>=1.0.1-0 <2.0.0-0',
2123 silly addNameRange   hasData: true }
2124 silly addNameRange versions [ 'common-ancestor-path', [ '1.0.0', '1.0.1', '2.0.0' ] ]
2125 verbose addNamed [ 'common-ancestor-path', '1.0.1' ]
2126 verbose addNamed [ '1.0.1', '1.0.1' ]
2127 silly lockFile 2b4e81a2-common-ancestor-path-1-0-1 common-ancestor-path@1.0.1
2128 verbose lock common-ancestor-path@1.0.1 C:\Users\jerry\AppData\Roaming\npm-cache\2b4e81a2-common-ancestor-path-1-0-1.lock
2129 http 200 https://registry.npmjs.org/clsx
2130 silly registry.get cb [ 200,
2130 silly registry.get   { date: 'Mon, 14 Sep 2026 20:50:20 GMT',
2130 silly registry.get     'content-type': 'application/json',
2130 silly registry.get     'transfer-encoding': 'chunked',
2130 silly registry.get     connection: 'close',
2130 silly registry.get     'set-cookie':
2130 silly registry.get      [ '__cf_bm=.wX77B_yZ010inewHtfxF9PYcj0s8N5GVpQrny1HNB8-1789419020.8176184-1.0.1.1-hvSPSLXI3RvcWu9uu71gDgWiypwsl6AkEeu3wBdKSH7Dc8zsxxtXSUfnjEYCNZuoFEVLNfhWl6EPGsn4i6Nlf3fKRuue9gw3.7mjcP0wXlA5wPGPLAzUnfh4Ud1zFfm0; HttpOnly; SameSite=None; Secure; Path=/; Domain=npmjs.org; Expires=Mon, 14 Sep 2026 21:20:20 GMT',
2130 silly registry.get        '_cfuvid=KN5ePSBgK0ti0MbPRj1eDCBTOlFZbvfWS_15jXHAM8Y-1789419020.8176184-1.0.1.1-xLGtBB7XanD1hakEvpvAiAp3xa1v7t2LXGomU3uNtcI; HttpOnly; SameSite=None; Secure; Path=/; Domain=npmjs.org' ],
2130 silly registry.get     'cf-ray': 'a3b2437019607dae-IAD',
2130 silly registry.get     'cf-cache-status': 'HIT',
2130 silly registry.get     'access-control-allow-origin': '*',
2130 silly registry.get     age: '271',
2130 silly registry.get     'cache-control': 'public, max-age=300',
2130 silly registry.get     vary: 'accept-encoding, accept',
2130 silly registry.get     'last-modified': 'Fri, 27 Jun 2025 10:13:08 GMT',
2130 silly registry.get     server: 'cloudflare',
2130 silly registry.get     etag: 'W/"8d4dcc73db3dfe4418304bafbbabd588"',
2130 silly registry.get     'content-encoding': 'gzip' } ]
2131 http 404 https://registry.npmjs.org/capsizecss/unpack
2132 silly registry.get cb [ 404,
2132 silly registry.get   { date: 'Mon, 14 Sep 2026 20:50:20 GMT',
2132 silly registry.get     'content-type': 'application/json',
2132 silly registry.get     'content-length': '11',
2132 silly registry.get     connection: 'close',
2132 silly registry.get     'set-cookie':
2132 silly registry.get      [ '__cf_bm=4i2khHRr_Okjx1am_fuqwuZVo7ZxcrfKADDmBfRLYis-1789419020.8077428-1.0.1.1-G9Q1YLEcukvTekah2nGRWkXzR2TkKyV9vrkZXcI3trtcIlGOeQ7mTqgm.qjPiNKQgVs3vxnebCFrbqrsbi.gjWngwTKIyHesEv34NuiFktXaYmum6cRm9.vaTwiHI16g; HttpOnly; SameSite=None; Secure; Path=/; Domain=npmjs.org; Expires=Mon, 14 Sep 2026 21:20:20 GMT',
2132 silly registry.get        '_cfuvid=GkYLE8NZ5YW_NlwyeiN8dj.POtyKQ.gB72MIqf0BoIw-1789419020.8077428-1.0.1.1-vDaHpq8AsvTD92U9oEgYCc93bMlMs6M0HBQdhIjDEkI; HttpOnly; SameSite=None; Secure; Path=/; Domain=npmjs.org' ],
2132 silly registry.get     'cf-ray': 'a3b243700892f26e-IAD',
2132 silly registry.get     'access-control-allow-origin': '*',
2132 silly registry.get     server: 'cloudflare' } ]
2133 http 404 https://registry.npmjs.org/oslojs/encoding
2134 silly registry.get cb [ 404,
2134 silly registry.get   { date: 'Mon, 14 Sep 2026 20:50:20 GMT',
2134 silly registry.get     'content-type': 'application/json',
2134 silly registry.get     'content-length': '11',
2134 silly registry.get     connection: 'close',
2134 silly registry.get     'set-cookie':
2134 silly registry.get      [ '__cf_bm=CvkVqw_DKTXdAuBBvq.sBI6HdLcK2Ggi6GFZzut.CtQ-1789419020.788341-1.0.1.1-uLZIYWhFLURDAN_BxHYj1e_yo33VQ6iwOK96WaZ.Rxjqdv8NSyaMjkA8PSyQhakvmANlNKPNEAPHTndsy7vHE1L30aX_hQndsBj6TuqYhxA8WRfpFlkh519yf9YLVLOD; HttpOnly; SameSite=None; Secure; Path=/; Domain=npmjs.org; Expires=Mon, 14 Sep 2026 21:20:20 GMT',
2134 silly registry.get        '_cfuvid=FFMA8XC0oly1Y6cc0rcJ79PTWaU8Dk24gyTLcAZ8mtM-1789419020.788341-1.0.1.1-QYrEsOswB5bvAJsP_leAV8O4qBv9PLKFP.x8s7e78tU; HttpOnly; SameSite=None; Secure; Path=/; Domain=npmjs.org' ],
2134 silly registry.get     'cf-ray': 'a3b2436fed64dda6-IAD',
2134 silly registry.get     'access-control-allow-origin': '*',
2134 silly registry.get     server: 'cloudflare' } ]
2135 silly addNameRange number 2 { name: 'cssesc', range: '>=3.0.0-0 <4.0.0-0', hasData: true }
2136 silly addNameRange versions [ 'cssesc', [ '0.1.0', '1.0.0', '1.0.1', '2.0.0', '3.0.0' ] ]
2137 verbose addNamed [ 'cssesc', '3.0.0' ]
2138 verbose addNamed [ '3.0.0', '3.0.0' ]
2139 silly lockFile 48997d59-cssesc-3-0-0 cssesc@3.0.0
2140 verbose lock cssesc@3.0.0 C:\Users\jerry\AppData\Roaming\npm-cache\48997d59-cssesc-3-0-0.lock
2141 http 200 https://registry.npmjs.org/estree-walker
2142 silly registry.get cb [ 200,
2142 silly registry.get   { date: 'Mon, 14 Sep 2026 20:50:20 GMT',
2142 silly registry.get     'content-type': 'application/json',
2142 silly registry.get     'transfer-encoding': 'chunked',
2142 silly registry.get     connection: 'close',
2142 silly registry.get     'set-cookie':
2142 silly registry.get      [ '__cf_bm=PQ0Wml3.umU0dJ6U3jV97gnMGfKh7YlsLcslC1hTa9g-1789419020.8893015-1.0.1.1-gIuML6qMZMa1.jPQX_8ZAS2nDIano1ssWuP6L55oKJul4lt2vR7c7h66yRG4jpP3v93FPCJpsMxRRDPWelBkcZRgcZ.35VpZ9MxLZbx2R.gZbPsXqTBHbCET5INmmIzj; HttpOnly; SameSite=None; Secure; Path=/; Domain=npmjs.org; Expires=Mon, 14 Sep 2026 21:20:20 GMT',
2142 silly registry.get        '_cfuvid=7LApTR9mWbCdSUleGicm7qADjKaVM9Hta06EWCRLOc0-1789419020.8893015-1.0.1.1-miymMzMuMBZ09n_O0_6g87tUcc95WDrVyolLuB4m6Uo; HttpOnly; SameSite=None; Secure; Path=/; Domain=npmjs.org' ],
2142 silly registry.get     'cf-ray': 'a3b243708c63a727-IAD',
2142 silly registry.get     'cf-cache-status': 'HIT',
2142 silly registry.get     'access-control-allow-origin': '*',
2142 silly registry.get     age: '119',
2142 silly registry.get     'cache-control': 'public, max-age=300',
2142 silly registry.get     vary: 'accept-encoding, accept',
2142 silly registry.get     'last-modified': 'Sun, 09 Jul 2023 22:05:08 GMT',
2142 silly registry.get     server: 'cloudflare',
2142 silly registry.get     etag: 'W/"c527216ce6c24d5bfbd19d7b5700625b"',
2142 silly registry.get     'content-encoding': 'gzip' } ]
2143 http 200 https://registry.npmjs.org/devalue
2144 silly registry.get cb [ 200,
2144 silly registry.get   { date: 'Mon, 14 Sep 2026 20:50:20 GMT',
2144 silly registry.get     'content-type': 'application/json',
2144 silly registry.get     'transfer-encoding': 'chunked',
2144 silly registry.get     connection: 'close',
2144 silly registry.get     'set-cookie':
2144 silly registry.get      [ '__cf_bm=xCdtTmu1upqjrwAZ1g2QQjDXQ_G91eIzW77D6LTDnjA-1789419020.838246-1.0.1.1-_QvG_3MgqmCMZfpsknpE_IoDnH68rBxhf2VgnoVOT2oAtsvNSjbO7NTQIomL9CF6e0emyFzrgUBR7Pcge3F45EiMqIpv5kEQkRy4XcnQn5z3Px6UumcH9drbtsvgiVYF; HttpOnly; SameSite=None; Secure; Path=/; Domain=npmjs.org; Expires=Mon, 14 Sep 2026 21:20:20 GMT',
2144 silly registry.get        '_cfuvid=XEx0TniqjxZJFHFY2jttQpzbDNrNglUpTSGgRLIuHTk-1789419020.838246-1.0.1.1-MxYKTkp1XO7I77NqWqEZIG2_TXoru4id6GBY2YENk9M; HttpOnly; SameSite=None; Secure; Path=/; Domain=npmjs.org' ],
2144 silly registry.get     'cf-ray': 'a3b243703aa5172f-IAD',
2144 silly registry.get     'cf-cache-status': 'HIT',
2144 silly registry.get     'access-control-allow-origin': '*',
2144 silly registry.get     age: '157',
2144 silly registry.get     'cache-control': 'public, max-age=300',
2144 silly registry.get     vary: 'accept-encoding, accept',
2144 silly registry.get     'last-modified': 'Thu, 27 Aug 2026 14:16:17 GMT',
2144 silly registry.get     server: 'cloudflare',
2144 silly registry.get     etag: 'W/"d33d70fe323a03f4521815d0af0b73eb"',
2144 silly registry.get     'content-encoding': 'gzip' } ]
2145 http 200 https://registry.npmjs.org/diff
2146 silly registry.get cb [ 200,
2146 silly registry.get   { date: 'Mon, 14 Sep 2026 20:50:20 GMT',
2146 silly registry.get     'content-type': 'application/json',
2146 silly registry.get     'transfer-encoding': 'chunked',
2146 silly registry.get     connection: 'close',
2146 silly registry.get     'set-cookie':
2146 silly registry.get      [ '__cf_bm=XOv5aqqP2SVj8tPew5Bw4AW557w.0U14cMaADQin.fc-1789419020.837528-1.0.1.1-tpZbGc3di278Ya0KXghX7kmtjCVgWGAb6kBM9M9vrem3Pt3sfDQVTvTAXqQUQk5G3tqOg8onl60xeLJLtcz8uqoi0ZcjXyPldobUgx2eyJksVeCntVgbOqQgJNQ2RIyf; HttpOnly; SameSite=None; Secure; Path=/; Domain=npmjs.org; Expires=Mon, 14 Sep 2026 21:20:20 GMT',
2146 silly registry.get        '_cfuvid=39HEWDbXyTG7FtxXB0goiMzz2e81LHNWB1CIyZrc6h0-1789419020.837528-1.0.1.1-TRMLcVeqNFYlthxDwcTcKydVAoaXEuejqx_VZWb2UGQ; HttpOnly; SameSite=None; Secure; Path=/; Domain=npmjs.org' ],
2146 silly registry.get     'cf-ray': 'a3b24370382b24ad-IAD',
2146 silly registry.get     'cf-cache-status': 'HIT',
2146 silly registry.get     'access-control-allow-origin': '*',
2146 silly registry.get     age: '16',
2146 silly registry.get     'cache-control': 'public, max-age=300',
2146 silly registry.get     vary: 'accept-encoding, accept',
2146 silly registry.get     'last-modified': 'Mon, 13 Apr 2026 12:39:25 GMT',
2146 silly registry.get     server: 'cloudflare',
2146 silly registry.get     etag: 'W/"39c01285895b44d2f3913a0a4821c786"',
2146 silly registry.get     'content-encoding': 'gzip' } ]
2147 http 200 https://registry.npmjs.org/ci-info
2148 silly registry.get cb [ 200,
2148 silly registry.get   { date: 'Mon, 14 Sep 2026 20:50:20 GMT',
2148 silly registry.get     'content-type': 'application/json',
2148 silly registry.get     'transfer-encoding': 'chunked',
2148 silly registry.get     connection: 'close',
2148 silly registry.get     'set-cookie':
2148 silly registry.get      [ '__cf_bm=08QewCLTKLVgVKQmBwXQR6jKecECHMQ1X7C9LxHM8rg-1789419020.818367-1.0.1.1-K8vx8G3yLJbzXlfODPa88rndmzDkbM6P1ISZBwS3h5XYNBo9WQodY4V768ijEm462uusaJyilrKTGisg_MzKSntdsGu9g1BYWu6Kv8oiQvn.Cd0mYxntUtnvtyFzEIGz; HttpOnly; SameSite=None; Secure; Path=/; Domain=npmjs.org; Expires=Mon, 14 Sep 2026 21:20:20 GMT',
2148 silly registry.get        '_cfuvid=fZNiAII0e6yfZmHkDNUqpfifygY7HufmxJWW6Gdw4lM-1789419020.818367-1.0.1.1-UKMxTAnjDR_fzaaXxYH_5r7x5CTDjin2FEL3yQw57ak; HttpOnly; SameSite=None; Secure; Path=/; Domain=npmjs.org' ],
2148 silly registry.get     'cf-ray': 'a3b24370188c198a-IAD',
2148 silly registry.get     'cf-cache-status': 'HIT',
2148 silly registry.get     'access-control-allow-origin': '*',
2148 silly registry.get     age: '125',
2148 silly registry.get     'cache-control': 'public, max-age=300',
2148 silly registry.get     vary: 'accept-encoding, accept',
2148 silly registry.get     'last-modified': 'Thu, 29 Jan 2026 16:23:17 GMT',
2148 silly registry.get     server: 'cloudflare',
2148 silly registry.get     etag: 'W/"8d2b5d0d56a76900faf38b1b8ace0670"',
2148 silly registry.get     'content-encoding': 'gzip' } ]
2149 http 200 https://registry.npmjs.org/import-meta-resolve
2150 silly registry.get cb [ 200,
2150 silly registry.get   { date: 'Mon, 14 Sep 2026 20:50:20 GMT',
2150 silly registry.get     'content-type': 'application/json',
2150 silly registry.get     'transfer-encoding': 'chunked',
2150 silly registry.get     connection: 'close',
2150 silly registry.get     'set-cookie':
2150 silly registry.get      [ '__cf_bm=a4xjhXbt9WVfHw8Ok2nZp4HJ_g5ryq8m_ej25wuUBqI-1789419020.8763115-1.0.1.1-1U.NytExNJ1q.lsCAe0PugHsq2HvBKCoTZfIHejAIxG0Uk3Edo2kujdoZWNgza3_kCRKPmvHip4nSW98mS64bK1b0KsNuw8I2R.526G0xeJvf562vW_mBoWjtEykuu5.; HttpOnly; SameSite=None; Secure; Path=/; Domain=npmjs.org; Expires=Mon, 14 Sep 2026 21:20:20 GMT',
2150 silly registry.get        '_cfuvid=a6YW.gyrMIlvMaPiSAgqziHnoqRw9f2.da6qRZ_VnKs-1789419020.8763115-1.0.1.1-VhBlo5VgMWR6xO.YdMuYjoXighY69IKMTPwjW8uDQZ0; HttpOnly; SameSite=None; Secure; Path=/; Domain=npmjs.org' ],
2150 silly registry.get     'cf-ray': 'a3b243707c6aae23-IAD',
2150 silly registry.get     'cf-cache-status': 'HIT',
2150 silly registry.get     'access-control-allow-origin': '*',
2150 silly registry.get     age: '221',
2150 silly registry.get     'cache-control': 'public, max-age=300',
2150 silly registry.get     vary: 'accept-encoding, accept',
2150 silly registry.get     'last-modified': 'Fri, 29 Aug 2025 18:46:17 GMT',
2150 silly registry.get     server: 'cloudflare',
2150 silly registry.get     etag: 'W/"c730824969a8d9f582f16665d8568285"',
2150 silly registry.get     'content-encoding': 'gzip' } ]
2151 silly addNameRange number 2 { name: 'axobject-query',
2151 silly addNameRange   range: '>=4.1.0-0 <5.0.0-0',
2151 silly addNameRange   hasData: true }
2152 silly addNameRange versions [ 'axobject-query',
2152 silly addNameRange   [ '0.1.0',
2152 silly addNameRange     '0.2.0',
2152 silly addNameRange     '1.0.1',
2152 silly addNameRange     '1.0.2',
2152 silly addNameRange     '2.0.1',
2152 silly addNameRange     '2.0.2',
2152 silly addNameRange     '2.1.1',
2152 silly addNameRange     '2.1.2',
2152 silly addNameRange     '2.2.0',
2152 silly addNameRange     '3.0.0',
2152 silly addNameRange     '3.0.1',
2152 silly addNameRange     '3.1.1',
2152 silly addNameRange     '3.2.0',
2152 silly addNameRange     '3.2.1',
2152 silly addNameRange     '4.0.0',
2152 silly addNameRange     '3.2.2',
2152 silly addNameRange     '3.2.3',
2152 silly addNameRange     '3.2.4',
2152 silly addNameRange     '4.1.0' ] ]
2153 verbose addNamed [ 'axobject-query', '4.1.0' ]
2154 verbose addNamed [ '4.1.0', '4.1.0' ]
2155 silly lockFile c0bb40ad-axobject-query-4-1-0 axobject-query@4.1.0
2156 verbose lock axobject-query@4.1.0 C:\Users\jerry\AppData\Roaming\npm-cache\c0bb40ad-axobject-query-4-1-0.lock
2157 silly addNameRange number 2 { name: 'dlv', range: '>=1.1.3-0 <2.0.0-0', hasData: true }
2158 silly addNameRange versions [ 'dlv',
2158 silly addNameRange   [ '1.0.0', '1.0.1', '1.0.2', '1.1.0', '1.1.1', '1.1.2', '1.1.3' ] ]
2159 verbose addNamed [ 'dlv', '1.1.3' ]
2160 verbose addNamed [ '1.1.3', '1.1.3' ]
2161 silly lockFile 9f616f96-dlv-1-1-3 dlv@1.1.3
2162 verbose lock dlv@1.1.3 C:\Users\jerry\AppData\Roaming\npm-cache\9f616f96-dlv-1-1-3.lock
2163 http 200 https://registry.npmjs.org/http-cache-semantics
2164 silly registry.get cb [ 200,
2164 silly registry.get   { date: 'Mon, 14 Sep 2026 20:50:20 GMT',
2164 silly registry.get     'content-type': 'application/json',
2164 silly registry.get     'transfer-encoding': 'chunked',
2164 silly registry.get     connection: 'close',
2164 silly registry.get     'set-cookie':
2164 silly registry.get      [ '__cf_bm=gXyWoMrlLISSZaVrJeKrSObk9aCpt2sNnRB9P7g3Ke4-1789419020.8761342-1.0.1.1-txkpVCP8L5yWQm5k0oqe1lm_nX0PCYiAkenBiqTe.6vt5vkaZjJVl0JokqqtwPKEmoepvz12j0s1cLkYVGx8AOnJrRnAbbMPMdGNMoy.omRbg6Qke0wu2GUPuSuxXoz8; HttpOnly; SameSite=None; Secure; Path=/; Domain=npmjs.org; Expires=Mon, 14 Sep 2026 21:20:20 GMT',
2164 silly registry.get        '_cfuvid=QWDvAmMbol.7t3TXm9tAS4vTButksYmq.ZIRSGfl5xQ-1789419020.8761342-1.0.1.1-y_RiVbt38ajSptbj2ufQWfjgbblF6fXK1wuh5tUoDRY; HttpOnly; SameSite=None; Secure; Path=/; Domain=npmjs.org' ],
2164 silly registry.get     'cf-ray': 'a3b2437079ecd633-IAD',
2164 silly registry.get     'cf-cache-status': 'HIT',
2164 silly registry.get     'access-control-allow-origin': '*',
2164 silly registry.get     age: '101',
2164 silly registry.get     'cache-control': 'public, max-age=300',
2164 silly registry.get     vary: 'accept-encoding, accept',
2164 silly registry.get     'last-modified': 'Fri, 09 May 2025 13:38:13 GMT',
2164 silly registry.get     server: 'cloudflare',
2164 silly registry.get     etag: 'W/"8eb92e92b8d3fe18a30abe428c0ab163"',
2164 silly registry.get     'content-encoding': 'gzip' } ]
2165 silly lockFile cdea505f-h-common-ancestor-path-1-0-1-tgz https://registry.npmjs.org/common-ancestor-path/-/common-ancestor-path-1.0.1.tgz
2166 verbose lock https://registry.npmjs.org/common-ancestor-path/-/common-ancestor-path-1.0.1.tgz C:\Users\jerry\AppData\Roaming\npm-cache\cdea505f-h-common-ancestor-path-1-0-1-tgz.lock
2167 http 200 https://registry.npmjs.org/mrmime
2168 silly registry.get cb [ 200,
2168 silly registry.get   { date: 'Mon, 14 Sep 2026 20:50:20 GMT',
2168 silly registry.get     'content-type': 'application/json',
2168 silly registry.get     'transfer-encoding': 'chunked',
2168 silly registry.get     connection: 'close',
2168 silly registry.get     'set-cookie':
2168 silly registry.get      [ '__cf_bm=r1HeItdT9omZK_3xU9MkV_hGOvN22TwHftbS7QGrbUc-1789419020.9496932-1.0.1.1-jx6kyDglAnXKZaO.fYnOyP8bEpQtu7M91VcG5ASSLMHvT.K3_.MdARqh5tufyvx17agkobCc9NCq_3BBTv3gjPf73sqKupm0omYd5whRDicI.MyKzybFxXQxVzTT1CEL; HttpOnly; SameSite=None; Secure; Path=/; Domain=npmjs.org; Expires=Mon, 14 Sep 2026 21:20:20 GMT',
2168 silly registry.get        '_cfuvid=eR5rPbDhttfNSxpW5AoFpNLkAY8Od7YRm83NQBXjOPo-1789419020.9496932-1.0.1.1-uJNpuOo81Si_zX89MZfkBC2ZDnphZ2Kn8HOKHu81ZtA; HttpOnly; SameSite=None; Secure; Path=/; Domain=npmjs.org' ],
2168 silly registry.get     'cf-ray': 'a3b24370eeaca629-IAD',
2168 silly registry.get     'cf-cache-status': 'HIT',
2168 silly registry.get     'access-control-allow-origin': '*',
2168 silly registry.get     age: '247',
2168 silly registry.get     'cache-control': 'public, max-age=300',
2168 silly registry.get     vary: 'accept-encoding, accept',
2168 silly registry.get     'last-modified': 'Mon, 17 Feb 2025 18:17:06 GMT',
2168 silly registry.get     server: 'cloudflare',
2168 silly registry.get     etag: 'W/"e52f78107984ecb9b2a6dc589bdfb3f6"',
2168 silly registry.get     'content-encoding': 'gzip' } ]
2169 silly addNameRange number 2 { name: 'aria-query',
2169 silly addNameRange   range: '>=5.3.2-0 <6.0.0-0',
2169 silly addNameRange   hasData: true }
2170 silly addNameRange versions [ 'aria-query',
2170 silly addNameRange   [ '0.1.0',
2170 silly addNameRange     '0.2.0',
2170 silly addNameRange     '0.3.0',
2170 silly addNameRange     '0.4.0',
2170 silly addNameRange     '0.5.0',
2170 silly addNameRange     '0.6.0',
2170 silly addNameRange     '0.7.0',
2170 silly addNameRange     '0.7.1',
2170 silly addNameRange     '1.0.1',
2170 silly addNameRange     '2.0.0',
2170 silly addNameRange     '2.0.1',
2170 silly addNameRange     '3.0.0',
2170 silly addNameRange     '4.0.0',
2170 silly addNameRange     '4.0.1',
2170 silly addNameRange     '4.0.2',
2170 silly addNameRange     '4.2.0',
2170 silly addNameRange     '4.2.1',
2170 silly addNameRange     '4.2.2',
2170 silly addNameRange     '5.0.0',
2170 silly addNameRange     '5.0.1',
2170 silly addNameRange     '5.0.2',
2170 silly addNameRange     '5.1.1',
2170 silly addNameRange     '5.1.2',
2170 silly addNameRange     '5.1.3',
2170 silly addNameRange     '5.2.0',
2170 silly addNameRange     '5.2.1',
2170 silly addNameRange     '5.3.0',
2170 silly addNameRange     '5.3.1',
2170 silly addNameRange     '5.3.2' ] ]
2171 verbose addNamed [ 'aria-query', '5.3.2' ]
2172 verbose addNamed [ '5.3.2', '5.3.2' ]
2173 silly lockFile fc52ad84-aria-query-5-3-2 aria-query@5.3.2
2174 verbose lock aria-query@5.3.2 C:\Users\jerry\AppData\Roaming\npm-cache\fc52ad84-aria-query-5-3-2.lock
2175 silly lockFile 7e4369cf-pmjs-org-cssesc-cssesc-3-0-0-tgz https://registry.npmjs.org/cssesc/-/cssesc-3.0.0.tgz
2176 verbose lock https://registry.npmjs.org/cssesc/-/cssesc-3.0.0.tgz C:\Users\jerry\AppData\Roaming\npm-cache\7e4369cf-pmjs-org-cssesc-cssesc-3-0-0-tgz.lock
2177 silly addNameRange number 2 { name: 'cookie', range: '>=1.1.1-0 <2.0.0-0', hasData: true }
2178 silly addNameRange versions [ 'cookie',
2178 silly addNameRange   [ '0.0.0',
2178 silly addNameRange     '0.0.1',
2178 silly addNameRange     '0.0.2',
2178 silly addNameRange     '0.0.3',
2178 silly addNameRange     '0.0.4',
2178 silly addNameRange     '0.0.5',
2178 silly addNameRange     '0.0.6',
2178 silly addNameRange     '0.1.0',
2178 silly addNameRange     '0.1.1',
2178 silly addNameRange     '0.1.2',
2178 silly addNameRange     '0.1.3',
2178 silly addNameRange     '0.2.0',
2178 silly addNameRange     '0.1.4',
2178 silly addNameRange     '0.2.1',
2178 silly addNameRange     '0.1.5',
2178 silly addNameRange     '0.2.2',
2178 silly addNameRange     '0.2.3',
2178 silly addNameRange     '0.2.4',
2178 silly addNameRange     '0.3.0',
2178 silly addNameRange     '0.3.1',
2178 silly addNameRange     '0.4.0',
2178 silly addNameRange     '0.4.1',
2178 silly addNameRange     '0.4.2',
2178 silly addNameRange     '0.5.0',
2178 silly addNameRange     '0.6.0',
2178 silly addNameRange     '0.7.0',
2178 silly addNameRange     '0.7.1',
2178 silly addNameRange     '0.7.2',
2178 silly addNameRange     '1.0.0',
2178 silly addNameRange     '1.0.1',
2178 silly addNameRange     '1.0.2',
2178 silly addNameRange     '1.1.0',
2178 silly addNameRange     '1.1.1',
2178 silly addNameRange     '2.0.0',
2178 silly addNameRange     '2.0.1' ] ]
2179 verbose addNamed [ 'cookie', '1.1.1' ]
2180 verbose addNamed [ '1.1.1', '1.1.1' ]
2181 silly lockFile 5917d034-cookie-1-1-1 cookie@1.1.1
2182 verbose lock cookie@1.1.1 C:\Users\jerry\AppData\Roaming\npm-cache\5917d034-cookie-1-1-1.lock
2183 verbose addRemoteTarball [ 'https://registry.npmjs.org/common-ancestor-path/-/common-ancestor-path-1.0.1.tgz',
2183 verbose addRemoteTarball   '4f7d2d1394d91b7abdf51871c62f71eadb0182a7' ]
2184 silly lockFile 58fdd92b-stry-npmjs-org-dlv-dlv-1-1-3-tgz https://registry.npmjs.org/dlv/-/dlv-1.1.3.tgz
2185 verbose lock https://registry.npmjs.org/dlv/-/dlv-1.1.3.tgz C:\Users\jerry\AppData\Roaming\npm-cache\58fdd92b-stry-npmjs-org-dlv-dlv-1-1-3-tgz.lock
2186 silly lockFile a921e930-t-query-axobject-query-4-1-0-tgz https://registry.npmjs.org/axobject-query/-/axobject-query-4.1.0.tgz
2187 verbose lock https://registry.npmjs.org/axobject-query/-/axobject-query-4.1.0.tgz C:\Users\jerry\AppData\Roaming\npm-cache\a921e930-t-query-axobject-query-4-1-0-tgz.lock
2188 http 200 https://registry.npmjs.org/neotraverse
2189 silly registry.get cb [ 200,
2189 silly registry.get   { date: 'Mon, 14 Sep 2026 20:50:20 GMT',
2189 silly registry.get     'content-type': 'application/json',
2189 silly registry.get     'transfer-encoding': 'chunked',
2189 silly registry.get     connection: 'close',
2189 silly registry.get     'set-cookie':
2189 silly registry.get      [ '__cf_bm=EkGEn9HzE0J_dLw8GKReSQ8p_U_bux5FXgMglQCa6Js-1789419020.9397774-1.0.1.1-xowXa8wicg2IR8S9UUgPLskNkOkrRQcSAwsZbqgKYPzLnsWttPdWS1.z6BUYGF8i8IPLhWIRoh.7H1gFp_mEX.4FKYXI11QBSvmX9_0C5x1Pxr4faWgoIhE6p61HTEGM; HttpOnly; SameSite=None; Secure; Path=/; Domain=npmjs.org; Expires=Mon, 14 Sep 2026 21:20:20 GMT',
2189 silly registry.get        '_cfuvid=69yxhiMC.KHkAT6sPIHZa6TvT.r9abIh607lIegO30w-1789419020.9397774-1.0.1.1-jSmBV36ohcxArfCBtpOxXhw_wZnogoqUXJUKbVd0Pp8; HttpOnly; SameSite=None; Secure; Path=/; Domain=npmjs.org' ],
2189 silly registry.get     'cf-ray': 'a3b24370dc54d649-IAD',
2189 silly registry.get     'cf-cache-status': 'HIT',
2189 silly registry.get     'access-control-allow-origin': '*',
2189 silly registry.get     age: '210',
2189 silly registry.get     'cache-control': 'public, max-age=300',
2189 silly registry.get     vary: 'accept-encoding, accept',
2189 silly registry.get     'last-modified': 'Thu, 11 Jun 2026 14:04:30 GMT',
2189 silly registry.get     server: 'cloudflare',
2189 silly registry.get     etag: 'W/"8c330beb8b4bf6b4902de5962cea7b76"',
2189 silly registry.get     'content-encoding': 'gzip' } ]
2190 silly lockFile fc320e9d--npmjs-org-boxen-boxen-8-0-1-tgz https://registry.npmjs.org/boxen/-/boxen-8.0.1.tgz
2191 verbose lock https://registry.npmjs.org/boxen/-/boxen-8.0.1.tgz C:\Users\jerry\AppData\Roaming\npm-cache\fc320e9d--npmjs-org-boxen-boxen-8-0-1-tgz.lock
2192 silly addNameRange number 2 { name: 'flattie', range: '>=1.1.1-0 <2.0.0-0', hasData: true }
2193 silly addNameRange versions [ 'flattie', [ '0.0.0', '1.0.0', '1.1.0', '1.1.1' ] ]
2194 verbose addNamed [ 'flattie', '1.1.1' ]
2195 verbose addNamed [ '1.1.1', '1.1.1' ]
2196 silly lockFile 8c52c523-flattie-1-1-1 flattie@1.1.1
2197 verbose lock flattie@1.1.1 C:\Users\jerry\AppData\Roaming\npm-cache\8c52c523-flattie-1-1-1.lock
2198 verbose addRemoteTarball [ 'https://registry.npmjs.org/cssesc/-/cssesc-3.0.0.tgz',
2198 verbose addRemoteTarball   '37741919903b868565e1c09ea747445cd18983ee' ]
2199 http 200 https://registry.npmjs.org/p-limit
2200 silly registry.get cb [ 200,
2200 silly registry.get   { date: 'Mon, 14 Sep 2026 20:50:20 GMT',
2200 silly registry.get     'content-type': 'application/json',
2200 silly registry.get     'transfer-encoding': 'chunked',
2200 silly registry.get     connection: 'close',
2200 silly registry.get     'set-cookie':
2200 silly registry.get      [ '__cf_bm=dRGIMBnlek2LNRnyJsPpAOYBTZDaI5MkGTsWd9kI_Xo-1789419020.9389935-1.0.1.1-DyFOO9o2J0MXIsy9hxzA2Crdd4fs309gsge04okBmYmfkuiUZBhh7izSZvuYRRZpw7QZvhjmaLcjb_Q6ro.IIz7bonoTobrqQgMqHOJGQGwploESBKEnUOgsSlxTrRhA; HttpOnly; SameSite=None; Secure; Path=/; Domain=npmjs.org; Expires=Mon, 14 Sep 2026 21:20:20 GMT',
2200 silly registry.get        '_cfuvid=Am3WpX_XdW3V63_Gux2yamATgLQd8oWZjJHmmg9aQao-1789419020.9389935-1.0.1.1-uyD3hS5G4z0hQg9Mc7m88bNhWJ1fSILecJXMbmEH._A; HttpOnly; SameSite=None; Secure; Path=/; Domain=npmjs.org' ],
2200 silly registry.get     'cf-ray': 'a3b24370dc37cbc5-IAD',
2200 silly registry.get     'cf-cache-status': 'HIT',
2200 silly registry.get     'access-control-allow-origin': '*',
2200 silly registry.get     age: '169',
2200 silly registry.get     'cache-control': 'public, max-age=300',
2200 silly registry.get     vary: 'accept-encoding, accept',
2200 silly registry.get     'last-modified': 'Mon, 31 Aug 2026 16:53:24 GMT',
2200 silly registry.get     server: 'cloudflare',
2200 silly registry.get     etag: 'W/"b59a3f514fffd04d479458c5d2366239"',
2200 silly registry.get     'content-encoding': 'gzip' } ]
2201 silly lockFile ae6ac015--aria-query-aria-query-5-3-2-tgz https://registry.npmjs.org/aria-query/-/aria-query-5.3.2.tgz
2202 verbose lock https://registry.npmjs.org/aria-query/-/aria-query-5.3.2.tgz C:\Users\jerry\AppData\Roaming\npm-cache\ae6ac015--aria-query-aria-query-5-3-2-tgz.lock
2203 verbose addRemoteTarball [ 'https://registry.npmjs.org/dlv/-/dlv-1.1.3.tgz',
2203 verbose addRemoteTarball   '5c198a8a11453596e751494d49874bc7732f2e79' ]
2204 verbose addRemoteTarball [ 'https://registry.npmjs.org/axobject-query/-/axobject-query-4.1.0.tgz',
2204 verbose addRemoteTarball   '28768c76d0e3cff21bc62a9e2d0b6ac30042a1ee' ]
2205 verbose addRemoteTarball [ 'https://registry.npmjs.org/boxen/-/boxen-8.0.1.tgz',
2205 verbose addRemoteTarball   '7e9fcbb45e11a2d7e6daa8fdcebfc3242fc19fe3' ]
2206 silly addNameRange number 2 { name: 'github-slugger',
2206 silly addNameRange   range: '>=2.0.0-0 <3.0.0-0',
2206 silly addNameRange   hasData: true }
2207 silly addNameRange versions [ 'github-slugger',
2207 silly addNameRange   [ '1.0.0',
2207 silly addNameRange     '1.0.1',
2207 silly addNameRange     '1.1.0',
2207 silly addNameRange     '1.1.1',
2207 silly addNameRange     '1.1.2',
2207 silly addNameRange     '1.1.3',
2207 silly addNameRange     '1.2.0',
2207 silly addNameRange     '1.2.1',
2207 silly addNameRange     '1.3.0',
2207 silly addNameRange     '1.4.0',
2207 silly addNameRange     '1.5.0',
2207 silly addNameRange     '2.0.0' ] ]
2208 verbose addNamed [ 'github-slugger', '2.0.0' ]
2209 verbose addNamed [ '2.0.0', '2.0.0' ]
2210 silly lockFile 40d6e534-github-slugger-2-0-0 github-slugger@2.0.0
2211 verbose lock github-slugger@2.0.0 C:\Users\jerry\AppData\Roaming\npm-cache\40d6e534-github-slugger-2-0-0.lock
2212 http 200 https://registry.npmjs.org/magicast
2213 silly registry.get cb [ 200,
2213 silly registry.get   { date: 'Mon, 14 Sep 2026 20:50:20 GMT',
2213 silly registry.get     'content-type': 'application/json',
2213 silly registry.get     'transfer-encoding': 'chunked',
2213 silly registry.get     connection: 'close',
2213 silly registry.get     'set-cookie':
2213 silly registry.get      [ '__cf_bm=9v24f_PhSq4LVYnlYhbJaRPkIWqnvXvUClHlWjDoGOs-1789419020.9491422-1.0.1.1-6VSGyHygmeQAA2f4OSvjh78e1kT.CoekUKa93xCclMZbiYuxikWci0Jal2FgOxJxTFQmBzb1zhMl2FPdgGnVLDL44IcewaRb1Y30UDyzhx0mcE_Z.5NPJP29wI75LcDE; HttpOnly; SameSite=None; Secure; Path=/; Domain=npmjs.org; Expires=Mon, 14 Sep 2026 21:20:20 GMT',
2213 silly registry.get        '_cfuvid=CNztBdlQgtQrD2b_qBu2F.rk7T5lHex7dWfy29NkSgM-1789419020.9491422-1.0.1.1-32ghs0YA3ZN7Km_RFTjXK8MCmA61nm4CmI9fMoj5Eec; HttpOnly; SameSite=None; Secure; Path=/; Domain=npmjs.org' ],
2213 silly registry.get     'cf-ray': 'a3b24370ebb55666-IAD',
2213 silly registry.get     'cf-cache-status': 'HIT',
2213 silly registry.get     'access-control-allow-origin': '*',
2213 silly registry.get     age: '89',
2213 silly registry.get     'cache-control': 'public, max-age=300',
2213 silly registry.get     vary: 'accept-encoding, accept',
2213 silly registry.get     'last-modified': 'Fri, 11 Sep 2026 03:31:11 GMT',
2213 silly registry.get     server: 'cloudflare',
2213 silly registry.get     etag: 'W/"d6f75dfec39bb62de3d5454c12c9c11e"',
2213 silly registry.get     'content-encoding': 'gzip' } ]
2214 silly addNameRange number 2 { name: 'dset', range: '>=3.1.4-0 <4.0.0-0', hasData: true }
2215 silly addNameRange versions [ 'dset',
2215 silly addNameRange   [ '0.0.0',
2215 silly addNameRange     '1.0.0',
2215 silly addNameRange     '1.0.1',
2215 silly addNameRange     '2.0.0',
2215 silly addNameRange     '2.0.1',
2215 silly addNameRange     '2.1.0',
2215 silly addNameRange     '3.0.0',
2215 silly addNameRange     '3.1.0',
2215 silly addNameRange     '3.1.1',
2215 silly addNameRange     '3.1.2',
2215 silly addNameRange     '3.1.3',
2215 silly addNameRange     '3.1.4' ] ]
2216 verbose addNamed [ 'dset', '3.1.4' ]
2217 verbose addNamed [ '3.1.4', '3.1.4' ]
2218 silly lockFile af7bbf6f-dset-3-1-4 dset@3.1.4
2219 verbose lock dset@3.1.4 C:\Users\jerry\AppData\Roaming\npm-cache\af7bbf6f-dset-3-1-4.lock
2220 silly lockFile 0b2c1e36-pmjs-org-cookie-cookie-1-1-1-tgz https://registry.npmjs.org/cookie/-/cookie-1.1.1.tgz
2221 verbose lock https://registry.npmjs.org/cookie/-/cookie-1.1.1.tgz C:\Users\jerry\AppData\Roaming\npm-cache\0b2c1e36-pmjs-org-cookie-cookie-1-1-1-tgz.lock
2222 info retry fetch attempt 1 at 16:50:21
2223 verbose fetch to= C:\Users\jerry\AppData\Local\Temp\npm-2864-W0YXzXam\registry.npmjs.org\common-ancestor-path\-\common-ancestor-path-1.0.1.tgz
2224 silly addNameRange number 2 { name: 'clsx', range: '>=2.1.1-0 <3.0.0-0', hasData: true }
2225 silly addNameRange versions [ 'clsx',
2225 silly addNameRange   [ '0.0.1',
2225 silly addNameRange     '1.0.0',
2225 silly addNameRange     '1.0.1',
2225 silly addNameRange     '1.0.2',
2225 silly addNameRange     '1.0.3',
2225 silly addNameRange     '1.0.4',
2225 silly addNameRange     '1.1.0',
2225 silly addNameRange     '1.1.1',
2225 silly addNameRange     '1.2.0',
2225 silly addNameRange     '1.2.1',
2225 silly addNameRange     '2.0.0-next.0',
2225 silly addNameRange     '2.0.0',
2225 silly addNameRange     '2.0.1',
2225 silly addNameRange     '2.1.0',
2225 silly addNameRange     '2.1.1' ] ]
2226 verbose addNamed [ 'clsx', '2.1.1' ]
2227 verbose addNamed [ '2.1.1', '2.1.1' ]
2228 silly lockFile 0c6348bb-clsx-2-1-1 clsx@2.1.1
2229 verbose lock clsx@2.1.1 C:\Users\jerry\AppData\Roaming\npm-cache\0c6348bb-clsx-2-1-1.lock
2230 http 200 https://registry.npmjs.org/rehype
2231 silly registry.get cb [ 200,
2231 silly registry.get   { date: 'Mon, 14 Sep 2026 20:50:20 GMT',
2231 silly registry.get     'content-type': 'application/json',
2231 silly registry.get     'transfer-encoding': 'chunked',
2231 silly registry.get     connection: 'close',
2231 silly registry.get     'set-cookie':
2231 silly registry.get      [ '__cf_bm=XhVO9ridJu7mV.wu2ZabtmY9pgrbVTy7vgMTDG979Uo-1789419020.9480052-1.0.1.1-T9BoCZyyinLWTrA.Fbr0JCMXlWZVTSdVO_IdcI5zwbxx7ugMao84lnKf9o5kY0r2y8AiTsbcdmAmg21oJVIi0xIz7R48OYFGQb22zCakLQoNblU7fBnPlh5yoWXfBYKf; HttpOnly; SameSite=None; Secure; Path=/; Domain=npmjs.org; Expires=Mon, 14 Sep 2026 21:20:20 GMT',
2231 silly registry.get        '_cfuvid=S5.5nRiEoO8qUlSZbmKHMeVtMyfvHuI0kvFuMWWFRKI-1789419020.9480052-1.0.1.1-NhrMqXouzwTJP9tmUnNGyhTn.QxjvXR6PxU17GaGdrg; HttpOnly; SameSite=None; Secure; Path=/; Domain=npmjs.org' ],
2231 silly registry.get     'cf-ray': 'a3b24370e8b4da36-IAD',
2231 silly registry.get     'cf-cache-status': 'HIT',
2231 silly registry.get     'access-control-allow-origin': '*',
2231 silly registry.get     age: '240',
2231 silly registry.get     'cache-control': 'public, max-age=300',
2231 silly registry.get     vary: 'accept-encoding, accept',
2231 silly registry.get     'last-modified': 'Fri, 27 Sep 2024 15:08:43 GMT',
2231 silly registry.get     server: 'cloudflare',
2231 silly registry.get     etag: 'W/"7fc66729d7e138b7f94f2e516f9030bf"',
2231 silly registry.get     'content-encoding': 'gzip' } ]
2232 silly lockFile 5f8876e8-js-org-flattie-flattie-1-1-1-tgz https://registry.npmjs.org/flattie/-/flattie-1.1.1.tgz
2233 verbose lock https://registry.npmjs.org/flattie/-/flattie-1.1.1.tgz C:\Users\jerry\AppData\Roaming\npm-cache\5f8876e8-js-org-flattie-flattie-1-1-1-tgz.lock
2234 verbose addRemoteTarball [ 'https://registry.npmjs.org/aria-query/-/aria-query-5.3.2.tgz',
2234 verbose addRemoteTarball   '93f81a43480e33a338f19163a3d10a50c01dcd59' ]
2235 silly lockFile 23bbdeb2-l-escaper-html-escaper-3-0-3-tgz https://registry.npmjs.org/html-escaper/-/html-escaper-3.0.3.tgz
2236 verbose lock https://registry.npmjs.org/html-escaper/-/html-escaper-3.0.3.tgz C:\Users\jerry\AppData\Roaming\npm-cache\23bbdeb2-l-escaper-html-escaper-3-0-3-tgz.lock
2237 info retry fetch attempt 1 at 16:50:21
2238 verbose fetch to= C:\Users\jerry\AppData\Local\Temp\npm-2864-W0YXzXam\registry.npmjs.org\cssesc\-\cssesc-3.0.0.tgz
2239 silly addNameRange number 2 { name: 'fontace', range: '>=0.4.0-0 <0.5.0-0', hasData: true }
2240 silly addNameRange versions [ 'fontace',
2240 silly addNameRange   [ '0.0.1',
2240 silly addNameRange     '0.1.0',
2240 silly addNameRange     '0.2.0',
2240 silly addNameRange     '0.2.1',
2240 silly addNameRange     '0.2.2',
2240 silly addNameRange     '0.3.0',
2240 silly addNameRange     '0.3.1',
2240 silly addNameRange     '0.4.0',
2240 silly addNameRange     '0.4.1' ] ]
2241 verbose addNamed [ 'fontace', '0.4.1' ]
2242 verbose addNamed [ '0.4.1', '0.4.1' ]
2243 silly lockFile 154e1fe7-fontace-0-4-1 fontace@0.4.1
2244 verbose lock fontace@0.4.1 C:\Users\jerry\AppData\Roaming\npm-cache\154e1fe7-fontace-0-4-1.lock
2245 silly addNameRange number 2 { name: 'estree-walker',
2245 silly addNameRange   range: '>=3.0.3-0 <4.0.0-0',
2245 silly addNameRange   hasData: true }
2246 silly addNameRange versions [ 'estree-walker',
2246 silly addNameRange   [ '0.1.0',
2246 silly addNameRange     '0.1.1',
2246 silly addNameRange     '0.1.2',
2246 silly addNameRange     '0.1.3',
2246 silly addNameRange     '0.2.0',
2246 silly addNameRange     '0.2.1',
2246 silly addNameRange     '0.3.0',
2246 silly addNameRange     '0.3.1',
2246 silly addNameRange     '0.4.0',
2246 silly addNameRange     '0.5.0',
2246 silly addNameRange     '0.5.1',
2246 silly addNameRange     '0.5.2',
2246 silly addNameRange     '0.6.0',
2246 silly addNameRange     '0.6.1',
2246 silly addNameRange     '0.7.0',
2246 silly addNameRange     '0.8.0',
2246 silly addNameRange     '0.8.1',
2246 silly addNameRange     '0.9.0',
2246 silly addNameRange     '1.0.0',
2246 silly addNameRange     '1.0.1',
2246 silly addNameRange     '2.0.0',
2246 silly addNameRange     '2.0.1',
2246 silly addNameRange     '2.0.2',
2246 silly addNameRange     '3.0.0',
2246 silly addNameRange     '3.0.1',
2246 silly addNameRange     '3.0.2',
2246 silly addNameRange     '3.0.3' ] ]
2247 verbose addNamed [ 'estree-walker', '3.0.3' ]
2248 verbose addNamed [ '3.0.3', '3.0.3' ]
2249 silly lockFile b767689a-estree-walker-3-0-3 estree-walker@3.0.3
2250 verbose lock estree-walker@3.0.3 C:\Users\jerry\AppData\Roaming\npm-cache\b767689a-estree-walker-3-0-3.lock
2251 verbose addRemoteTarball [ 'https://registry.npmjs.org/cookie/-/cookie-1.1.1.tgz',
2251 verbose addRemoteTarball   '3bb9bdfc82369db9c2f69c93c9c3ceb310c88b3c' ]
2252 http 200 https://registry.npmjs.org/debug
2253 silly registry.get cb [ 200,
2253 silly registry.get   { date: 'Mon, 14 Sep 2026 20:50:20 GMT',
2253 silly registry.get     'content-type': 'application/json',
2253 silly registry.get     'transfer-encoding': 'chunked',
2253 silly registry.get     connection: 'close',
2253 silly registry.get     'set-cookie':
2253 silly registry.get      [ '__cf_bm=Y2FuTGuiO7Izj8HIkz7_JgNoQdcTrzUjsH0gFvv0teo-1789419020.8241708-1.0.1.1-tFa8F3vv5pXNh5orp5tEr9VVgKsNurbuR6aUw7At6uXOfw295ZrbCRZ5chfxmXkDDleoPs.rrXg6HvC8jLDl3Qi3oS4KoufQ2Bc_PcjDegCubNZLQPRfWaJVYkcpPn79; HttpOnly; SameSite=None; Secure; Path=/; Domain=npmjs.org; Expires=Mon, 14 Sep 2026 21:20:20 GMT',
2253 silly registry.get        '_cfuvid=NJ96LRSp_UptmxLA6vuEKLO.lnGbec9.Zue87KvncmI-1789419020.8241708-1.0.1.1-YdqX_FBZXlvNAeqCP9pbX.k00.GYJkZErXeeu898Dsw; HttpOnly; SameSite=None; Secure; Path=/; Domain=npmjs.org' ],
2253 silly registry.get     'cf-ray': 'a3b243701cfa204b-IAD',
2253 silly registry.get     'cf-cache-status': 'HIT',
2253 silly registry.get     'access-control-allow-origin': '*',
2253 silly registry.get     age: '45',
2253 silly registry.get     'cache-control': 'public, max-age=300',
2253 silly registry.get     vary: 'accept-encoding, accept',
2253 silly registry.get     'last-modified': 'Sat, 13 Sep 2025 17:25:21 GMT',
2253 silly registry.get     server: 'cloudflare',
2253 silly registry.get     etag: 'W/"11050952da2ca49e2571ebcd3dfd554e"',
2253 silly registry.get     'content-encoding': 'gzip' } ]
2254 http GET https://registry.npmjs.org/common-ancestor-path/-/common-ancestor-path-1.0.1.tgz
2255 silly addNameRange number 2 { name: 'diff', range: '>=8.0.3-0 <9.0.0-0', hasData: true }
2256 silly addNameRange versions [ 'diff',
2256 silly addNameRange   [ '1.0.0',
2256 silly addNameRange     '1.0.1',
2256 silly addNameRange     '1.0.2',
2256 silly addNameRange     '1.0.3',
2256 silly addNameRange     '1.0.4',
2256 silly addNameRange     '1.0.5',
2256 silly addNameRange     '1.0.6',
2256 silly addNameRange     '1.0.7',
2256 silly addNameRange     '1.0.8',
2256 silly addNameRange     '1.1.0',
2256 silly addNameRange     '1.2.0',
2256 silly addNameRange     '1.2.1',
2256 silly addNameRange     '1.2.2',
2256 silly addNameRange     '1.3.0',
2256 silly addNameRange     '1.3.1',
2256 silly addNameRange     '1.3.2',
2256 silly addNameRange     '1.4.0',
2256 silly addNameRange     '2.0.1',
2256 silly addNameRange     '2.0.2',
2256 silly addNameRange     '2.1.0',
2256 silly addNameRange     '2.1.1',
2256 silly addNameRange     '2.1.2',
2256 silly addNameRange     '2.1.3',
2256 silly addNameRange     '2.2.0',
2256 silly addNameRange     '2.2.1',
2256 silly addNameRange     '2.2.2',
2256 silly addNameRange     '2.2.3',
2256 silly addNameRange     '3.0.0',
2256 silly addNameRange     '3.0.1',
2256 silly addNameRange     '3.1.0',
2256 silly addNameRange     '3.2.0',
2256 silly addNameRange     '3.3.0',
2256 silly addNameRange     '3.3.1',
2256 silly addNameRange     '3.4.0',
2256 silly addNameRange     '3.5.0',
2256 silly addNameRange     '4.0.0',
2256 silly addNameRange     '4.0.1',
2256 silly addNameRange     '4.0.2',
2256 silly addNameRange     '5.0.0',
2256 silly addNameRange     '5.1.0',
2256 silly addNameRange     '5.2.0',
2256 silly addNameRange     '6.0.0-beta',
2256 silly addNameRange     '6.0.0',
2256 silly addNameRange     '7.0.0',
2256 silly addNameRange     '8.0.0-beta',
2256 silly addNameRange     '8.0.0',
2256 silly addNameRange     '8.0.1',
2256 silly addNameRange     '8.0.2',
2256 silly addNameRange     '8.0.3',
2256 silly addNameRange     '5.2.1',
2256 silly addNameRange     '5.2.2',
2256 silly addNameRange     '4.0.3',
2256 silly addNameRange     '4.0.4',
2256 silly addNameRange     '3.5.1',
2256 silly addNameRange     '8.0.4',
2256 silly addNameRange     '9.0.0' ] ]
2257 verbose addNamed [ 'diff', '8.0.4' ]
2258 verbose addNamed [ '8.0.4', '8.0.4' ]
2259 silly lockFile a1e195f6-diff-8-0-4 diff@8.0.4
2260 verbose lock diff@8.0.4 C:\Users\jerry\AppData\Roaming\npm-cache\a1e195f6-diff-8-0-4.lock
2261 info retry fetch attempt 1 at 16:50:21
2262 verbose fetch to= C:\Users\jerry\AppData\Local\Temp\npm-2864-W0YXzXam\registry.npmjs.org\dlv\-\dlv-1.1.3.tgz
2263 info retry fetch attempt 1 at 16:50:21
2264 verbose fetch to= C:\Users\jerry\AppData\Local\Temp\npm-2864-W0YXzXam\registry.npmjs.org\axobject-query\-\axobject-query-4.1.0.tgz
2265 info retry fetch attempt 1 at 16:50:21
2266 verbose fetch to= C:\Users\jerry\AppData\Local\Temp\npm-2864-W0YXzXam\registry.npmjs.org\boxen\-\boxen-8.0.1.tgz
2267 silly lockFile d80520a5-slugger-github-slugger-2-0-0-tgz https://registry.npmjs.org/github-slugger/-/github-slugger-2.0.0.tgz
2268 verbose lock https://registry.npmjs.org/github-slugger/-/github-slugger-2.0.0.tgz C:\Users\jerry\AppData\Roaming\npm-cache\d80520a5-slugger-github-slugger-2-0-0-tgz.lock
2269 silly lockFile 3bf1d683-ry-npmjs-org-dset-dset-3-1-4-tgz https://registry.npmjs.org/dset/-/dset-3.1.4.tgz
2270 verbose lock https://registry.npmjs.org/dset/-/dset-3.1.4.tgz C:\Users\jerry\AppData\Roaming\npm-cache\3bf1d683-ry-npmjs-org-dset-dset-3-1-4-tgz.lock
2271 silly addNameRange number 2 { name: 'ci-info', range: '>=4.3.1-0 <5.0.0-0', hasData: true }
2272 silly addNameRange versions [ 'ci-info',
2272 silly addNameRange   [ '1.0.0',
2272 silly addNameRange     '1.0.1',
2272 silly addNameRange     '1.1.0',
2272 silly addNameRange     '1.1.1',
2272 silly addNameRange     '1.1.2',
2272 silly addNameRange     '1.1.3',
2272 silly addNameRange     '1.2.0',
2272 silly addNameRange     '1.3.0',
2272 silly addNameRange     '1.3.1',
2272 silly addNameRange     '1.4.0',
2272 silly addNameRange     '1.5.0',
2272 silly addNameRange     '1.5.1',
2272 silly addNameRange     '1.6.0',
2272 silly addNameRange     '2.0.0',
2272 silly addNameRange     '3.0.0',
2272 silly addNameRange     '3.1.0',
2272 silly addNameRange     '3.1.1',
2272 silly addNameRange     '3.2.0',
2272 silly addNameRange     '3.3.0',
2272 silly addNameRange     '3.3.1',
2272 silly addNameRange     '3.3.2',
2272 silly addNameRange     '3.4.0',
2272 silly addNameRange     '3.5.0',
2272 silly addNameRange     '3.6.0',
2272 silly addNameRange     '3.6.1',
2272 silly addNameRange     '3.6.2',
2272 silly addNameRange     '3.7.0',
2272 silly addNameRange     '3.7.1',
2272 silly addNameRange     '3.8.0',
2272 silly addNameRange     '3.9.0',
2272 silly addNameRange     '4.0.0',
2272 silly addNameRange     '4.1.0',
2272 silly addNameRange     '4.2.0',
2272 silly addNameRange     '4.3.0',
2272 silly addNameRange     '4.3.1',
2272 silly addNameRange     '4.4.0' ] ]
2273 verbose addNamed [ 'ci-info', '4.4.0' ]
2274 verbose addNamed [ '4.4.0', '4.4.0' ]
2275 silly lockFile 4d1c5d55-ci-info-4-4-0 ci-info@4.4.0
2276 verbose lock ci-info@4.4.0 C:\Users\jerry\AppData\Roaming\npm-cache\4d1c5d55-ci-info-4-4-0.lock
2277 silly addNameRange number 2 { name: 'devalue', range: '>=5.6.2-0 <6.0.0-0', hasData: true }
2278 silly addNameRange versions [ 'devalue',
2278 silly addNameRange   [ '1.0.0',
2278 silly addNameRange     '1.0.1',
2278 silly addNameRange     '1.0.2',
2278 silly addNameRange     '1.0.3',
2278 silly addNameRange     '1.0.4',
2278 silly addNameRange     '1.1.0',
2278 silly addNameRange     '1.1.1',
2278 silly addNameRange     '2.0.0',
2278 silly addNameRange     '2.0.1',
2278 silly addNameRange     '3.0.1',
2278 silly addNameRange     '3.1.0',
2278 silly addNameRange     '3.1.1',
2278 silly addNameRange     '3.1.2',
2278 silly addNameRange     '3.1.3',
2278 silly addNameRange     '4.0.0',
2278 silly addNameRange     '4.0.1',
2278 silly addNameRange     '4.1.0',
2278 silly addNameRange     '4.2.0',
2278 silly addNameRange     '4.2.1',
2278 silly addNameRange     '4.2.2',
2278 silly addNameRange     '4.2.3',
2278 silly addNameRange     '4.3.0',
2278 silly addNameRange     '4.3.1',
2278 silly addNameRange     '4.3.2',
2278 silly addNameRange     '4.3.3',
2278 silly addNameRange     '5.0.0',
2278 silly addNameRange     '5.1.0',
2278 silly addNameRange     '5.1.1',
2278 silly addNameRange     '5.2.0',
2278 silly addNameRange     '5.3.0',
2278 silly addNameRange     '5.3.1',
2278 silly addNameRange     '5.3.2',
2278 silly addNameRange     '5.4.0',
2278 silly addNameRange     '5.4.1',
2278 silly addNameRange     '5.4.2',
2278 silly addNameRange     '5.5.0',
2278 silly addNameRange     '5.6.0',
2278 silly addNameRange     '5.6.1',
2278 silly addNameRange     '5.6.2',
2278 silly addNameRange     '5.6.3',
2278 silly addNameRange     '5.6.4',
2278 silly addNameRange     '5.7.0',
2278 silly addNameRange     '5.7.1',
2278 silly addNameRange     '5.8.0',
2278 silly addNameRange     '5.8.1',
2278 silly addNameRange     '5.8.2',
2278 silly addNameRange     '5.9.0',
2278 silly addNameRange     '5.9.1',
2278 silly addNameRange     '5.9.2' ] ]
2279 verbose addNamed [ 'devalue', '5.9.2' ]
2280 verbose addNamed [ '5.9.2', '5.9.2' ]
2281 silly lockFile 697427e7-devalue-5-9-2 devalue@5.9.2
2282 verbose lock devalue@5.9.2 C:\Users\jerry\AppData\Roaming\npm-cache\697427e7-devalue-5-9-2.lock
2283 silly addNameRange number 2 { name: 'http-cache-semantics',
2283 silly addNameRange   range: '>=4.2.0-0 <5.0.0-0',
2283 silly addNameRange   hasData: true }
2284 silly addNameRange versions [ 'http-cache-semantics',
2284 silly addNameRange   [ '1.0.0',
2284 silly addNameRange     '2.0.0',
2284 silly addNameRange     '3.0.0',
2284 silly addNameRange     '3.1.0',
2284 silly addNameRange     '3.2.0',
2284 silly addNameRange     '3.3.0',
2284 silly addNameRange     '3.3.1',
2284 silly addNameRange     '3.3.2',
2284 silly addNameRange     '3.3.3',
2284 silly addNameRange     '3.4.0',
2284 silly addNameRange     '3.5.0',
2284 silly addNameRange     '3.5.1',
2284 silly addNameRange     '3.6.0',
2284 silly addNameRange     '3.6.1',
2284 silly addNameRange     '3.7.0',
2284 silly addNameRange     '3.7.1',
2284 silly addNameRange     '3.7.3',
2284 silly addNameRange     '3.8.0',
2284 silly addNameRange     '3.8.1',
2284 silly addNameRange     '4.0.0',
2284 silly addNameRange     '4.0.1',
2284 silly addNameRange     '4.0.2',
2284 silly addNameRange     '4.0.3',
2284 silly addNameRange     '4.0.4',
2284 silly addNameRange     '4.1.0',
2284 silly addNameRange     '4.1.1',
2284 silly addNameRange     '4.2.0-beta.1',
2284 silly addNameRange     '4.2.0-beta.2',
2284 silly addNameRange     '4.2.0' ] ]
2285 verbose addNamed [ 'http-cache-semantics', '4.2.0' ]
2286 verbose addNamed [ '4.2.0', '4.2.0' ]
2287 silly lockFile d065978a-http-cache-semantics-4-2-0 http-cache-semantics@4.2.0
2288 verbose lock http-cache-semantics@4.2.0 C:\Users\jerry\AppData\Roaming\npm-cache\d065978a-http-cache-semantics-4-2-0.lock
2289 verbose addRemoteTarball [ 'https://registry.npmjs.org/flattie/-/flattie-1.1.1.tgz',
2289 verbose addRemoteTarball   '88182235723113667d36217fec55359275d6fe3d' ]
2290 silly lockFile 6f76c7dc-ry-npmjs-org-clsx-clsx-2-1-1-tgz https://registry.npmjs.org/clsx/-/clsx-2.1.1.tgz
2291 verbose lock https://registry.npmjs.org/clsx/-/clsx-2.1.1.tgz C:\Users\jerry\AppData\Roaming\npm-cache\6f76c7dc-ry-npmjs-org-clsx-clsx-2-1-1-tgz.lock
2292 silly addNameRange number 2 { name: 'import-meta-resolve',
2292 silly addNameRange   range: '>=4.2.0-0 <5.0.0-0',
2292 silly addNameRange   hasData: true }
2293 silly addNameRange versions [ 'import-meta-resolve',
2293 silly addNameRange   [ '0.1.0',
2293 silly addNameRange     '1.0.0',
2293 silly addNameRange     '1.0.1',
2293 silly addNameRange     '1.1.0',
2293 silly addNameRange     '1.1.1',
2293 silly addNameRange     '2.0.0',
2293 silly addNameRange     '2.0.1',
2293 silly addNameRange     '2.0.2',
2293 silly addNameRange     '2.0.3',
2293 silly addNameRange     '2.1.0',
2293 silly addNameRange     '2.2.0',
2293 silly addNameRange     '2.2.1',
2293 silly addNameRange     '2.2.2',
2293 silly addNameRange     '3.0.0',
2293 silly addNameRange     '3.1.0',
2293 silly addNameRange     '3.1.1',
2293 silly addNameRange     '4.0.0',
2293 silly addNameRange     '4.1.0',
2293 silly addNameRange     '4.2.0' ] ]
2294 verbose addNamed [ 'import-meta-resolve', '4.2.0' ]
2295 verbose addNamed [ '4.2.0', '4.2.0' ]
2296 silly lockFile 2177b867-import-meta-resolve-4-2-0 import-meta-resolve@4.2.0
2297 verbose lock import-meta-resolve@4.2.0 C:\Users\jerry\AppData\Roaming\npm-cache\2177b867-import-meta-resolve-4-2-0.lock
2298 verbose addRemoteTarball [ 'https://registry.npmjs.org/html-escaper/-/html-escaper-3.0.3.tgz',
2298 verbose addRemoteTarball   '4d336674652beb1dcbc29ef6b6ba7f6be6fdfed6' ]
2299 http GET https://registry.npmjs.org/cssesc/-/cssesc-3.0.0.tgz
2300 http 200 https://registry.npmjs.org/unifont
2301 silly registry.get cb [ 200,
2301 silly registry.get   { date: 'Mon, 14 Sep 2026 20:50:20 GMT',
2301 silly registry.get     'content-type': 'application/json',
2301 silly registry.get     'transfer-encoding': 'chunked',
2301 silly registry.get     connection: 'close',
2301 silly registry.get     'set-cookie':
2301 silly registry.get      [ '__cf_bm=DQwzJW8V0VCO6ADuehpAVSvG8hzo76A7eQsd.aDhfI0-1789419020.9764485-1.0.1.1-E6qsYqWIryUP2uSxaNhGwdCxYFpRviOwdsLp7iZ3K0kwHVzO7VhVXaafykOHbbNokSk3w6_kpVLjqRCphhklVQarr7PG4_MBFz9JWcHmArqFBpGIxJVP9LuKJsChRtr7; HttpOnly; SameSite=None; Secure; Path=/; Domain=npmjs.org; Expires=Mon, 14 Sep 2026 21:20:20 GMT',
2301 silly registry.get        '_cfuvid=CTDh.ncRBIfMuWfug2XkSymsniyzDgVDvlaaydv50B8-1789419020.9764485-1.0.1.1-ylmFDXueqb.MBsmF1160FZ3ks8G1Oz_94OvGKiQdXNU; HttpOnly; SameSite=None; Secure; Path=/; Domain=npmjs.org' ],
2301 silly registry.get     'cf-ray': 'a3b24371186daa17-IAD',
2301 silly registry.get     'cf-cache-status': 'HIT',
2301 silly registry.get     'access-control-allow-origin': '*',
2301 silly registry.get     age: '62',
2301 silly registry.get     'cache-control': 'public, max-age=300',
2301 silly registry.get     vary: 'accept-encoding, accept',
2301 silly registry.get     'last-modified': 'Sun, 23 Aug 2026 22:45:09 GMT',
2301 silly registry.get     server: 'cloudflare',
2301 silly registry.get     etag: 'W/"328a59698dc594c163163b546471dc11"',
2301 silly registry.get     'content-encoding': 'gzip' } ]
2302 silly addNameRange number 2 { name: 'mrmime', range: '>=2.0.1-0 <3.0.0-0', hasData: true }
2303 silly addNameRange versions [ 'mrmime',
2303 silly addNameRange   [ '0.1.0', '0.1.1', '0.1.2', '1.0.0', '1.0.1', '2.0.0', '2.0.1' ] ]
2304 verbose addNamed [ 'mrmime', '2.0.1' ]
2305 verbose addNamed [ '2.0.1', '2.0.1' ]
2306 silly lockFile c8de7e33-mrmime-2-0-1 mrmime@2.0.1
2307 verbose lock mrmime@2.0.1 C:\Users\jerry\AppData\Roaming\npm-cache\c8de7e33-mrmime-2-0-1.lock
2308 info retry fetch attempt 1 at 16:50:21
2309 verbose fetch to= C:\Users\jerry\AppData\Local\Temp\npm-2864-W0YXzXam\registry.npmjs.org\aria-query\-\aria-query-5.3.2.tgz
2310 http GET https://registry.npmjs.org/dlv/-/dlv-1.1.3.tgz
2311 http GET https://registry.npmjs.org/axobject-query/-/axobject-query-4.1.0.tgz
2312 http GET https://registry.npmjs.org/boxen/-/boxen-8.0.1.tgz
2313 verbose addRemoteTarball [ 'https://registry.npmjs.org/github-slugger/-/github-slugger-2.0.0.tgz',
2313 verbose addRemoteTarball   '52cf2f9279a21eb6c59dd385b410f0c0adda8f1a' ]
2314 silly lockFile f2a40acf-capsizecss-unpack-4-0-0 capsizecss/unpack@^4.0.0
2315 silly lockFile f2a40acf-capsizecss-unpack-4-0-0 capsizecss/unpack@^4.0.0
2316 verbose addRemoteTarball [ 'https://registry.npmjs.org/dset/-/dset-3.1.4.tgz',
2316 verbose addRemoteTarball   'f8eaf5f023f068a036d08cd07dc9ffb7d0065248' ]
2317 silly lockFile bf47819a-oslojs-encoding-1-1-0 oslojs/encoding@^1.1.0
2318 silly lockFile bf47819a-oslojs-encoding-1-1-0 oslojs/encoding@^1.1.0
2319 silly lockFile 014cbb61-js-org-fontace-fontace-0-4-1-tgz https://registry.npmjs.org/fontace/-/fontace-0.4.1.tgz
2320 verbose lock https://registry.npmjs.org/fontace/-/fontace-0.4.1.tgz C:\Users\jerry\AppData\Roaming\npm-cache\014cbb61-js-org-fontace-fontace-0-4-1-tgz.lock
2321 silly lockFile 164f749f-e-walker-estree-walker-3-0-3-tgz https://registry.npmjs.org/estree-walker/-/estree-walker-3.0.3.tgz
2322 verbose lock https://registry.npmjs.org/estree-walker/-/estree-walker-3.0.3.tgz C:\Users\jerry\AppData\Roaming\npm-cache\164f749f-e-walker-estree-walker-3-0-3-tgz.lock
2323 info retry fetch attempt 1 at 16:50:21
2324 verbose fetch to= C:\Users\jerry\AppData\Local\Temp\npm-2864-W0YXzXam\registry.npmjs.org\cookie\-\cookie-1.1.1.tgz
2325 http 200 https://registry.npmjs.org/es-module-lexer
2326 silly registry.get cb [ 200,
2326 silly registry.get   { date: 'Mon, 14 Sep 2026 20:50:20 GMT',
2326 silly registry.get     'content-type': 'application/json',
2326 silly registry.get     'transfer-encoding': 'chunked',
2326 silly registry.get     connection: 'close',
2326 silly registry.get     'set-cookie':
2326 silly registry.get      [ '__cf_bm=zyWqjLKvzYvl2tpfm9lTiJZrrbdf_bh5sKNj3eumXNo-1789419020.8743403-1.0.1.1-8iZZiNobUIWUKaUJnHiYvBHb7e06xQJJnmZGqgY7bjdpsGM05yk6LaDeyX7Eco55GdjJE1F09jsER8V9vGLeRr4okYFaYJ05DhkJ4o2BRUjOF7oo8dVG8R.0N6dqvOZ0; HttpOnly; SameSite=None; Secure; Path=/; Domain=npmjs.org; Expires=Mon, 14 Sep 2026 21:20:20 GMT',
2326 silly registry.get        '_cfuvid=EXVEifgYG6CNPzK_sCRlAnRY7vnjugxX2yqcPiM8ZZI-1789419020.8743403-1.0.1.1-8VJwHXFPOqxk8Veq4n26NYQPoe3excgNj5j8ii3v7BQ; HttpOnly; SameSite=None; Secure; Path=/; Domain=npmjs.org' ],
2326 silly registry.get     'cf-ray': 'a3b243706f6de5ec-IAD',
2326 silly registry.get     'cf-cache-status': 'HIT',
2326 silly registry.get     'access-control-allow-origin': '*',
2326 silly registry.get     age: '90',
2326 silly registry.get     'cache-control': 'public, max-age=300',
2326 silly registry.get     vary: 'accept-encoding, accept',
2326 silly registry.get     'last-modified': 'Mon, 07 Sep 2026 19:40:32 GMT',
2326 silly registry.get     server: 'cloudflare',
2326 silly registry.get     etag: 'W/"46ea538e88a554f68ea39a72db0ebea2"',
2326 silly registry.get     'content-encoding': 'gzip' } ]
2327 verbose addRemoteTarball [ 'https://registry.npmjs.org/clsx/-/clsx-2.1.1.tgz',
2327 verbose addRemoteTarball   'eed397c9fd8bd882bfb18deab7102049a2f32999' ]
2328 silly lockFile dd5abf38-ry-npmjs-org-diff-diff-8-0-4-tgz https://registry.npmjs.org/diff/-/diff-8.0.4.tgz
2329 verbose lock https://registry.npmjs.org/diff/-/diff-8.0.4.tgz C:\Users\jerry\AppData\Roaming\npm-cache\dd5abf38-ry-npmjs-org-diff-diff-8-0-4-tgz.lock
2330 verbose about to build C:\Users\jerry\Documents\mingxu-liu-portfolio\node_modules\astro
2331 info C:\Users\jerry\Documents\mingxu-liu-portfolio\node_modules\astro unbuild
2332 info preuninstall astro@5.18.2
2333 silly lockFile a826b774-js-org-ci-info-ci-info-4-4-0-tgz https://registry.npmjs.org/ci-info/-/ci-info-4.4.0.tgz
2334 verbose lock https://registry.npmjs.org/ci-info/-/ci-info-4.4.0.tgz C:\Users\jerry\AppData\Roaming\npm-cache\a826b774-js-org-ci-info-ci-info-4-4-0-tgz.lock
2335 silly lockFile f5c2b388-js-org-devalue-devalue-5-9-2-tgz https://registry.npmjs.org/devalue/-/devalue-5.9.2.tgz
2336 verbose lock https://registry.npmjs.org/devalue/-/devalue-5.9.2.tgz C:\Users\jerry\AppData\Roaming\npm-cache\f5c2b388-js-org-devalue-devalue-5-9-2-tgz.lock
2337 http GET https://registry.npmjs.org/aria-query/-/aria-query-5.3.2.tgz
2338 silly lockFile 92da0ad6-s-http-cache-semantics-4-2-0-tgz https://registry.npmjs.org/http-cache-semantics/-/http-cache-semantics-4.2.0.tgz
2339 verbose lock https://registry.npmjs.org/http-cache-semantics/-/http-cache-semantics-4.2.0.tgz C:\Users\jerry\AppData\Roaming\npm-cache\92da0ad6-s-http-cache-semantics-4-2-0-tgz.lock
2340 info retry fetch attempt 1 at 16:50:21
2341 verbose fetch to= C:\Users\jerry\AppData\Local\Temp\npm-2864-W0YXzXam\registry.npmjs.org\flattie\-\flattie-1.1.1.tgz
2342 http 200 https://registry.npmjs.org/xxhash-wasm
2343 silly registry.get cb [ 200,
2343 silly registry.get   { date: 'Mon, 14 Sep 2026 20:50:21 GMT',
2343 silly registry.get     'content-type': 'application/json',
2343 silly registry.get     'transfer-encoding': 'chunked',
2343 silly registry.get     connection: 'close',
2343 silly registry.get     'set-cookie':
2343 silly registry.get      [ '__cf_bm=7KFg28JbGIaeXIeTSuaj5koo5rJGvs2C1.hfnFRsvbU-1789419020.978466-1.0.1.1-gvkyE0m67QAp8GYojuDSOXfNZgrgXcD3pbMPxxdZKl0ILffI_wzBWvLX_nDZvS4jy8mRM..FAsV2jOPvlGt91ZlTM_yNkMfsZ6aAwJ_bzr0IO6QI8O8qt9TUtrZr2_Xz; HttpOnly; SameSite=None; Secure; Path=/; Domain=npmjs.org; Expires=Mon, 14 Sep 2026 21:20:20 GMT',
2343 silly registry.get        '_cfuvid=905WucWwKMt9wn0AZ_6SHoHO_ufEihmaOnzTt_SzImA-1789419020.978466-1.0.1.1-qjM9rSYZDWQxTwqiXiIL5AKhUFeTIMMJnXKU2oyXLJU; HttpOnly; SameSite=None; Secure; Path=/; Domain=npmjs.org' ],
2343 silly registry.get     'cf-ray': 'a3b243711edafbd0-IAD',
2343 silly registry.get     'cf-cache-status': 'HIT',
2343 silly registry.get     'access-control-allow-origin': '*',
2343 silly registry.get     age: '239',
2343 silly registry.get     'cache-control': 'public, max-age=300',
2343 silly registry.get     vary: 'accept-encoding, accept',
2343 silly registry.get     'last-modified': 'Tue, 19 Nov 2024 13:42:24 GMT',
2343 silly registry.get     server: 'cloudflare',
2343 silly registry.get     etag: 'W/"90879034dead5c0f0355879e5a9e4a7c"',
2343 silly registry.get     'content-encoding': 'gzip' } ]
2344 silly lockFile 46c63bcd-ve-import-meta-resolve-4-2-0-tgz https://registry.npmjs.org/import-meta-resolve/-/import-meta-resolve-4.2.0.tgz
2345 verbose lock https://registry.npmjs.org/import-meta-resolve/-/import-meta-resolve-4.2.0.tgz C:\Users\jerry\AppData\Roaming\npm-cache\46c63bcd-ve-import-meta-resolve-4-2-0-tgz.lock
2346 silly addNameRange number 2 { name: 'neotraverse',
2346 silly addNameRange   range: '>=0.6.18-0 <0.7.0-0',
2346 silly addNameRange   hasData: true }
2347 silly addNameRange versions [ 'neotraverse',
2347 silly addNameRange   [ '0.0.1',
2347 silly addNameRange     '0.0.2',
2347 silly addNameRange     '0.0.3',
2347 silly addNameRange     '0.0.5',
2347 silly addNameRange     '0.6.8',
2347 silly addNameRange     '0.6.8-test.1',
2347 silly addNameRange     '0.6.9-test.1',
2347 silly addNameRange     '0.6.9',
2347 silly addNameRange     '0.6.9-next.0',
2347 silly addNameRange     '0.6.10',
2347 silly addNameRange     '0.6.11',
2347 silly addNameRange     '0.6.12',
2347 silly addNameRange     '0.6.13',
2347 silly addNameRange     '0.6.14',
2347 silly addNameRange     '0.6.15',
2347 silly addNameRange     '0.6.16',
2347 silly addNameRange     '0.6.17',
2347 silly addNameRange     '0.6.18',
2347 silly addNameRange     '1.0.0',
2347 silly addNameRange     '1.0.1' ] ]
2348 verbose addNamed [ 'neotraverse', '0.6.18' ]
2349 verbose addNamed [ '0.6.18', '0.6.18' ]
2350 silly lockFile 67ccf9e1-neotraverse-0-6-18 neotraverse@0.6.18
2351 verbose lock neotraverse@0.6.18 C:\Users\jerry\AppData\Roaming\npm-cache\67ccf9e1-neotraverse-0-6-18.lock
2352 info retry fetch attempt 1 at 16:50:21
2353 verbose fetch to= C:\Users\jerry\AppData\Local\Temp\npm-2864-W0YXzXam\registry.npmjs.org\html-escaper\-\html-escaper-3.0.3.tgz
2354 silly addNameRange number 2 { name: 'p-limit', range: '>=6.2.0-0 <7.0.0-0', hasData: true }
2355 silly addNameRange versions [ 'p-limit',
2355 silly addNameRange   [ '1.0.0',
2355 silly addNameRange     '1.1.0',
2355 silly addNameRange     '1.2.0',
2355 silly addNameRange     '1.3.0',
2355 silly addNameRange     '2.0.0',
2355 silly addNameRange     '2.1.0',
2355 silly addNameRange     '2.2.0',
2355 silly addNameRange     '2.2.1',
2355 silly addNameRange     '2.2.2',
2355 silly addNameRange     '2.3.0',
2355 silly addNameRange     '3.0.0',
2355 silly addNameRange     '3.0.1',
2355 silly addNameRange     '3.0.2',
2355 silly addNameRange     '3.1.0',
2355 silly addNameRange     '4.0.0',
2355 silly addNameRange     '5.0.0',
2355 silly addNameRange     '6.0.0',
2355 silly addNameRange     '6.1.0',
2355 silly addNameRange     '6.2.0',
2355 silly addNameRange     '7.0.0',
2355 silly addNameRange     '7.1.0',
2355 silly addNameRange     '7.1.1',
2355 silly addNameRange     '7.2.0',
2355 silly addNameRange     '7.3.0',
2355 silly addNameRange     '7.3.1',
2355 silly addNameRange     '7.3.2' ] ]
2356 verbose addNamed [ 'p-limit', '6.2.0' ]
2357 verbose addNamed [ '6.2.0', '6.2.0' ]
2358 silly lockFile 3d65ce52-p-limit-6-2-0 p-limit@6.2.0
2359 verbose lock p-limit@6.2.0 C:\Users\jerry\AppData\Roaming\npm-cache\3d65ce52-p-limit-6-2-0.lock
2360 http 200 https://registry.npmjs.org/acorn
2361 silly registry.get cb [ 200,
2361 silly registry.get   { date: 'Mon, 14 Sep 2026 20:50:20 GMT',
2361 silly registry.get     'content-type': 'application/json',
2361 silly registry.get     'transfer-encoding': 'chunked',
2361 silly registry.get     connection: 'close',
2361 silly registry.get     'set-cookie':
2361 silly registry.get      [ '__cf_bm=nf5wtl_vCwlnkCmY2YoCCg3ZuDHTX9vrdi7jH923O_Q-1789419020.8082526-1.0.1.1-uxQrON_HyT19.0F0puhMChaDmy5Mtlr1mX8xF3IuetkQuuAs9UyxNj9Cs_ijKCcr3teYHhEPH8uYMYY_4pXl2ZvvWAFdt0umQXOvq5uE75UtIBjdgm7Ugm1aJVP5tbl6; HttpOnly; SameSite=None; Secure; Path=/; Domain=npmjs.org; Expires=Mon, 14 Sep 2026 21:20:20 GMT',
2361 silly registry.get        '_cfuvid=HjBxZImueJZfMpJpZDIDAcVt9B9z5kopm23btbLcnYs-1789419020.8082526-1.0.1.1-9Of0eRNwCvAsJj4DcYYDNkCTZaKqZ7AM5kF2AYRMW3E; HttpOnly; SameSite=None; Secure; Path=/; Domain=npmjs.org' ],
2361 silly registry.get     'cf-ray': 'a3b243700816d6c1-IAD',
2361 silly registry.get     'cf-cache-status': 'HIT',
2361 silly registry.get     'access-control-allow-origin': '*',
2361 silly registry.get     age: '52',
2361 silly registry.get     'cache-control': 'public, max-age=300',
2361 silly registry.get     vary: 'accept-encoding, accept',
2361 silly registry.get     'last-modified': 'Tue, 28 Jul 2026 06:47:51 GMT',
2361 silly registry.get     server: 'cloudflare',
2361 silly registry.get     etag: 'W/"04951c7349f4b8d32ca7a2a5752dbbfe"',
2361 silly registry.get     'content-encoding': 'gzip' } ]
2362 verbose addRemoteTarball [ 'https://registry.npmjs.org/fontace/-/fontace-0.4.1.tgz',
2362 verbose addRemoteTarball   'de2a76cf361088016901a6f2a8f2bd016c9ae844' ]
2363 silly lockFile fc3ba4a5-pmjs-org-mrmime-mrmime-2-0-1-tgz https://registry.npmjs.org/mrmime/-/mrmime-2.0.1.tgz
2364 verbose lock https://registry.npmjs.org/mrmime/-/mrmime-2.0.1.tgz C:\Users\jerry\AppData\Roaming\npm-cache\fc3ba4a5-pmjs-org-mrmime-mrmime-2-0-1-tgz.lock
2365 http GET https://registry.npmjs.org/cookie/-/cookie-1.1.1.tgz
2366 verbose addRemoteTarball [ 'https://registry.npmjs.org/estree-walker/-/estree-walker-3.0.3.tgz',
2366 verbose addRemoteTarball   '67c3e549ec402a487b4fc193d1953a524752340d' ]
2367 http 200 https://registry.npmjs.org/tinyexec
2368 silly registry.get cb [ 200,
2368 silly registry.get   { date: 'Mon, 14 Sep 2026 20:50:20 GMT',
2368 silly registry.get     'content-type': 'application/json',
2368 silly registry.get     'transfer-encoding': 'chunked',
2368 silly registry.get     connection: 'close',
2368 silly registry.get     'set-cookie':
2368 silly registry.get      [ '__cf_bm=XHjII3max1OYMiZEoUK4c1x.jazbg6sWomhV.A.Rq5Y-1789419020.9577675-1.0.1.1-G._Li95nmtni26SSZHkqgB.uzFwys4ijiyfWvSJHZVwWWzkArlcwz7iMhkcSRGkdK8qE8H0I4b7tQ2.dfr492sdZVhfEqjMXhaQXGGvXLEO.SLYrEO6SQ9jm1NfM90bE; HttpOnly; SameSite=None; Secure; Path=/; Domain=npmjs.org; Expires=Mon, 14 Sep 2026 21:20:20 GMT',
2368 silly registry.get        '_cfuvid=c_0RIRQ948dO9CJBl4vZsIz.JcC0eQRmgEtZgB0zjSg-1789419020.9577675-1.0.1.1-nsoLWrFhW3bOMvnLldOUxc9qiE9bjGV3iAa7ydjZec4; HttpOnly; SameSite=None; Secure; Path=/; Domain=npmjs.org' ],
2368 silly registry.get     'cf-ray': 'a3b24370f957093e-IAD',
2368 silly registry.get     'cf-cache-status': 'HIT',
2368 silly registry.get     'access-control-allow-origin': '*',
2368 silly registry.get     age: '243',
2368 silly registry.get     'cache-control': 'public, max-age=300',
2368 silly registry.get     vary: 'accept-encoding, accept',
2368 silly registry.get     'last-modified': 'Thu, 03 Sep 2026 08:50:08 GMT',
2368 silly registry.get     server: 'cloudflare',
2368 silly registry.get     etag: 'W/"8a38303c91629c26415df6c0798ce725"',
2368 silly registry.get     'content-encoding': 'gzip' } ]
2369 verbose addRemoteTarball [ 'https://registry.npmjs.org/diff/-/diff-8.0.4.tgz',
2369 verbose addRemoteTarball   '4f5baf3188b9b2431117b962eb20ba330fadf696' ]
2370 http 200 https://registry.npmjs.org/tinyglobby
2371 silly registry.get cb [ 200,
2371 silly registry.get   { date: 'Mon, 14 Sep 2026 20:50:20 GMT',
2371 silly registry.get     'content-type': 'application/json',
2371 silly registry.get     'transfer-encoding': 'chunked',
2371 silly registry.get     connection: 'close',
2371 silly registry.get     'set-cookie':
2371 silly registry.get      [ '__cf_bm=hGknVuePeHFkTOeZLmltzN3gvWTE2Zk4rJk7PvFHxas-1789419020.9784946-1.0.1.1-5At6oEH_FC2aFhEHwDkgh.XCh0dmZBTOCxSMnh8T.4lEOmlrmvI.0BtqYQQe44TBrogy_FSzlNyLM5DDep08wqx6EhtILKlJBjmZ6AHtYbuhDqh.YB5SmCSdAWZDOrTY; HttpOnly; SameSite=None; Secure; Path=/; Domain=npmjs.org; Expires=Mon, 14 Sep 2026 21:20:20 GMT',
2371 silly registry.get        '_cfuvid=shLgAiBM6Z6C0rVJwJnRxxWDeNvSBYz5LjspDsePyc8-1789419020.9784946-1.0.1.1-OypeTiWL.NNaDDSYAI1iNGOkyvofFdlD6vOlYldQrN4; HttpOnly; SameSite=None; Secure; Path=/; Domain=npmjs.org' ],
2371 silly registry.get     'cf-ray': 'a3b2437119162d21-IAD',
2371 silly registry.get     'cf-cache-status': 'HIT',
2371 silly registry.get     'access-control-allow-origin': '*',
2371 silly registry.get     age: '12',
2371 silly registry.get     'cache-control': 'public, max-age=300',
2371 silly registry.get     vary: 'accept-encoding, accept',
2371 silly registry.get     'last-modified': 'Sat, 30 May 2026 19:57:23 GMT',
2371 silly registry.get     server: 'cloudflare',
2371 silly registry.get     etag: 'W/"4eaf2635fe5aaad46f925f54c016e403"',
2371 silly registry.get     'content-encoding': 'gzip' } ]
2372 info retry fetch attempt 1 at 16:50:21
2373 verbose fetch to= C:\Users\jerry\AppData\Local\Temp\npm-2864-W0YXzXam\registry.npmjs.org\github-slugger\-\github-slugger-2.0.0.tgz
2374 info uninstall astro@5.18.2
2375 verbose addRemoteTarball [ 'https://registry.npmjs.org/ci-info/-/ci-info-4.4.0.tgz',
2375 verbose addRemoteTarball   '7d54eff9f54b45b62401c26032696eb59c8bd18c' ]
2376 verbose addRemoteTarball [ 'https://registry.npmjs.org/devalue/-/devalue-5.9.2.tgz',
2376 verbose addRemoteTarball   '2a3a8ad21904c6a630bf7bb160acb7ca2fa1e467' ]
2377 info retry fetch attempt 1 at 16:50:21
2378 verbose fetch to= C:\Users\jerry\AppData\Local\Temp\npm-2864-W0YXzXam\registry.npmjs.org\dset\-\dset-3.1.4.tgz
2379 verbose addRemoteTarball [ 'https://registry.npmjs.org/http-cache-semantics/-/http-cache-semantics-4.2.0.tgz',
2379 verbose addRemoteTarball   '205f4db64f8562b76a4ff9235aa5279839a09dd5' ]
2380 http GET https://registry.npmjs.org/flattie/-/flattie-1.1.1.tgz
2381 info retry fetch attempt 1 at 16:50:21
2382 verbose fetch to= C:\Users\jerry\AppData\Local\Temp\npm-2864-W0YXzXam\registry.npmjs.org\clsx\-\clsx-2.1.1.tgz
2383 verbose addRemoteTarball [ 'https://registry.npmjs.org/import-meta-resolve/-/import-meta-resolve-4.2.0.tgz',
2383 verbose addRemoteTarball   '08cb85b5bd37ecc8eb1e0f670dc2767002d43734' ]
2384 http GET https://registry.npmjs.org/html-escaper/-/html-escaper-3.0.3.tgz
2385 verbose addRemoteTarball [ 'https://registry.npmjs.org/mrmime/-/mrmime-2.0.1.tgz',
2385 verbose addRemoteTarball   'bc3e87f7987853a54c9850eeb1f1078cd44adddc' ]
2386 http 200 https://registry.npmjs.org/vitefu
2387 silly registry.get cb [ 200,
2387 silly registry.get   { date: 'Mon, 14 Sep 2026 20:50:20 GMT',
2387 silly registry.get     'content-type': 'application/json',
2387 silly registry.get     'transfer-encoding': 'chunked',
2387 silly registry.get     connection: 'close',
2387 silly registry.get     'set-cookie':
2387 silly registry.get      [ '__cf_bm=oq8juxViWYPpDrgYORFIPe1_lN9Mg49BEKGHWuwkvC8-1789419020.978795-1.0.1.1-2usRf3OQ3XaqkYdpdaTxPb8RDoajwjFdiOanxrjsQJotn9msWhZ2OX9cl0ujkYYMr95WgbBe38zF94xRcFyyI8Bc2G8tUBBN9ETxDRqt_Nit8ljDi4Y8CSwKLvxaL0JO; HttpOnly; SameSite=None; Secure; Path=/; Domain=npmjs.org; Expires=Mon, 14 Sep 2026 21:20:20 GMT',
2387 silly registry.get        '_cfuvid=HzEWwf9R7zoyHDcq.BzwBqA01TI4Z1DnjHwkiaxd6Io-1789419020.978795-1.0.1.1-gf14S4rz0Bs6pABLAKdjzkHjz0FqGdl.Ywxkd1Q6V2Y; HttpOnly; SameSite=None; Secure; Path=/; Domain=npmjs.org' ],
2387 silly registry.get     'cf-ray': 'a3b2437119a1d643-IAD',
2387 silly registry.get     'cf-cache-status': 'HIT',
2387 silly registry.get     'access-control-allow-origin': '*',
2387 silly registry.get     age: '263',
2387 silly registry.get     'cache-control': 'public, max-age=300',
2387 silly registry.get     vary: 'accept-encoding, accept',
2387 silly registry.get     'last-modified': 'Wed, 13 May 2026 18:54:48 GMT',
2387 silly registry.get     server: 'cloudflare',
2387 silly registry.get     etag: 'W/"cb1a13a1fb1ea2967fdee4412c9d1e24"',
2387 silly registry.get     'content-encoding': 'gzip' } ]
2388 silly lockFile 7137c695-otraverse-neotraverse-0-6-18-tgz https://registry.npmjs.org/neotraverse/-/neotraverse-0.6.18.tgz
2389 verbose lock https://registry.npmjs.org/neotraverse/-/neotraverse-0.6.18.tgz C:\Users\jerry\AppData\Roaming\npm-cache\7137c695-otraverse-neotraverse-0-6-18-tgz.lock
2390 silly addNameRange number 2 { name: 'magicast', range: '>=0.5.1-0 <0.6.0-0', hasData: true }
2391 silly addNameRange versions [ 'magicast',
2391 silly addNameRange   [ '0.0.0',
2391 silly addNameRange     '0.1.1',
2391 silly addNameRange     '0.2.0',
2391 silly addNameRange     '0.2.1',
2391 silly addNameRange     '0.2.2',
2391 silly addNameRange     '0.2.3',
2391 silly addNameRange     '0.2.4',
2391 silly addNameRange     '0.2.5',
2391 silly addNameRange     '0.2.6',
2391 silly addNameRange     '0.2.7',
2391 silly addNameRange     '0.2.8',
2391 silly addNameRange     '0.2.9',
2391 silly addNameRange     '0.2.10',
2391 silly addNameRange     '0.2.11',
2391 silly addNameRange     '0.3.0',
2391 silly addNameRange     '0.3.1',
2391 silly addNameRange     '0.3.2',
2391 silly addNameRange     '0.3.3',
2391 silly addNameRange     '0.3.4',
2391 silly addNameRange     '0.3.5',
2391 silly addNameRange     '0.4.0',
2391 silly addNameRange     '0.5.0',
2391 silly addNameRange     '0.5.1',
2391 silly addNameRange     '0.5.2',
2391 silly addNameRange     '0.5.3',
2391 silly addNameRange     '0.5.4',
2391 silly addNameRange     '0.5.5' ] ]
2392 verbose addNamed [ 'magicast', '0.5.5' ]
2393 verbose addNamed [ '0.5.5', '0.5.5' ]
2394 silly lockFile 8845d1ca-magicast-0-5-5 magicast@0.5.5
2395 verbose lock magicast@0.5.5 C:\Users\jerry\AppData\Roaming\npm-cache\8845d1ca-magicast-0-5-5.lock
2396 silly lockFile 3f8dc6d2-js-org-p-limit-p-limit-6-2-0-tgz https://registry.npmjs.org/p-limit/-/p-limit-6.2.0.tgz
2397 verbose lock https://registry.npmjs.org/p-limit/-/p-limit-6.2.0.tgz C:\Users\jerry\AppData\Roaming\npm-cache\3f8dc6d2-js-org-p-limit-p-limit-6-2-0-tgz.lock
2398 http GET https://registry.npmjs.org/github-slugger/-/github-slugger-2.0.0.tgz
2399 verbose true,C:\Users\jerry\Documents\mingxu-liu-portfolio\node_modules,C:\Users\jerry\Documents\mingxu-liu-portfolio\node_modules unbuild astro@5.18.2
2400 verbose C:\Users\jerry\Documents\mingxu-liu-portfolio\node_modules\.bin,[object Object] binRoot
2401 silly addNameRange number 2 { name: 'debug', range: '>=4.4.3-0 <5.0.0-0', hasData: true }
2402 silly addNameRange versions [ 'debug',
2402 silly addNameRange   [ '0.0.1',
2402 silly addNameRange     '0.1.0',
2402 silly addNameRange     '0.2.0',
2402 silly addNameRange     '0.3.0',
2402 silly addNameRange     '0.4.0',
2402 silly addNameRange     '0.4.1',
2402 silly addNameRange     '0.5.0',
2402 silly addNameRange     '0.6.0',
2402 silly addNameRange     '0.7.0',
2402 silly addNameRange     '0.7.1',
2402 silly addNameRange     '0.7.2',
2402 silly addNameRange     '0.7.3',
2402 silly addNameRange     '0.7.4',
2402 silly addNameRange     '0.8.0',
2402 silly addNameRange     '0.8.1',
2402 silly addNameRange     '1.0.0',
2402 silly addNameRange     '1.0.1',
2402 silly addNameRange     '1.0.2',
2402 silly addNameRange     '1.0.3',
2402 silly addNameRange     '1.0.4',
2402 silly addNameRange     '2.0.0',
2402 silly addNameRange     '2.1.0',
2402 silly addNameRange     '2.1.1',
2402 silly addNameRange     '2.1.2',
2402 silly addNameRange     '2.1.3',
2402 silly addNameRange     '2.2.0',
2402 silly addNameRange     '2.3.0',
2402 silly addNameRange     '2.3.1',
2402 silly addNameRange     '2.3.2',
2402 silly addNameRange     '2.3.3',
2402 silly addNameRange     '2.4.0',
2402 silly addNameRange     '2.4.1',
2402 silly addNameRange     '2.4.2',
2402 silly addNameRange     '2.4.3',
2402 silly addNameRange     '2.4.4',
2402 silly addNameRange     '2.4.5',
2402 silly addNameRange     '2.5.0',
2402 silly addNameRange     '2.5.1',
2402 silly addNameRange     '2.5.2',
2402 silly addNameRange     '2.6.0',
2402 silly addNameRange     '2.6.1',
2402 silly addNameRange     '2.6.2',
2402 silly addNameRange     '2.6.3',
2402 silly addNameRange     '2.6.4',
2402 silly addNameRange     '2.6.5',
2402 silly addNameRange     '2.6.6',
2402 silly addNameRange     '2.6.7',
2402 silly addNameRange     '2.6.8',
2402 silly addNameRange     '1.0.5',
2402 silly addNameRange     '3.0.0',
2402 silly addNameRange     '3.0.1',
2402 silly addNameRange     '2.6.9',
2402 silly addNameRange     '3.1.0',
2402 silly addNameRange     '3.2.0',
2402 silly addNameRange     '3.2.1',
2402 silly addNameRange     '3.2.2',
2402 silly addNameRange     '3.2.3',
2402 silly addNameRange     '4.0.0',
2402 silly addNameRange     '3.2.4',
2402 silly addNameRange     '3.2.5',
2402 silly addNameRange     '4.0.1',
2402 silly addNameRange     '4.1.0',
2402 silly addNameRange     '3.2.6',
2402 silly addNameRange     '4.1.1',
2402 silly addNameRange     '4.2.0',
2402 silly addNameRange     '4.3.0',
2402 silly addNameRange     '4.3.1',
2402 silly addNameRange     '3.2.7',
2402 silly addNameRange     '4.3.2',
2402 silly addNameRange     '4.3.3',
2402 silly addNameRange     '4.3.4',
2402 silly addNameRange     '4.3.5',
2402 silly addNameRange     '4.3.6',
2402 silly addNameRange     '4.3.7',
2402 silly addNameRange     '4.4.0',
2402 silly addNameRange     '4.4.1',
2402 silly addNameRange     '4.4.3' ] ]
2403 verbose addNamed [ 'debug', '4.4.3' ]
2404 verbose addNamed [ '4.4.3', '4.4.3' ]
2405 silly lockFile c28234c0-debug-4-4-3 debug@4.4.3
2406 verbose lock debug@4.4.3 C:\Users\jerry\AppData\Roaming\npm-cache\c28234c0-debug-4-4-3.lock
2407 http GET https://registry.npmjs.org/dset/-/dset-3.1.4.tgz
2408 silly addNameRange number 2 { name: 'rehype', range: '>=13.0.2-0 <14.0.0-0', hasData: true }
2409 silly addNameRange versions [ 'rehype',
2409 silly addNameRange   [ '1.0.0',
2409 silly addNameRange     '2.0.0',
2409 silly addNameRange     '3.0.0',
2409 silly addNameRange     '4.0.0',
2409 silly addNameRange     '5.0.0',
2409 silly addNameRange     '5.0.1',
2409 silly addNameRange     '6.0.0',
2409 silly addNameRange     '7.0.0',
2409 silly addNameRange     '8.0.0',
2409 silly addNameRange     '9.0.0',
2409 silly addNameRange     '9.0.1',
2409 silly addNameRange     '10.0.0',
2409 silly addNameRange     '11.0.0',
2409 silly addNameRange     '12.0.0',
2409 silly addNameRange     '12.0.1',
2409 silly addNameRange     '13.0.0',
2409 silly addNameRange     '13.0.1',
2409 silly addNameRange     '13.0.2' ] ]
2410 verbose addNamed [ 'rehype', '13.0.2' ]
2411 verbose addNamed [ '13.0.2', '13.0.2' ]
2412 silly lockFile 86002d93-rehype-13-0-2 rehype@13.0.2
2413 verbose lock rehype@13.0.2 C:\Users\jerry\AppData\Roaming\npm-cache\86002d93-rehype-13-0-2.lock
2414 http GET https://registry.npmjs.org/clsx/-/clsx-2.1.1.tgz
2415 info retry fetch attempt 1 at 16:50:21
2416 verbose fetch to= C:\Users\jerry\AppData\Local\Temp\npm-2864-W0YXzXam\registry.npmjs.org\fontace\-\fontace-0.4.1.tgz
2417 info retry fetch attempt 1 at 16:50:21
2418 verbose fetch to= C:\Users\jerry\AppData\Local\Temp\npm-2864-W0YXzXam\registry.npmjs.org\estree-walker\-\estree-walker-3.0.3.tgz
2419 info retry fetch attempt 1 at 16:50:21
2420 verbose fetch to= C:\Users\jerry\AppData\Local\Temp\npm-2864-W0YXzXam\registry.npmjs.org\diff\-\diff-8.0.4.tgz
2421 info retry fetch attempt 1 at 16:50:21
2422 verbose fetch to= C:\Users\jerry\AppData\Local\Temp\npm-2864-W0YXzXam\registry.npmjs.org\devalue\-\devalue-5.9.2.tgz
2423 info retry fetch attempt 1 at 16:50:21
2424 verbose fetch to= C:\Users\jerry\AppData\Local\Temp\npm-2864-W0YXzXam\registry.npmjs.org\ci-info\-\ci-info-4.4.0.tgz
2425 info retry fetch attempt 1 at 16:50:21
2426 verbose fetch to= C:\Users\jerry\AppData\Local\Temp\npm-2864-W0YXzXam\registry.npmjs.org\http-cache-semantics\-\http-cache-semantics-4.2.0.tgz
2427 verbose addRemoteTarball [ 'https://registry.npmjs.org/neotraverse/-/neotraverse-0.6.18.tgz',
2427 verbose addRemoteTarball   'abcb33dda2e8e713cf6321b29405e822230cdb30' ]
2428 verbose addRemoteTarball [ 'https://registry.npmjs.org/p-limit/-/p-limit-6.2.0.tgz',
2428 verbose addRemoteTarball   'c254d22ba6aeef441a3564c5e6c2f2da59268a0f' ]
2429 info retry fetch attempt 1 at 16:50:21
2430 verbose fetch to= C:\Users\jerry\AppData\Local\Temp\npm-2864-W0YXzXam\registry.npmjs.org\import-meta-resolve\-\import-meta-resolve-4.2.0.tgz
2431 info postuninstall astro@5.18.2
2432 http GET https://registry.npmjs.org/fontace/-/fontace-0.4.1.tgz
2433 info retry fetch attempt 1 at 16:50:21
2434 verbose fetch to= C:\Users\jerry\AppData\Local\Temp\npm-2864-W0YXzXam\registry.npmjs.org\mrmime\-\mrmime-2.0.1.tgz
2435 http GET https://registry.npmjs.org/estree-walker/-/estree-walker-3.0.3.tgz
2436 silly lockFile be47e003--org-magicast-magicast-0-5-5-tgz https://registry.npmjs.org/magicast/-/magicast-0.5.5.tgz
2437 verbose lock https://registry.npmjs.org/magicast/-/magicast-0.5.5.tgz C:\Users\jerry\AppData\Roaming\npm-cache\be47e003--org-magicast-magicast-0-5-5-tgz.lock
2438 silly addNameRange number 2 { name: 'unifont', range: '>=0.7.3-0 <0.8.0-0', hasData: true }
2439 silly addNameRange versions [ 'unifont',
2439 silly addNameRange   [ '0.0.0',
2439 silly addNameRange     '0.0.2',
2439 silly addNameRange     '0.1.0',
2439 silly addNameRange     '0.1.1',
2439 silly addNameRange     '0.1.2',
2439 silly addNameRange     '0.1.3',
2439 silly addNameRange     '0.1.4',
2439 silly addNameRange     '0.1.5',
2439 silly addNameRange     '0.1.6',
2439 silly addNameRange     '0.1.7',
2439 silly addNameRange     '0.2.0',
2439 silly addNameRange     '0.3.0',
2439 silly addNameRange     '0.4.0',
2439 silly addNameRange     '0.4.1',
2439 silly addNameRange     '0.5.0',
2439 silly addNameRange     '0.5.1',
2439 silly addNameRange     '0.5.2',
2439 silly addNameRange     '0.6.0',
2439 silly addNameRange     '0.7.0',
2439 silly addNameRange     '0.7.1',
2439 silly addNameRange     '0.7.2',
2439 silly addNameRange     '0.7.3',
2439 silly addNameRange     '0.7.4',
2439 silly addNameRange     '0.7.5',
2439 silly addNameRange     '0.8.0',
2439 silly addNameRange     '0.8.1',
2439 silly addNameRange     '0.8.3' ] ]
2440 verbose addNamed [ 'unifont', '0.7.5' ]
2441 verbose addNamed [ '0.7.5', '0.7.5' ]
2442 silly lockFile d1d5bfc3-unifont-0-7-5 unifont@0.7.5
2443 verbose lock unifont@0.7.5 C:\Users\jerry\AppData\Roaming\npm-cache\d1d5bfc3-unifont-0-7-5.lock
2444 http GET https://registry.npmjs.org/diff/-/diff-8.0.4.tgz
2445 silly addNameRange number 2 { name: 'es-module-lexer',
2445 silly addNameRange   range: '>=1.7.0-0 <2.0.0-0',
2445 silly addNameRange   hasData: true }
2446 silly addNameRange versions [ 'es-module-lexer',
2446 silly addNameRange   [ '0.1.0',
2446 silly addNameRange     '0.1.1',
2446 silly addNameRange     '0.1.2',
2446 silly addNameRange     '0.2.0',
2446 silly addNameRange     '0.3.0',
2446 silly addNameRange     '0.3.1',
2446 silly addNameRange     '0.3.2',
2446 silly addNameRange     '0.3.3',
2446 silly addNameRange     '0.3.4',
2446 silly addNameRange     '0.3.5',
2446 silly addNameRange     '0.3.6',
2446 silly addNameRange     '0.3.7',
2446 silly addNameRange     '0.3.8',
2446 silly addNameRange     '0.3.9',
2446 silly addNameRange     '0.3.10',
2446 silly addNameRange     '0.3.11',
2446 silly addNameRange     '0.3.12',
2446 silly addNameRange     '0.3.13',
2446 silly addNameRange     '0.3.14',
2446 silly addNameRange     '0.3.15',
2446 silly addNameRange     '0.3.16',
2446 silly addNameRange     '0.3.17',
2446 silly addNameRange     '0.3.18',
2446 silly addNameRange     '0.3.19',
2446 silly addNameRange     '0.3.20',
2446 silly addNameRange     '0.3.21',
2446 silly addNameRange     '0.3.22',
2446 silly addNameRange     '0.3.23',
2446 silly addNameRange     '0.3.24',
2446 silly addNameRange     '0.3.25',
2446 silly addNameRange     '0.3.26',
2446 silly addNameRange     '0.4.0',
2446 silly addNameRange     '0.4.1',
2446 silly addNameRange     '0.5.0',
2446 silly addNameRange     '0.6.0',
2446 silly addNameRange     '0.7.0',
2446 silly addNameRange     '0.7.1',
2446 silly addNameRange     '0.8.0',
2446 silly addNameRange     '0.9.0',
2446 silly addNameRange     '0.9.1',
2446 silly addNameRange     '0.9.2',
2446 silly addNameRange     '0.9.3',
2446 silly addNameRange     '0.10.0',
2446 silly addNameRange     '0.10.1',
2446 silly addNameRange     '0.10.2',
2446 silly addNameRange     '0.10.3',
2446 silly addNameRange     '0.10.4',
2446 silly addNameRange     '0.10.5',
2446 silly addNameRange     '1.0.0',
2446 silly addNameRange     '1.0.1',
2446 silly addNameRange     '1.0.2',
2446 silly addNameRange     '1.0.3',
2446 silly addNameRange     '1.0.4',
2446 silly addNameRange     '1.0.5',
2446 silly addNameRange     '1.1.0',
2446 silly addNameRange     '1.1.1',
2446 silly addNameRange     '1.2.0',
2446 silly addNameRange     '1.2.1',
2446 silly addNameRange     '1.3.0',
2446 silly addNameRange     '1.3.1',
2446 silly addNameRange     '1.4.0',
2446 silly addNameRange     '1.4.1',
2446 silly addNameRange     '1.4.2',
2446 silly addNameRange     '1.5.0',
2446 silly addNameRange     '1.5.1',
2446 silly addNameRange     '1.5.2',
2446 silly addNameRange     '1.5.3',
2446 silly addNameRange     '1.5.4',
2446 silly addNameRange     '1.6.0',
2446 silly addNameRange     '1.7.0',
2446 silly addNameRange     '2.0.0',
2446 silly addNameRange     '2.1.0',
2446 silly addNameRange     '2.2.0',
2446 silly addNameRange     '2.3.0',
2446 silly addNameRange     '2.3.1',
2446 silly addNameRange     '2.3.2',
2446 silly addNameRange     '3.0.0',
2446 silly addNameRange     '3.0.1',
2446 silly addNameRange     '3.0.2' ] ]
2447 verbose addNamed [ 'es-module-lexer', '1.7.0' ]
2448 verbose addNamed [ '1.7.0', '1.7.0' ]
2449 silly lockFile 546ca47e-es-module-lexer-1-7-0 es-module-lexer@1.7.0
2450 verbose lock es-module-lexer@1.7.0 C:\Users\jerry\AppData\Roaming\npm-cache\546ca47e-es-module-lexer-1-7-0.lock
2451 silly lockFile 5b1c39b5--npmjs-org-debug-debug-4-4-3-tgz https://registry.npmjs.org/debug/-/debug-4.4.3.tgz
2452 verbose lock https://registry.npmjs.org/debug/-/debug-4.4.3.tgz C:\Users\jerry\AppData\Roaming\npm-cache\5b1c39b5--npmjs-org-debug-debug-4-4-3-tgz.lock
2453 http GET https://registry.npmjs.org/devalue/-/devalue-5.9.2.tgz
2454 http GET https://registry.npmjs.org/http-cache-semantics/-/http-cache-semantics-4.2.0.tgz
2455 http GET https://registry.npmjs.org/ci-info/-/ci-info-4.4.0.tgz
2456 silly lockFile fbc454a7-mjs-org-rehype-rehype-13-0-2-tgz https://registry.npmjs.org/rehype/-/rehype-13.0.2.tgz
2457 verbose lock https://registry.npmjs.org/rehype/-/rehype-13.0.2.tgz C:\Users\jerry\AppData\Roaming\npm-cache\fbc454a7-mjs-org-rehype-rehype-13-0-2-tgz.lock
2458 http GET https://registry.npmjs.org/import-meta-resolve/-/import-meta-resolve-4.2.0.tgz
2459 http GET https://registry.npmjs.org/mrmime/-/mrmime-2.0.1.tgz
2460 verbose addRemoteTarball [ 'https://registry.npmjs.org/magicast/-/magicast-0.5.5.tgz',
2460 verbose addRemoteTarball   '66dfd87ba2a40b568d97ff0d2b888ad3580519cb' ]
2461 info retry fetch attempt 1 at 16:50:21
2462 verbose fetch to= C:\Users\jerry\AppData\Local\Temp\npm-2864-W0YXzXam\registry.npmjs.org\neotraverse\-\neotraverse-0.6.18.tgz
2463 info retry fetch attempt 1 at 16:50:21
2464 verbose fetch to= C:\Users\jerry\AppData\Local\Temp\npm-2864-W0YXzXam\registry.npmjs.org\p-limit\-\p-limit-6.2.0.tgz
2465 silly addNameRange number 2 { name: 'xxhash-wasm',
2465 silly addNameRange   range: '>=1.1.0-0 <2.0.0-0',
2465 silly addNameRange   hasData: true }
2466 silly addNameRange versions [ 'xxhash-wasm',
2466 silly addNameRange   [ '0.1.0',
2466 silly addNameRange     '0.2.0',
2466 silly addNameRange     '0.3.0',
2466 silly addNameRange     '0.3.1',
2466 silly addNameRange     '0.4.0',
2466 silly addNameRange     '0.4.1',
2466 silly addNameRange     '0.4.2',
2466 silly addNameRange     '1.0.0',
2466 silly addNameRange     '1.0.1',
2466 silly addNameRange     '1.0.2',
2466 silly addNameRange     '1.1.0' ] ]
2467 verbose addNamed [ 'xxhash-wasm', '1.1.0' ]
2468 verbose addNamed [ '1.1.0', '1.1.0' ]
2469 silly lockFile 3a5a024c-xxhash-wasm-1-1-0 xxhash-wasm@1.1.0
2470 verbose lock xxhash-wasm@1.1.0 C:\Users\jerry\AppData\Roaming\npm-cache\3a5a024c-xxhash-wasm-1-1-0.lock
2471 silly addNameRange number 2 { name: 'acorn', range: '>=8.15.0-0 <9.0.0-0', hasData: true }
2472 silly addNameRange versions [ 'acorn',
2472 silly addNameRange   [ '0.0.1',
2472 silly addNameRange     '0.1.0',
2472 silly addNameRange     '0.2.0',
2472 silly addNameRange     '0.3.0',
2472 silly addNameRange     '0.3.1',
2472 silly addNameRange     '0.4.0',
2472 silly addNameRange     '0.4.2',
2472 silly addNameRange     '0.5.0',
2472 silly addNameRange     '0.6.0',
2472 silly addNameRange     '0.7.0',
2472 silly addNameRange     '0.8.0',
2472 silly addNameRange     '0.9.0',
2472 silly addNameRange     '0.10.0',
2472 silly addNameRange     '0.11.0',
2472 silly addNameRange     '0.12.0',
2472 silly addNameRange     '1.0.0',
2472 silly addNameRange     '1.0.1',
2472 silly addNameRange     '1.0.3',
2472 silly addNameRange     '1.1.0',
2472 silly addNameRange     '1.2.0',
2472 silly addNameRange     '2.0.0',
2472 silly addNameRange     '1.2.1',
2472 silly addNameRange     '2.0.1',
2472 silly addNameRange     '1.2.2',
2472 silly addNameRange     '2.0.4',
2472 silly addNameRange     '2.1.0',
2472 silly addNameRange     '2.2.0',
2472 silly addNameRange     '2.3.0',
2472 silly addNameRange     '2.4.0',
2472 silly addNameRange     '2.5.0',
2472 silly addNameRange     '2.5.2',
2472 silly addNameRange     '2.6.0',
2472 silly addNameRange     '2.6.2',
2472 silly addNameRange     '2.6.4',
2472 silly addNameRange     '2.7.0',
2472 silly addNameRange     '3.0.0',
2472 silly addNameRange     '3.0.2',
2472 silly addNameRange     '3.0.4',
2472 silly addNameRange     '3.1.0',
2472 silly addNameRange     '3.2.0',
2472 silly addNameRange     '3.3.0',
2472 silly addNameRange     '4.0.0',
2472 silly addNameRange     '4.0.1',
2472 silly addNameRange     '4.0.2',
2472 silly addNameRange     '4.0.3',
2472 silly addNameRange     '4.0.4',
2472 silly addNameRange     '4.0.5',
2472 silly addNameRange     '4.0.6',
2472 silly addNameRange     '4.0.7',
2472 silly addNameRange     '4.0.8',
2472 silly addNameRange     '4.0.9',
2472 silly addNameRange     '4.0.10',
2472 silly addNameRange     '4.0.11',
2472 silly addNameRange     '5.0.0',
2472 silly addNameRange     '5.0.1',
2472 silly addNameRange     '5.0.2',
2472 silly addNameRange     '5.0.3',
2472 silly addNameRange     '4.0.13',
2472 silly addNameRange     '5.1.0',
2472 silly addNameRange     '5.1.1',
2472 silly addNameRange     '5.1.2',
2472 silly addNameRange     '5.2.0',
2472 silly addNameRange     '5.2.1',
2472 silly addNameRange     '5.3.0',
2472 silly addNameRange     '5.4.0',
2472 silly addNameRange     '5.4.1',
2472 silly addNameRange     '5.5.0',
2472 silly addNameRange     '5.5.1',
2472 silly addNameRange     '5.5.2',
2472 silly addNameRange     '5.5.3',
2472 silly addNameRange     '5.6.0',
2472 silly addNameRange     '5.6.1',
2472 silly addNameRange     '5.6.2',
2472 silly addNameRange     '5.7.0',
2472 silly addNameRange     '5.7.1',
2472 silly addNameRange     '5.7.2',
2472 silly addNameRange     '5.7.3',
2472 silly addNameRange     '6.0.0',
2472 silly addNameRange     '6.0.1',
2472 silly addNameRange     '6.0.2',
2472 silly addNameRange     '6.0.3',
2472 silly addNameRange     '6.0.4',
2472 silly addNameRange     '6.0.5',
2472 silly addNameRange     '6.0.6',
2472 silly addNameRange     '6.0.7',
2472 silly addNameRange     '6.1.0',
2472 silly addNameRange     '6.1.1',
2472 silly addNameRange     '6.2.0',
2472 silly addNameRange     '6.2.1',
2472 silly addNameRange     '6.3.0',
2472 silly addNameRange     '7.0.0',
2472 silly addNameRange     '7.1.0',
2472 silly addNameRange     '6.4.0',
2472 silly addNameRange     '7.1.1',
2472 silly addNameRange     '6.4.1',
2472 silly addNameRange     '5.7.4',
2472 silly addNameRange     '7.2.0',
2472 silly addNameRange     '7.3.0',
2472 silly addNameRange     '7.3.1',
2472 silly addNameRange     '7.4.0',
2472 silly addNameRange     '8.0.0',
2472 silly addNameRange     '8.0.1',
2472 silly addNameRange     '8.0.2',
2472 silly addNameRange     '8.0.3',
2472 silly addNameRange     '8.0.4',
2472 silly addNameRange     '7.4.1',
2472 silly addNameRange     '6.4.2',
2472 silly addNameRange     '8.0.5',
2472 silly addNameRange     '8.1.0',
2472 silly addNameRange     '8.1.1',
2472 silly addNameRange     '8.2.0',
2472 silly addNameRange     '8.2.1',
2472 silly addNameRange     '8.2.2',
2472 silly addNameRange     '8.2.3',
2472 silly addNameRange     '8.2.4',
2472 silly addNameRange     '8.3.0',
2472 silly addNameRange     '8.4.0',
2472 silly addNameRange     '8.4.1',
2472 silly addNameRange     '8.5.0',
2472 silly addNameRange     '8.6.0',
2472 silly addNameRange     '8.7.0',
2472 silly addNameRange     '8.7.1',
2472 silly addNameRange     '8.8.0',
2472 silly addNameRange     '8.8.1',
2472 silly addNameRange     '8.8.2',
2472 silly addNameRange     '8.9.0',
2472 silly addNameRange     '8.10.0',
2472 silly addNameRange     '8.11.0',
2472 silly addNameRange     '8.11.1',
2472 silly addNameRange     '8.11.2',
2472 silly addNameRange     '8.11.3',
2472 silly addNameRange     '8.12.0',
2472 silly addNameRange     '8.12.1',
2472 silly addNameRange     '8.13.0',
2472 silly addNameRange     '8.14.0',
2472 silly addNameRange     '8.14.1',
2472 silly addNameRange     '8.15.0',
2472 silly addNameRange     '8.16.0',
2472 silly addNameRange     '8.17.0',
2472 silly addNameRange     '8.18.0' ] ]
2473 verbose addNamed [ 'acorn', '8.18.0' ]
2474 verbose addNamed [ '8.18.0', '8.18.0' ]
2475 silly lockFile 2d71443e-acorn-8-18-0 acorn@8.18.0
2476 verbose lock acorn@8.18.0 C:\Users\jerry\AppData\Roaming\npm-cache\2d71443e-acorn-8-18-0.lock
2477 verbose addRemoteTarball [ 'https://registry.npmjs.org/debug/-/debug-4.4.3.tgz',
2477 verbose addRemoteTarball   'c6ae432d9bd9662582fce08709b038c58e9e3d6a' ]
2478 verbose addRemoteTarball [ 'https://registry.npmjs.org/rehype/-/rehype-13.0.2.tgz',
2478 verbose addRemoteTarball   'ab0b3ac26573d7b265a0099feffad450e4cf1952' ]
2479 silly lockFile 971f9889-js-org-unifont-unifont-0-7-5-tgz https://registry.npmjs.org/unifont/-/unifont-0.7.5.tgz
2480 verbose lock https://registry.npmjs.org/unifont/-/unifont-0.7.5.tgz C:\Users\jerry\AppData\Roaming\npm-cache\971f9889-js-org-unifont-unifont-0-7-5-tgz.lock
2481 silly addNameRange number 2 { name: 'tinyglobby',
2481 silly addNameRange   range: '>=0.2.15-0 <0.3.0-0',
2481 silly addNameRange   hasData: true }
2482 silly addNameRange versions [ 'tinyglobby',
2482 silly addNameRange   [ '0.1.0',
2482 silly addNameRange     '0.1.1',
2482 silly addNameRange     '0.1.2',
2482 silly addNameRange     '0.2.0',
2482 silly addNameRange     '0.2.1',
2482 silly addNameRange     '0.2.2',
2482 silly addNameRange     '0.2.3',
2482 silly addNameRange     '0.2.4',
2482 silly addNameRange     '0.2.5',
2482 silly addNameRange     '0.2.6',
2482 silly addNameRange     '0.2.7',
2482 silly addNameRange     '0.2.8',
2482 silly addNameRange     '0.2.9',
2482 silly addNameRange     '0.2.10',
2482 silly addNameRange     '0.2.11',
2482 silly addNameRange     '0.2.12',
2482 silly addNameRange     '0.2.13',
2482 silly addNameRange     '0.2.14',
2482 silly addNameRange     '0.2.15',
2482 silly addNameRange     '0.2.16',
2482 silly addNameRange     '0.2.17' ] ]
2483 verbose addNamed [ 'tinyglobby', '0.2.17' ]
2484 verbose addNamed [ '0.2.17', '0.2.17' ]
2485 silly lockFile c446741c-tinyglobby-0-2-17 tinyglobby@0.2.17
2486 verbose lock tinyglobby@0.2.17 C:\Users\jerry\AppData\Roaming\npm-cache\c446741c-tinyglobby-0-2-17.lock
2487 silly addNameRange number 2 { name: 'tinyexec', range: '>=1.0.2-0 <2.0.0-0', hasData: true }
2488 silly addNameRange versions [ 'tinyexec',
2488 silly addNameRange   [ '0.0.1',
2488 silly addNameRange     '0.1.0',
2488 silly addNameRange     '0.1.1',
2488 silly addNameRange     '0.1.2',
2488 silly addNameRange     '0.1.3-beta.0',
2488 silly addNameRange     '0.1.3',
2488 silly addNameRange     '0.1.4',
2488 silly addNameRange     '0.2.0',
2488 silly addNameRange     '0.3.0',
2488 silly addNameRange     '0.3.1',
2488 silly addNameRange     '0.3.2',
2488 silly addNameRange     '1.0.0',
2488 silly addNameRange     '1.0.1',
2488 silly addNameRange     '1.0.2',
2488 silly addNameRange     '1.0.3',
2488 silly addNameRange     '1.0.4',
2488 silly addNameRange     '1.1.1',
2488 silly addNameRange     '1.1.2-next.0',
2488 silly addNameRange     '1.1.2',
2488 silly addNameRange     '1.2.0',
2488 silly addNameRange     '1.2.1',
2488 silly addNameRange     '1.2.2',
2488 silly addNameRange     '1.2.3',
2488 silly addNameRange     '1.2.4',
2488 silly addNameRange     '1.3.0',
2488 silly addNameRange     '1.3.1' ] ]
2489 verbose addNamed [ 'tinyexec', '1.3.1' ]
2490 verbose addNamed [ '1.3.1', '1.3.1' ]
2491 silly lockFile d3849076-tinyexec-1-3-1 tinyexec@1.3.1
2492 verbose lock tinyexec@1.3.1 C:\Users\jerry\AppData\Roaming\npm-cache\d3849076-tinyexec-1-3-1.lock
2493 silly lockFile 1ff328fd--lexer-es-module-lexer-1-7-0-tgz https://registry.npmjs.org/es-module-lexer/-/es-module-lexer-1.7.0.tgz
2494 verbose lock https://registry.npmjs.org/es-module-lexer/-/es-module-lexer-1.7.0.tgz C:\Users\jerry\AppData\Roaming\npm-cache\1ff328fd--lexer-es-module-lexer-1-7-0-tgz.lock
2495 http GET https://registry.npmjs.org/neotraverse/-/neotraverse-0.6.18.tgz
2496 http GET https://registry.npmjs.org/p-limit/-/p-limit-6.2.0.tgz
2497 silly addNameRange number 2 { name: 'vitefu', range: '>=1.1.1-0 <2.0.0-0', hasData: true }
2498 silly addNameRange versions [ 'vitefu',
2498 silly addNameRange   [ '0.0.1',
2498 silly addNameRange     '0.1.0',
2498 silly addNameRange     '0.1.1',
2498 silly addNameRange     '0.2.0',
2498 silly addNameRange     '0.2.1',
2498 silly addNameRange     '0.2.2',
2498 silly addNameRange     '0.2.3',
2498 silly addNameRange     '0.2.4',
2498 silly addNameRange     '0.2.5',
2498 silly addNameRange     '1.0.0',
2498 silly addNameRange     '1.0.1',
2498 silly addNameRange     '1.0.2',
2498 silly addNameRange     '1.0.3',
2498 silly addNameRange     '1.0.4',
2498 silly addNameRange     '1.0.5',
2498 silly addNameRange     '1.0.6',
2498 silly addNameRange     '1.0.7',
2498 silly addNameRange     '1.1.0',
2498 silly addNameRange     '1.1.1',
2498 silly addNameRange     '1.1.2',
2498 silly addNameRange     '1.1.3' ] ]
2499 verbose addNamed [ 'vitefu', '1.1.3' ]
2500 verbose addNamed [ '1.1.3', '1.1.3' ]
2501 silly lockFile 25c9159d-vitefu-1-1-3 vitefu@1.1.3
2502 verbose lock vitefu@1.1.3 C:\Users\jerry\AppData\Roaming\npm-cache\25c9159d-vitefu-1-1-3.lock
2503 verbose addRemoteTarball [ 'https://registry.npmjs.org/unifont/-/unifont-0.7.5.tgz',
2503 verbose addRemoteTarball   '28fb7973693263da1fd6e0bc2a24585b69a6011c' ]
2504 silly lockFile 4c943453-xhash-wasm-xxhash-wasm-1-1-0-tgz https://registry.npmjs.org/xxhash-wasm/-/xxhash-wasm-1.1.0.tgz
2505 verbose lock https://registry.npmjs.org/xxhash-wasm/-/xxhash-wasm-1.1.0.tgz C:\Users\jerry\AppData\Roaming\npm-cache\4c943453-xhash-wasm-xxhash-wasm-1-1-0-tgz.lock
2506 silly lockFile 943193a9-npmjs-org-acorn-acorn-8-18-0-tgz https://registry.npmjs.org/acorn/-/acorn-8.18.0.tgz
2507 verbose lock https://registry.npmjs.org/acorn/-/acorn-8.18.0.tgz C:\Users\jerry\AppData\Roaming\npm-cache\943193a9-npmjs-org-acorn-acorn-8-18-0-tgz.lock
2508 info retry fetch attempt 1 at 16:50:22
2509 verbose fetch to= C:\Users\jerry\AppData\Local\Temp\npm-2864-W0YXzXam\registry.npmjs.org\magicast\-\magicast-0.5.5.tgz
2510 http 200 https://registry.npmjs.org/picomatch
2511 silly registry.get cb [ 200,
2511 silly registry.get   { date: 'Mon, 14 Sep 2026 20:50:20 GMT',
2511 silly registry.get     'content-type': 'application/json',
2511 silly registry.get     'transfer-encoding': 'chunked',
2511 silly registry.get     connection: 'close',
2511 silly registry.get     'set-cookie':
2511 silly registry.get      [ '__cf_bm=huv.9wNWV268R6Jg7S7KXfqJcagMjZNlVcmTjOA8JkY-1789419020.9418385-1.0.1.1-Dbpj1LhC3Ssbigi9qrCjkaMEubTaXZPjyY4mRGQ40fo3MA.4MjH0DKqtDemQjh9rAaG.2hF9_V.xy_vePEqCSUqkPzOZhYKwZTADhN1LPh8yow1UtS1XFDFwONBLNQ.F; HttpOnly; SameSite=None; Secure; Path=/; Domain=npmjs.org; Expires=Mon, 14 Sep 2026 21:20:20 GMT',
2511 silly registry.get        '_cfuvid=jKW7BgN8.dodtS3my7poG61I80ldC2gThiYYLbX8ETo-1789419020.9418385-1.0.1.1-yHH6uNgRna5Wb21JU.wD7QPUwge7Bz.RHCLATVhtnD0; HttpOnly; SameSite=None; Secure; Path=/; Domain=npmjs.org' ],
2511 silly registry.get     'cf-ray': 'a3b24370d8fda171-IAD',
2511 silly registry.get     'cf-cache-status': 'HIT',
2511 silly registry.get     'access-control-allow-origin': '*',
2511 silly registry.get     age: '161',
2511 silly registry.get     'cache-control': 'public, max-age=300',
2511 silly registry.get     vary: 'accept-encoding, accept',
2511 silly registry.get     'last-modified': 'Mon, 24 Aug 2026 14:36:25 GMT',
2511 silly registry.get     server: 'cloudflare',
2511 silly registry.get     etag: 'W/"c058536f6dff1ea792fa62f053b8840e"',
2511 silly registry.get     'content-encoding': 'gzip' } ]
2512 verbose addRemoteTarball [ 'https://registry.npmjs.org/es-module-lexer/-/es-module-lexer-1.7.0.tgz',
2512 verbose addRemoteTarball   '9159601561880a85f2734560a9099b2c31e5372a' ]
2513 info retry fetch attempt 1 at 16:50:22
2514 verbose fetch to= C:\Users\jerry\AppData\Local\Temp\npm-2864-W0YXzXam\registry.npmjs.org\rehype\-\rehype-13.0.2.tgz
2515 info retry fetch attempt 1 at 16:50:22
2516 verbose fetch to= C:\Users\jerry\AppData\Local\Temp\npm-2864-W0YXzXam\registry.npmjs.org\debug\-\debug-4.4.3.tgz
2517 silly lockFile 6280d45b-tinyglobby-tinyglobby-0-2-17-tgz https://registry.npmjs.org/tinyglobby/-/tinyglobby-0.2.17.tgz
2518 verbose lock https://registry.npmjs.org/tinyglobby/-/tinyglobby-0.2.17.tgz C:\Users\jerry\AppData\Roaming\npm-cache\6280d45b-tinyglobby-tinyglobby-0-2-17-tgz.lock
2519 silly lockFile 4129d9bf--org-tinyexec-tinyexec-1-3-1-tgz https://registry.npmjs.org/tinyexec/-/tinyexec-1.3.1.tgz
2520 verbose lock https://registry.npmjs.org/tinyexec/-/tinyexec-1.3.1.tgz C:\Users\jerry\AppData\Roaming\npm-cache\4129d9bf--org-tinyexec-tinyexec-1-3-1-tgz.lock
2521 http 200 https://registry.npmjs.org/axobject-query/-/axobject-query-4.1.0.tgz
2522 verbose addRemoteTarball [ 'https://registry.npmjs.org/xxhash-wasm/-/xxhash-wasm-1.1.0.tgz',
2522 verbose addRemoteTarball   'ffe7f0b98220a4afac171e3fb9b6d1f8771f015e' ]
2523 verbose addRemoteTarball [ 'https://registry.npmjs.org/acorn/-/acorn-8.18.0.tgz',
2523 verbose addRemoteTarball   '4faf01b2d6d326bfeed97aea1f52220b5f4c1940' ]
2524 http GET https://registry.npmjs.org/magicast/-/magicast-0.5.5.tgz
2525 silly lockFile 08319f47-pmjs-org-vitefu-vitefu-1-1-3-tgz https://registry.npmjs.org/vitefu/-/vitefu-1.1.3.tgz
2526 verbose lock https://registry.npmjs.org/vitefu/-/vitefu-1.1.3.tgz C:\Users\jerry\AppData\Roaming\npm-cache\08319f47-pmjs-org-vitefu-vitefu-1-1-3-tgz.lock
2527 http GET https://registry.npmjs.org/rehype/-/rehype-13.0.2.tgz
2528 verbose addRemoteTarball [ 'https://registry.npmjs.org/tinyglobby/-/tinyglobby-0.2.17.tgz',
2528 verbose addRemoteTarball   '562a9a6c9eb2b3b123d39719f9af5bb44fcd7631' ]
2529 http GET https://registry.npmjs.org/debug/-/debug-4.4.3.tgz
2530 info retry fetch attempt 1 at 16:50:22
2531 verbose fetch to= C:\Users\jerry\AppData\Local\Temp\npm-2864-W0YXzXam\registry.npmjs.org\unifont\-\unifont-0.7.5.tgz
2532 verbose addRemoteTarball [ 'https://registry.npmjs.org/tinyexec/-/tinyexec-1.3.1.tgz',
2532 verbose addRemoteTarball   '16a2e3c6e23fafce72640e678e651db36145b9c6' ]
2533 info retry fetch attempt 1 at 16:50:22
2534 verbose fetch to= C:\Users\jerry\AppData\Local\Temp\npm-2864-W0YXzXam\registry.npmjs.org\es-module-lexer\-\es-module-lexer-1.7.0.tgz
2535 http 200 https://registry.npmjs.org/cssesc/-/cssesc-3.0.0.tgz
2536 verbose addRemoteTarball [ 'https://registry.npmjs.org/vitefu/-/vitefu-1.1.3.tgz',
2536 verbose addRemoteTarball   '59b9885b1c200856319d7e9ceb0e99a065430009' ]
2537 http 404 https://registry.npmjs.org/astrojs/markdown-remark
2538 silly registry.get cb [ 404,
2538 silly registry.get   { date: 'Mon, 14 Sep 2026 20:50:21 GMT',
2538 silly registry.get     'content-type': 'application/json',
2538 silly registry.get     'content-length': '36',
2538 silly registry.get     connection: 'close',
2538 silly registry.get     'set-cookie':
2538 silly registry.get      [ '__cf_bm=fPOI0cb4ro9bzb6oV5dw1jE2BX0AngFqQ642byffnpM-1789419020.9763725-1.0.1.1-caEG6IToiPbjy9fELOLC_IN8j8mJqJvtkGiA0xcBkgLmM8SJ149O2YH45nBEn5ekmDduQ8JFMPn8xxOeWgj5mOc1kKek7qwUSxuITG1rCLcspoXkiTc3kxTPPNXcS4Ij; HttpOnly; SameSite=None; Secure; Path=/; Domain=npmjs.org; Expires=Mon, 14 Sep 2026 21:20:21 GMT',
2538 silly registry.get        '_cfuvid=qPvXjefG3y6C6z3B4kcWRUQKTg6bdQ16LP2Akt1OT2A-1789419020.9763725-1.0.1.1-eR5BFzoNSAS6N7nWXLDd3vsi.pYaTVb17XK_PIkrIN4; HttpOnly; SameSite=None; Secure; Path=/; Domain=npmjs.org' ],
2538 silly registry.get     'cf-ray': 'a3b243711efcd6fb-IAD',
2538 silly registry.get     'access-control-allow-origin': '*',
2538 silly registry.get     server: 'cloudflare' } ]
2539 http 200 https://registry.npmjs.org/boxen/-/boxen-8.0.1.tgz
2540 http 404 https://registry.npmjs.org/astrojs/internal-helpers
2541 silly registry.get cb [ 404,
2541 silly registry.get   { date: 'Mon, 14 Sep 2026 20:50:21 GMT',
2541 silly registry.get     'content-type': 'application/json',
2541 silly registry.get     'content-length': '37',
2541 silly registry.get     connection: 'close',
2541 silly registry.get     'set-cookie':
2541 silly registry.get      [ '__cf_bm=aF9a4VeQ7PS8WMbBhP8Aj3WbVZcOoVk78VNAjW4j_EM-1789419020.9877663-1.0.1.1-iY3i3H0CVRMZsjYpx6uiVmIBOdi8Gfd7fQgURyLO0IEwhaPl_0.3cR4LjRwTNJwDKrowpVNQKjiEvrwHvwjLUwkshSGpWrRh_EMgBv_FaQs5j.Gw6f5yFxBsYeQ8DK25; HttpOnly; SameSite=None; Secure; Path=/; Domain=npmjs.org; Expires=Mon, 14 Sep 2026 21:20:21 GMT',
2541 silly registry.get        '_cfuvid=fTJRVBLmi3VAeQ.eUiTCEoxbQJA9Pu.43JL0SoaOPo4-1789419020.9877663-1.0.1.1-G0jQBszxbFU8XujVJY7kaa_Y95PIzzggZWPQKuL6srA; HttpOnly; SameSite=None; Secure; Path=/; Domain=npmjs.org' ],
2541 silly registry.get     'cf-ray': 'a3b243712861d8d1-IAD',
2541 silly registry.get     'access-control-allow-origin': '*',
2541 silly registry.get     server: 'cloudflare' } ]
2542 http 200 https://registry.npmjs.org/common-ancestor-path/-/common-ancestor-path-1.0.1.tgz
2543 http 200 https://registry.npmjs.org/dlv/-/dlv-1.1.3.tgz
2544 http GET https://registry.npmjs.org/unifont/-/unifont-0.7.5.tgz
2545 http GET https://registry.npmjs.org/es-module-lexer/-/es-module-lexer-1.7.0.tgz
2546 info retry fetch attempt 1 at 16:50:22
2547 verbose fetch to= C:\Users\jerry\AppData\Local\Temp\npm-2864-W0YXzXam\registry.npmjs.org\xxhash-wasm\-\xxhash-wasm-1.1.0.tgz
2548 info retry fetch attempt 1 at 16:50:22
2549 verbose fetch to= C:\Users\jerry\AppData\Local\Temp\npm-2864-W0YXzXam\registry.npmjs.org\acorn\-\acorn-8.18.0.tgz
2550 info retry fetch attempt 1 at 16:50:22
2551 verbose fetch to= C:\Users\jerry\AppData\Local\Temp\npm-2864-W0YXzXam\registry.npmjs.org\tinyglobby\-\tinyglobby-0.2.17.tgz
2552 http 200 https://registry.npmjs.org/aria-query/-/aria-query-5.3.2.tgz
2553 http 200 https://registry.npmjs.org/magic-string
2554 silly registry.get cb [ 200,
2554 silly registry.get   { date: 'Mon, 14 Sep 2026 20:50:20 GMT',
2554 silly registry.get     'content-type': 'application/json',
2554 silly registry.get     'transfer-encoding': 'chunked',
2554 silly registry.get     connection: 'close',
2554 silly registry.get     'set-cookie':
2554 silly registry.get      [ '__cf_bm=S.a621h4Buw2f7OHa6.eXmmpYPvF5EfX9zSHuSnNwAg-1789419020.938918-1.0.1.1-dYBymILbNsOrSFzm6iyKBinth9.XXCLqNvvpeF3aRSSwGCe5gwyCqxFn4BOiorpDpJo5YSXbX0Zpo1CMw69r62u4.2JednsOsZzpjC3nThH.8hxM3zStXDxIMjxiCm3r; HttpOnly; SameSite=None; Secure; Path=/; Domain=npmjs.org; Expires=Mon, 14 Sep 2026 21:20:20 GMT',
2554 silly registry.get        '_cfuvid=xH.Nv2YwIkj_ntPKJz27c3oXNCcrAtZDGp2C8vxand0-1789419020.938918-1.0.1.1-kyUkdKdQyCJ6C88XMR8fKaW2Zyoo8JnkK2c7J4RH_CE; HttpOnly; SameSite=None; Secure; Path=/; Domain=npmjs.org' ],
2554 silly registry.get     'cf-ray': 'a3b24370d9412d85-IAD',
2554 silly registry.get     'cf-cache-status': 'HIT',
2554 silly registry.get     'access-control-allow-origin': '*',
2554 silly registry.get     age: '32',
2554 silly registry.get     'cache-control': 'public, max-age=300',
2554 silly registry.get     vary: 'accept-encoding, accept',
2554 silly registry.get     'last-modified': 'Thu, 10 Sep 2026 01:57:23 GMT',
2554 silly registry.get     server: 'cloudflare',
2554 silly registry.get     etag: 'W/"0d03d9a433b2f822d8b083e58acee451"',
2554 silly registry.get     'content-encoding': 'gzip' } ]
2555 info retry fetch attempt 1 at 16:50:22
2556 verbose fetch to= C:\Users\jerry\AppData\Local\Temp\npm-2864-W0YXzXam\registry.npmjs.org\tinyexec\-\tinyexec-1.3.1.tgz
2557 http 200 https://registry.npmjs.org/github-slugger/-/github-slugger-2.0.0.tgz
2558 http GET https://registry.npmjs.org/xxhash-wasm/-/xxhash-wasm-1.1.0.tgz
2559 info retry fetch attempt 1 at 16:50:22
2560 verbose fetch to= C:\Users\jerry\AppData\Local\Temp\npm-2864-W0YXzXam\registry.npmjs.org\vitefu\-\vitefu-1.1.3.tgz
2561 http GET https://registry.npmjs.org/acorn/-/acorn-8.18.0.tgz
2562 http GET https://registry.npmjs.org/tinyglobby/-/tinyglobby-0.2.17.tgz
2563 http 200 https://registry.npmjs.org/flattie/-/flattie-1.1.1.tgz
2564 http 200 https://registry.npmjs.org/cookie/-/cookie-1.1.1.tgz
2565 http GET https://registry.npmjs.org/tinyexec/-/tinyexec-1.3.1.tgz
2566 http 404 https://registry.npmjs.org/rollup/pluginutils
2567 silly registry.get cb [ 404,
2567 silly registry.get   { date: 'Mon, 14 Sep 2026 20:50:21 GMT',
2567 silly registry.get     'content-type': 'application/json',
2567 silly registry.get     'content-length': '32',
2567 silly registry.get     connection: 'close',
2567 silly registry.get     'set-cookie':
2567 silly registry.get      [ '__cf_bm=4f88OujMOtnUCImOmTx1VpJlcYBj7fsBIjo3A6Rlep8-1789419020.8079488-1.0.1.1-iYpemJtHMgX4pdBSZD_4JwCur_w9KgQ67hP0ioD6SHncacbJJN8zUZHXdGFVqVMq2Ll9UE8RBdmGIa3duU_A2Vml1dIxrnuR.4WYivPqcFivFFJgTO1irUQd9kcqanTR; HttpOnly; SameSite=None; Secure; Path=/; Domain=npmjs.org; Expires=Mon, 14 Sep 2026 21:20:21 GMT',
2567 silly registry.get        '_cfuvid=FI9_CfUczgGNClZzSCXXvg09CvqI64tueX9XyhgAIwE-1789419020.8079488-1.0.1.1-EcyIYI9ACht4.ATv3Z0uOc2G4JWN6Xy5SAD4XLUbn5g; HttpOnly; SameSite=None; Secure; Path=/; Domain=npmjs.org' ],
2567 silly registry.get     'cf-ray': 'a3b243700efaf24a-IAD',
2567 silly registry.get     'access-control-allow-origin': '*',
2567 silly registry.get     server: 'cloudflare' } ]
2568 silly addNameRange number 2 { name: 'picomatch', range: '>=4.0.3-0 <5.0.0-0', hasData: true }
2569 silly addNameRange versions [ 'picomatch',
2569 silly addNameRange   [ '1.0.0',
2569 silly addNameRange     '1.0.1',
2569 silly addNameRange     '1.0.2',
2569 silly addNameRange     '1.1.0',
2569 silly addNameRange     '1.1.1',
2569 silly addNameRange     '1.1.2',
2569 silly addNameRange     '1.2.0',
2569 silly addNameRange     '2.0.0',
2569 silly addNameRange     '2.0.1',
2569 silly addNameRange     '2.0.2',
2569 silly addNameRange     '2.0.3',
2569 silly addNameRange     '2.0.4',
2569 silly addNameRange     '2.0.5',
2569 silly addNameRange     '2.0.6',
2569 silly addNameRange     '2.0.7',
2569 silly addNameRange     '2.1.0',
2569 silly addNameRange     '2.1.1',
2569 silly addNameRange     '2.2.0',
2569 silly addNameRange     '2.2.1',
2569 silly addNameRange     '2.2.2',
2569 silly addNameRange     '2.2.3',
2569 silly addNameRange     '2.3.0',
2569 silly addNameRange     '2.3.1',
2569 silly addNameRange     '3.0.0',
2569 silly addNameRange     '3.0.1',
2569 silly addNameRange     '4.0.0',
2569 silly addNameRange     '4.0.1',
2569 silly addNameRange     '4.0.2',
2569 silly addNameRange     '4.0.3',
2569 silly addNameRange     '2.3.2',
2569 silly addNameRange     '3.0.2',
2569 silly addNameRange     '4.0.4',
2569 silly addNameRange     '4.0.5',
2569 silly addNameRange     '4.0.6',
2569 silly addNameRange     '4.0.7' ] ]
2570 verbose addNamed [ 'picomatch', '4.0.7' ]
2571 verbose addNamed [ '4.0.7', '4.0.7' ]
2572 silly lockFile 6765bb22-picomatch-4-0-7 picomatch@4.0.7
2573 verbose lock picomatch@4.0.7 C:\Users\jerry\AppData\Roaming\npm-cache\6765bb22-picomatch-4-0-7.lock
2574 http GET https://registry.npmjs.org/vitefu/-/vitefu-1.1.3.tgz
2575 http 200 https://registry.npmjs.org/html-escaper/-/html-escaper-3.0.3.tgz
2576 http 200 https://registry.npmjs.org/dset/-/dset-3.1.4.tgz
2577 http 200 https://registry.npmjs.org/zod-to-json-schema
2578 silly registry.get cb [ 200,
2578 silly registry.get   { date: 'Mon, 14 Sep 2026 20:50:20 GMT',
2578 silly registry.get     'content-type': 'application/json',
2578 silly registry.get     'transfer-encoding': 'chunked',
2578 silly registry.get     connection: 'close',
2578 silly registry.get     'set-cookie':
2578 silly registry.get      [ '__cf_bm=FTsy65YkQJ7ADii2M5IyNefFpKn589JSgxiVX5ZrIqs-1789419020.967915-1.0.1.1-lUHbQ3RlNcxfOuryNWfIS7rlwqZCR7hQPkbYJ9Vgv7Z8iF4Mq_VzUJzvZJfnwK32youTC7QxRDssYGZHdAOqQ.yX0YXhAFhqAleE3kRYCH7CHI95msJOpeTPHQirCeAZ; HttpOnly; SameSite=None; Secure; Path=/; Domain=npmjs.org; Expires=Mon, 14 Sep 2026 21:20:20 GMT',
2578 silly registry.get        '_cfuvid=uxUCowmnz3F3pdu7T97PZyGon0y4gP4_1BLsswcd2Bw-1789419020.967915-1.0.1.1-9F3E8g4rohZRN7M8h_ycrXu5PsTGRm54BRLYTZP0SYo; HttpOnly; SameSite=None; Secure; Path=/; Domain=npmjs.org' ],
2578 silly registry.get     'cf-ray': 'a3b243710a9ad2f9-IAD',
2578 silly registry.get     'cf-cache-status': 'HIT',
2578 silly registry.get     'access-control-allow-origin': '*',
2578 silly registry.get     age: '125',
2578 silly registry.get     'cache-control': 'public, max-age=300',
2578 silly registry.get     vary: 'accept-encoding, accept',
2578 silly registry.get     'last-modified': 'Fri, 27 Mar 2026 07:09:41 GMT',
2578 silly registry.get     server: 'cloudflare',
2578 silly registry.get     etag: 'W/"a89a3670a8fe43b3c8e5e966eaea0758"',
2578 silly registry.get     'content-encoding': 'gzip' } ]
2579 http 404 https://registry.npmjs.org/astrojs/telemetry
2580 silly registry.get cb [ 404,
2580 silly registry.get   { date: 'Mon, 14 Sep 2026 20:50:21 GMT',
2580 silly registry.get     'content-type': 'application/json',
2580 silly registry.get     'content-length': '30',
2580 silly registry.get     connection: 'close',
2580 silly registry.get     'set-cookie':
2580 silly registry.get      [ '__cf_bm=Uo_8Yx_c0oXx2Mnmf0lo1yAIcBs2ed97b_cYTy92WgY-1789419020.9855607-1.0.1.1-0q1HYDxJLAYtWrhrnipur_d1ZB3qrjjahbHguZ0p.n8nqS9fNt9DcJuWJIfGbSmVhqsVqBILIJMlUmZjqCPUCtjuYHJnt3DKIIeMd6PL0nUbS66oEUSgtsj4ECd9LG5U; HttpOnly; SameSite=None; Secure; Path=/; Domain=npmjs.org; Expires=Mon, 14 Sep 2026 21:20:21 GMT',
2580 silly registry.get        '_cfuvid=Qz86OS9sG80EVCv14aOXR9GEnZkiDp8XgOVFJgkk4.U-1789419020.9855607-1.0.1.1-iZrxiKkvJCRVt4BRd5vxxt.sRiOst.gpQtU894Uxd9Y; HttpOnly; SameSite=None; Secure; Path=/; Domain=npmjs.org' ],
2580 silly registry.get     'cf-ray': 'a3b243712f30703c-IAD',
2580 silly registry.get     'access-control-allow-origin': '*',
2580 silly registry.get     server: 'cloudflare' } ]
2581 http 200 https://registry.npmjs.org/diff/-/diff-8.0.4.tgz
2582 http 200 https://registry.npmjs.org/ci-info/-/ci-info-4.4.0.tgz
2583 silly lockFile 6e022b7f-rg-picomatch-picomatch-4-0-7-tgz https://registry.npmjs.org/picomatch/-/picomatch-4.0.7.tgz
2584 verbose lock https://registry.npmjs.org/picomatch/-/picomatch-4.0.7.tgz C:\Users\jerry\AppData\Roaming\npm-cache\6e022b7f-rg-picomatch-picomatch-4-0-7-tgz.lock
2585 http 200 https://registry.npmjs.org/fontace/-/fontace-0.4.1.tgz
2586 http 200 https://registry.npmjs.org/devalue/-/devalue-5.9.2.tgz
2587 http 200 https://registry.npmjs.org/clsx/-/clsx-2.1.1.tgz
2588 silly addNameRange number 2 { name: 'magic-string',
2588 silly addNameRange   range: '>=0.30.21-0 <0.31.0-0',
2588 silly addNameRange   hasData: true }
2589 silly addNameRange versions [ 'magic-string',
2589 silly addNameRange   [ '0.1.0',
2589 silly addNameRange     '0.1.1',
2589 silly addNameRange     '0.1.3',
2589 silly addNameRange     '0.1.4',
2589 silly addNameRange     '0.1.5',
2589 silly addNameRange     '0.1.6',
2589 silly addNameRange     '0.1.7',
2589 silly addNameRange     '0.1.8',
2589 silly addNameRange     '0.1.9',
2589 silly addNameRange     '0.1.10',
2589 silly addNameRange     '0.2.0',
2589 silly addNameRange     '0.2.1',
2589 silly addNameRange     '0.2.2',
2589 silly addNameRange     '0.2.3',
2589 silly addNameRange     '0.2.4',
2589 silly addNameRange     '0.2.5',
2589 silly addNameRange     '0.2.6',
2589 silly addNameRange     '0.2.7',
2589 silly addNameRange     '0.3.0',
2589 silly addNameRange     '0.3.1',
2589 silly addNameRange     '0.4.0',
2589 silly addNameRange     '0.4.1',
2589 silly addNameRange     '0.4.2',
2589 silly addNameRange     '0.4.3',
2589 silly addNameRange     '0.4.4',
2589 silly addNameRange     '0.4.5',
2589 silly addNameRange     '0.4.6',
2589 silly addNameRange     '0.4.7',
2589 silly addNameRange     '0.4.8',
2589 silly addNameRange     '0.4.9',
2589 silly addNameRange     '0.5.0',
2589 silly addNameRange     '0.5.1',
2589 silly addNameRange     '0.5.3',
2589 silly addNameRange     '0.6.0',
2589 silly addNameRange     '0.6.1',
2589 silly addNameRange     '0.6.2',
2589 silly addNameRange     '0.6.3',
2589 silly addNameRange     '0.6.4',
2589 silly addNameRange     '0.6.5',
2589 silly addNameRange     '0.6.6',
2589 silly addNameRange     '0.7.0',
2589 silly addNameRange     '0.8.0',
2589 silly addNameRange     '0.9.0',
2589 silly addNameRange     '0.9.1',
2589 silly addNameRange     '0.10.0',
2589 silly addNameRange     '0.10.1',
2589 silly addNameRange     '0.10.2',
2589 silly addNameRange     '0.11.0-alpha',
2589 silly addNameRange     '0.11.0',
2589 silly addNameRange     '0.11.1',
2589 silly addNameRange     '0.11.2',
2589 silly addNameRange     '0.11.3',
2589 silly addNameRange     '0.11.4',
2589 silly addNameRange     '0.12.0',
2589 silly addNameRange     '0.12.1',
2589 silly addNameRange     '0.13.0',
2589 silly addNameRange     '0.13.1',
2589 silly addNameRange     '0.14.0',
2589 silly addNameRange     '0.15.0',
2589 silly addNameRange     '0.15.1',
2589 silly addNameRange     '0.15.2',
2589 silly addNameRange     '0.16.0',
2589 silly addNameRange     '0.17.0',
2589 silly addNameRange     '0.18.0',
2589 silly addNameRange     '0.19.0',
2589 silly addNameRange     '0.19.1',
2589 silly addNameRange     '0.20.0',
2589 silly addNameRange     '0.21.0',
2589 silly addNameRange     '0.21.1',
2589 silly addNameRange     '0.21.2',
2589 silly addNameRange     '0.21.3',
2589 silly addNameRange     '0.22.0',
2589 silly addNameRange     '0.22.1',
2589 silly addNameRange     '0.22.2',
2589 silly addNameRange     '0.22.3',
2589 silly addNameRange     '0.22.4',
2589 silly addNameRange     '0.22.5',
2589 silly addNameRange     '0.23.0',
2589 silly addNameRange     '0.23.1',
2589 silly addNameRange     '0.23.2',
2589 silly addNameRange     '0.24.0',
2589 silly addNameRange     '0.24.1',
2589 silly addNameRange     '0.25.0',
2589 silly addNameRange     '0.25.1',
2589 silly addNameRange     '0.25.2',
2589 silly addNameRange     '0.25.3',
2589 silly addNameRange     '0.25.4',
2589 silly addNameRange     '0.25.5',
2589 silly addNameRange     '0.25.6',
2589 silly addNameRange     '0.25.7',
2589 silly addNameRange     '0.25.8',
2589 silly addNameRange     '0.25.9',
2589 silly addNameRange     '0.26.0',
2589 silly addNameRange     '0.26.1',
2589 silly addNameRange     '0.26.2',
2589 silly addNameRange     '0.26.3',
2589 silly addNameRange     '0.26.4',
2589 silly addNameRange     '0.26.5',
2589 silly addNameRange     '0.26.6',
2589 silly addNameRange     '0.26.7',
2589 silly addNameRange     '0.27.0',
2589 silly addNameRange     '0.28.0',
2589 silly addNameRange     '0.29.0',
2589 silly addNameRange     '0.30.0',
2589 silly addNameRange     '0.30.1',
2589 silly addNameRange     '0.30.2',
2589 silly addNameRange     '0.30.3',
2589 silly addNameRange     '0.30.4',
2589 silly addNameRange     '0.30.5',
2589 silly addNameRange     '0.30.6',
2589 silly addNameRange     '0.30.7',
2589 silly addNameRange     '0.30.8',
2589 silly addNameRange     '0.30.9',
2589 silly addNameRange     '0.30.10',
2589 silly addNameRange     '0.30.11',
2589 silly addNameRange     '0.30.12',
2589 silly addNameRange     '0.30.13',
2589 silly addNameRange     '0.30.14',
2589 silly addNameRange     '0.30.15',
2589 silly addNameRange     '0.30.16',
2589 silly addNameRange     '0.30.17',
2589 silly addNameRange     '0.30.18',
2589 silly addNameRange     '0.30.19',
2589 silly addNameRange     '0.30.21',
2589 silly addNameRange     '1.0.0',
2589 silly addNameRange     '1.1.0',
2589 silly addNameRange     '1.1.1',
2589 silly addNameRange     '1.2.0',
2589 silly addNameRange     '1.2.1',
2589 silly addNameRange     '1.2.2',
2589 silly addNameRange     '1.2.3',
2589 silly addNameRange     '1.3.1' ] ]
2590 verbose addNamed [ 'magic-string', '0.30.21' ]
2591 verbose addNamed [ '0.30.21', '0.30.21' ]
2592 silly lockFile 0fa9eb9d-magic-string-0-30-21 magic-string@0.30.21
2593 verbose lock magic-string@0.30.21 C:\Users\jerry\AppData\Roaming\npm-cache\0fa9eb9d-magic-string-0-30-21.lock
2594 verbose addRemoteTarball [ 'https://registry.npmjs.org/picomatch/-/picomatch-4.0.7.tgz',
2594 verbose addRemoteTarball   '6313360034ccb36b3dc61ecbdff78121f90fe21f' ]
2595 http 200 https://registry.npmjs.org/debug/-/debug-4.4.3.tgz
2596 http 200 https://registry.npmjs.org/unstorage
2597 silly registry.get cb [ 200,
2597 silly registry.get   { date: 'Mon, 14 Sep 2026 20:50:21 GMT',
2597 silly registry.get     'content-type': 'application/json',
2597 silly registry.get     'transfer-encoding': 'chunked',
2597 silly registry.get     connection: 'close',
2597 silly registry.get     'set-cookie':
2597 silly registry.get      [ '__cf_bm=zLlcwP20ZBuEIDEmbE0fepzsxvMXIV3c5KjAmr2rJT8-1789419020.9773374-1.0.1.1-rTtCIM2QWGJbhLjzZVJ1a80MkfTXoaZCW2apMpZyEloxuxI1AAKUmpmeRKqCK3fnU9xSs6Ca47L5_WbwKWIyduuKBRG5X3n3kh.xL8KicvyGpecLZ20jUZtIPTiqpzS5; HttpOnly; SameSite=None; Secure; Path=/; Domain=npmjs.org; Expires=Mon, 14 Sep 2026 21:20:20 GMT',
2597 silly registry.get        '_cfuvid=.auSGMU7TQCExgCiSYjWQNyhDlEBw5xFa.mz9IezMXo-1789419020.9773374-1.0.1.1-T8f7HaFqvYexsOMQLB0ubQXaD7vOsI3.t7jvB8IwHMY; HttpOnly; SameSite=None; Secure; Path=/; Domain=npmjs.org' ],
2597 silly registry.get     'cf-ray': 'a3b243711ca46fdf-IAD',
2597 silly registry.get     'cf-cache-status': 'HIT',
2597 silly registry.get     'access-control-allow-origin': '*',
2597 silly registry.get     age: '32',
2597 silly registry.get     'cache-control': 'public, max-age=300',
2597 silly registry.get     vary: 'accept-encoding, accept',
2597 silly registry.get     'last-modified': 'Thu, 03 Sep 2026 22:25:48 GMT',
2597 silly registry.get     server: 'cloudflare',
2597 silly registry.get     etag: 'W/"d2ed0a5e36e193b1829e37030f59445c"',
2597 silly registry.get     'content-encoding': 'gzip' } ]
2598 http 200 https://registry.npmjs.org/svgo
2599 silly registry.get cb [ 200,
2599 silly registry.get   { date: 'Mon, 14 Sep 2026 20:50:20 GMT',
2599 silly registry.get     'content-type': 'application/json',
2599 silly registry.get     'transfer-encoding': 'chunked',
2599 silly registry.get     connection: 'close',
2599 silly registry.get     'set-cookie':
2599 silly registry.get      [ '__cf_bm=hGyK_Ebp9VDdc0Qud1r6RmUUNObYQDybGCJ8jrxf3Cc-1789419020.9767122-1.0.1.1-ZyfbLRXbN8dO6JKJYjRUNDz0Fx4ar_xE65cJvLvFsNhGJ3l96E3bWX_RqIqkBUb1O7md41j9U7p9HPqSCr2gKTav_sSupy_X6SXT.eD7HPHd8wbnsFJ0nl30YBbAXJZN; HttpOnly; SameSite=None; Secure; Path=/; Domain=npmjs.org; Expires=Mon, 14 Sep 2026 21:20:20 GMT',
2599 silly registry.get        '_cfuvid=JSU6x8fYGNhUGFjaaraOOhZPItRCbjoqOZ03aSyNh6g-1789419020.9767122-1.0.1.1-EtMYHxh9SgQj8GdoOXsUhVGS7mdNstnuCdppTSZ.0hc; HttpOnly; SameSite=None; Secure; Path=/; Domain=npmjs.org' ],
2599 silly registry.get     'cf-ray': 'a3b2437119adefbc-IAD',
2599 silly registry.get     'cf-cache-status': 'HIT',
2599 silly registry.get     'access-control-allow-origin': '*',
2599 silly registry.get     age: '80',
2599 silly registry.get     'cache-control': 'public, max-age=300',
2599 silly registry.get     vary: 'accept-encoding, accept',
2599 silly registry.get     'last-modified': 'Mon, 24 Aug 2026 12:10:38 GMT',
2599 silly registry.get     server: 'cloudflare',
2599 silly registry.get     etag: 'W/"9e35eb56fb17559c1a86ee8cc8f758e7"',
2599 silly registry.get     'content-encoding': 'gzip' } ]
2600 silly lockFile 753eb2bd-astrojs-internal-helpers-0-7-6 astrojs/internal-helpers@0.7.6
2601 silly lockFile 753eb2bd-astrojs-internal-helpers-0-7-6 astrojs/internal-helpers@0.7.6
2602 http 200 https://registry.npmjs.org/deterministic-object-hash
2603 silly registry.get cb [ 200,
2603 silly registry.get   { date: 'Mon, 14 Sep 2026 20:50:20 GMT',
2603 silly registry.get     'content-type': 'application/json',
2603 silly registry.get     'transfer-encoding': 'chunked',
2603 silly registry.get     connection: 'close',
2603 silly registry.get     'set-cookie':
2603 silly registry.get      [ '__cf_bm=lANfFjw9CalC5npb9K8bsWPb1zUq6PhM4XFN.MVWczY-1789419020.8684015-1.0.1.1-RNksclsJbZvW77aFBZifXhwao6YoxdPN7DOhRs6ANSG9uHROYVjA4oaN6EDxGuugRP42O9kgXD4TR9EE.q1UsNfF0UbBqdhyNvmPu0nub6V7D8eoKom0OmF8_2QQ4l9h; HttpOnly; SameSite=None; Secure; Path=/; Domain=npmjs.org; Expires=Mon, 14 Sep 2026 21:20:20 GMT',
2603 silly registry.get        '_cfuvid=yAcYqQ9n1bzKjwjg5_j.iotoowkONxDqTZj_jFI82xs-1789419020.8684015-1.0.1.1-m2kyDXOf2B.QTPpiHA2tq.s0y4x4K23KkLFn2jKakyA; HttpOnly; SameSite=None; Secure; Path=/; Domain=npmjs.org' ],
2603 silly registry.get     'cf-ray': 'a3b243706b588233-IAD',
2603 silly registry.get     'cf-cache-status': 'HIT',
2603 silly registry.get     'access-control-allow-origin': '*',
2603 silly registry.get     'cache-control': 'public, max-age=300',
2603 silly registry.get     vary: 'accept-encoding, accept',
2603 silly registry.get     'last-modified': 'Mon, 20 Nov 2023 14:18:32 GMT',
2603 silly registry.get     server: 'cloudflare',
2603 silly registry.get     etag: 'W/"15c8e686088d1f831051eae8e5052073"',
2603 silly registry.get     'content-encoding': 'gzip' } ]
2604 http 200 https://registry.npmjs.org/yocto-spinner
2605 silly registry.get cb [ 200,
2605 silly registry.get   { date: 'Mon, 14 Sep 2026 20:50:20 GMT',
2605 silly registry.get     'content-type': 'application/json',
2605 silly registry.get     'transfer-encoding': 'chunked',
2605 silly registry.get     connection: 'close',
2605 silly registry.get     'set-cookie':
2605 silly registry.get      [ '__cf_bm=Hg66mR.C9mQChKa6EXR1i0C5EN_Pjtmb0onnCwLblFE-1789419020.947866-1.0.1.1-tWfeEUfjOwfEaUf8u8x4qmq34XaWBqU_XExCC0eaYQblHWySFlvpM8LtFjRL3x7t9VA.TRj6YbVEmUL6FuhzFtAY50TH6DdO9HCno.ANtoV2020dID6dY.Tf5YrXqkLX; HttpOnly; SameSite=None; Secure; Path=/; Domain=npmjs.org; Expires=Mon, 14 Sep 2026 21:20:20 GMT',
2605 silly registry.get        '_cfuvid=pas_KVgipXe4fh15mltG_CMxXi2i2gjHYyj6BwknTfA-1789419020.947866-1.0.1.1-GRzPy6WiRPjwmxeTvlsTzQ4W8bMm.VwYEeDRnTnWrmA; HttpOnly; SameSite=None; Secure; Path=/; Domain=npmjs.org' ],
2605 silly registry.get     'cf-ray': 'a3b24370eb9107fb-IAD',
2605 silly registry.get     'cf-cache-status': 'HIT',
2605 silly registry.get     'access-control-allow-origin': '*',
2605 silly registry.get     age: '126',
2605 silly registry.get     'cache-control': 'public, max-age=300',
2605 silly registry.get     vary: 'accept-encoding, accept',
2605 silly registry.get     'last-modified': 'Thu, 16 Jul 2026 10:39:29 GMT',
2605 silly registry.get     server: 'cloudflare',
2605 silly registry.get     etag: 'W/"df4d09f7f42bb5609dfc7cda6082542d"',
2605 silly registry.get     'content-encoding': 'gzip' } ]
2606 http 404 https://registry.npmjs.org/astrojs/compiler
2607 silly registry.get cb [ 404,
2607 silly registry.get   { date: 'Mon, 14 Sep 2026 20:50:20 GMT',
2607 silly registry.get     'content-type': 'application/json',
2607 silly registry.get     'content-length': '29',
2607 silly registry.get     connection: 'close',
2607 silly registry.get     'set-cookie':
2607 silly registry.get      [ '__cf_bm=W.KPNmczULsc.x6VM4y.rxFSKcD0RhdWUClktoDq6yk-1789419020.7793257-1.0.1.1-QLVbsIKNjr5QgcdSaBtylRkVmqCPy7nUAPTxPZ5NBskf6TJot8.74gELE7HmU67xy6j_j2Ae8UFJpRIqz3n6c98SRfZm_kqxo7V4idTHZNLPA4L9hDt3WOPsj9HAwnUQ; HttpOnly; SameSite=None; Secure; Path=/; Domain=npmjs.org; Expires=Mon, 14 Sep 2026 21:20:20 GMT',
2607 silly registry.get        '_cfuvid=4VFqh0SvMxhzO0Z9j8DmDp0R2ks0d_egAdp98guGkhg-1789419020.7793257-1.0.1.1-zF3HRwVkPCapLgC_395z0Svon7NPpzNDndJtpF.pEcE; HttpOnly; SameSite=None; Secure; Path=/; Domain=npmjs.org' ],
2607 silly registry.get     'cf-ray': 'a3b2436fda726cf9-IAD',
2607 silly registry.get     'access-control-allow-origin': '*',
2607 silly registry.get     server: 'cloudflare' } ]
2608 http 200 https://registry.npmjs.org/estree-walker/-/estree-walker-3.0.3.tgz
2609 silly lockFile 245f7ff6-astrojs-markdown-remark-6-3-11 astrojs/markdown-remark@6.3.11
2610 silly lockFile 245f7ff6-astrojs-markdown-remark-6-3-11 astrojs/markdown-remark@6.3.11
2611 http 200 https://registry.npmjs.org/http-cache-semantics/-/http-cache-semantics-4.2.0.tgz
2612 http 200 https://registry.npmjs.org/mrmime/-/mrmime-2.0.1.tgz
2613 http 200 https://registry.npmjs.org/unifont/-/unifont-0.7.5.tgz
2614 http 200 https://registry.npmjs.org/magicast/-/magicast-0.5.5.tgz
2615 http 200 https://registry.npmjs.org/tinyglobby/-/tinyglobby-0.2.17.tgz
2616 http 200 https://registry.npmjs.org/acorn/-/acorn-8.18.0.tgz
2617 http 200 https://registry.npmjs.org/tinyexec/-/tinyexec-1.3.1.tgz
2618 http 200 https://registry.npmjs.org/piccolore
2619 silly registry.get cb [ 200,
2619 silly registry.get   { date: 'Mon, 14 Sep 2026 20:50:20 GMT',
2619 silly registry.get     'content-type': 'application/json',
2619 silly registry.get     'transfer-encoding': 'chunked',
2619 silly registry.get     connection: 'close',
2619 silly registry.get     'set-cookie':
2619 silly registry.get      [ '__cf_bm=kAwtlNqLFf1heKEtH3ZcbCkHeYA_9PU04aETuhU7jX8-1789419020.9388728-1.0.1.1-Egp4uVztOOti8bPJovoP1PLkNboDkwPtEq9HkuuFjynt2BcG10pw_.MP_cLAs0q9UwKpAIVQdt_.jbYROJS4WfYmmoo30aHCT1uvR3utzJAoHIlpV6KZum.QPKDo5xQw; HttpOnly; SameSite=None; Secure; Path=/; Domain=npmjs.org; Expires=Mon, 14 Sep 2026 21:20:20 GMT',
2619 silly registry.get        '_cfuvid=QApLJVKaMMS144TGfSC90v5HN.tHsyqF_uzyzkc9G4M-1789419020.9388728-1.0.1.1-Xx2SIyR7NJsxTVKnTWeUag6z9EPWOq4VHySPVxPjQf8; HttpOnly; SameSite=None; Secure; Path=/; Domain=npmjs.org' ],
2619 silly registry.get     'cf-ray': 'a3b24370dccf1de9-IAD',
2619 silly registry.get     'cf-cache-status': 'HIT',
2619 silly registry.get     'access-control-allow-origin': '*',
2619 silly registry.get     age: '89',
2619 silly registry.get     'cache-control': 'public, max-age=300',
2619 silly registry.get     vary: 'accept-encoding, accept',
2619 silly registry.get     'last-modified': 'Wed, 19 Nov 2025 12:34:53 GMT',
2619 silly registry.get     server: 'cloudflare',
2619 silly registry.get     etag: 'W/"a3d5b21d8286bc727425f95bb3904966"',
2619 silly registry.get     'content-encoding': 'gzip' } ]
2620 silly lockFile 1dd5c587--string-magic-string-0-30-21-tgz https://registry.npmjs.org/magic-string/-/magic-string-0.30.21.tgz
2621 verbose lock https://registry.npmjs.org/magic-string/-/magic-string-0.30.21.tgz C:\Users\jerry\AppData\Roaming\npm-cache\1dd5c587--string-magic-string-0-30-21-tgz.lock
2622 info retry fetch attempt 1 at 16:50:22
2623 verbose fetch to= C:\Users\jerry\AppData\Local\Temp\npm-2864-W0YXzXam\registry.npmjs.org\picomatch\-\picomatch-4.0.7.tgz
2624 http 200 https://registry.npmjs.org/import-meta-resolve/-/import-meta-resolve-4.2.0.tgz
2625 silly addNameRange number 2 { name: 'zod-to-json-schema',
2625 silly addNameRange   range: '>=3.25.1-0 <4.0.0-0',
2625 silly addNameRange   hasData: true }
2626 silly addNameRange versions [ 'zod-to-json-schema',
2626 silly addNameRange   [ '0.0.0',
2626 silly addNameRange     '0.1.0',
2626 silly addNameRange     '0.2.0',
2626 silly addNameRange     '0.2.1',
2626 silly addNameRange     '0.3.0',
2626 silly addNameRange     '0.4.0',
2626 silly addNameRange     '0.5.0',
2626 silly addNameRange     '0.5.1',
2626 silly addNameRange     '0.6.0',
2626 silly addNameRange     '0.6.1',
2626 silly addNameRange     '0.6.2',
2626 silly addNameRange     '3.0.0',
2626 silly addNameRange     '3.0.1',
2626 silly addNameRange     '3.0.2',
2626 silly addNameRange     '3.0.3',
2626 silly addNameRange     '3.1.0',
2626 silly addNameRange     '3.2.0',
2626 silly addNameRange     '3.3.0',
2626 silly addNameRange     '3.4.0',
2626 silly addNameRange     '3.4.1',
2626 silly addNameRange     '3.4.2',
2626 silly addNameRange     '3.4.3',
2626 silly addNameRange     '3.5.0',
2626 silly addNameRange     '3.6.0',
2626 silly addNameRange     '3.6.1',
2626 silly addNameRange     '3.9.0',
2626 silly addNameRange     '3.9.1',
2626 silly addNameRange     '3.9.2',
2626 silly addNameRange     '3.9.3',
2626 silly addNameRange     '3.9.4',
2626 silly addNameRange     '3.9.5-alpha.1',
2626 silly addNameRange     '3.9.5',
2626 silly addNameRange     '3.9.6-alpha.0',
2626 silly addNameRange     '3.11.0',
2626 silly addNameRange     '3.11.1-alpha.0',
2626 silly addNameRange     '3.11.1-alpha.1',
2626 silly addNameRange     '3.11.1',
2626 silly addNameRange     '3.11.2-alpha.0',
2626 silly addNameRange     '3.11.2-alpha.1',
2626 silly addNameRange     '3.11.2',
2626 silly addNameRange     '3.11.3',
2626 silly addNameRange     '3.14.0-alpha.0',
2626 silly addNameRange     '3.14.0',
2626 silly addNameRange     '3.14.1',
2626 silly addNameRange     '3.17.0',
2626 silly addNameRange     '3.17.1',
2626 silly addNameRange     '3.17.2',
2626 silly addNameRange     '3.18.0',
2626 silly addNameRange     '3.18.1',
2626 silly addNameRange     '3.18.2',
2626 silly addNameRange     '3.19.0',
2626 silly addNameRange     '3.19.1',
2626 silly addNameRange     '3.19.2',
2626 silly addNameRange     '3.19.3',
2626 silly addNameRange     '3.19.4',
2626 silly addNameRange     '3.20.0',
2626 silly addNameRange     '3.20.1',
2626 silly addNameRange     '3.20.2',
2626 silly addNameRange     '3.20.3',
2626 silly addNameRange     '3.20.4',
2626 silly addNameRange     '3.20.5',
2626 silly addNameRange     '3.21.0',
2626 silly addNameRange     '3.21.1',
2626 silly addNameRange     '3.21.2',
2626 silly addNameRange     '3.21.3',
2626 silly addNameRange     '3.21.4',
2626 silly addNameRange     '3.22.0-beta.0',
2626 silly addNameRange     '3.22.0',
2626 silly addNameRange     '3.22.1-beta.0',
2626 silly addNameRange     '3.22.1',
2626 silly addNameRange     '3.22.2',
2626 silly addNameRange     '3.22.3',
2626 silly addNameRange     '3.22.4',
2626 silly addNameRange     '3.22.5',
2626 silly addNameRange     '3.23.0',
2626 silly addNameRange     '3.23.1',
2626 silly addNameRange     '3.23.2',
2626 silly addNameRange     '3.23.3',
2626 silly addNameRange     '3.23.4',
2626 silly addNameRange     '3.23.5',
2626 silly addNameRange     '3.24.0',
2626 silly addNameRange     '3.24.1',
2626 silly addNameRange     '3.24.2',
2626 silly addNameRange     '3.24.3',
2626 silly addNameRange     '3.24.4',
2626 silly addNameRange     '3.24.5',
2626 silly addNameRange     '3.24.6',
2626 silly addNameRange     '3.25.0',
2626 silly addNameRange     '3.25.1',
2626 silly addNameRange     '3.25.2-beta.0',
2626 silly addNameRange     '3.25.2' ] ]
2627 verbose addNamed [ 'zod-to-json-schema', '3.25.2' ]
2628 verbose addNamed [ '3.25.2', '3.25.2' ]
2629 silly lockFile 879e9da8-zod-to-json-schema-3-25-2 zod-to-json-schema@3.25.2
2630 verbose lock zod-to-json-schema@3.25.2 C:\Users\jerry\AppData\Roaming\npm-cache\879e9da8-zod-to-json-schema-3-25-2.lock
2631 http 200 https://registry.npmjs.org/js-yaml
2632 silly registry.get cb [ 200,
2632 silly registry.get   { date: 'Mon, 14 Sep 2026 20:50:20 GMT',
2632 silly registry.get     'content-type': 'application/json',
2632 silly registry.get     'transfer-encoding': 'chunked',
2632 silly registry.get     connection: 'close',
2632 silly registry.get     'set-cookie':
2632 silly registry.get      [ '__cf_bm=My_rW3LbJHPXBU2noMOWvbPykS09BVgMgX6MbabDhKw-1789419020.876488-1.0.1.1-0X8behnAYbtEp2RFF0vvOSCXsgmkhIMQeUgKYpvotpI2WqYIz2FVtn0gI9rMb0d8A9LPaWH688hXfalzoNn_lSO3uVGaXFMFihGHoUCNDgHo8lW59VYT_aPdpjCeLu6l; HttpOnly; SameSite=None; Secure; Path=/; Domain=npmjs.org; Expires=Mon, 14 Sep 2026 21:20:20 GMT',
2632 silly registry.get        '_cfuvid=B4VTL88v0_JAj2o_dxT11r5ngUQDyuUXYp0ApgJ.KCw-1789419020.876488-1.0.1.1-En7g9syBNWHSR7AUmpKqok.o39GmeV.Uz0ysQuC9cgc; HttpOnly; SameSite=None; Secure; Path=/; Domain=npmjs.org' ],
2632 silly registry.get     'cf-ray': 'a3b243707989f493-IAD',
2632 silly registry.get     'cf-cache-status': 'HIT',
2632 silly registry.get     'access-control-allow-origin': '*',
2632 silly registry.get     age: '228',
2632 silly registry.get     'cache-control': 'public, max-age=300',
2632 silly registry.get     vary: 'accept-encoding, accept',
2632 silly registry.get     'last-modified': 'Sun, 13 Sep 2026 00:15:41 GMT',
2632 silly registry.get     server: 'cloudflare',
2632 silly registry.get     etag: 'W/"1981ed5c96ec72fc351be7424a5cf710"',
2632 silly registry.get     'content-encoding': 'gzip' } ]
2633 verbose addRemoteTarball [ 'https://registry.npmjs.org/magic-string/-/magic-string-0.30.21.tgz',
2633 verbose addRemoteTarball   '56763ec09a0fa8091df27879fd94d19078c00d91' ]
2634 silly lockFile 0a5e56c9-astrojs-telemetry-3-3-0 astrojs/telemetry@3.3.0
2635 silly lockFile 0a5e56c9-astrojs-telemetry-3-3-0 astrojs/telemetry@3.3.0
2636 http GET https://registry.npmjs.org/picomatch/-/picomatch-4.0.7.tgz
2637 silly lockFile b550a349-rollup-pluginutils-5-3-0 rollup/pluginutils@^5.3.0
2638 silly lockFile b550a349-rollup-pluginutils-5-3-0 rollup/pluginutils@^5.3.0
2639 http 200 https://registry.npmjs.org/smol-toml
2640 silly registry.get cb [ 200,
2640 silly registry.get   { date: 'Mon, 14 Sep 2026 20:50:20 GMT',
2640 silly registry.get     'content-type': 'application/json',
2640 silly registry.get     'transfer-encoding': 'chunked',
2640 silly registry.get     connection: 'close',
2640 silly registry.get     'set-cookie':
2640 silly registry.get      [ '__cf_bm=N5_dAgi41koh3zr1YgBS1p8RRTOfrh5LO10wYbCHPXI-1789419020.9577441-1.0.1.1-AETY3aI_IGdC41ds5rY5L7320DqOwVE5IwZZwX_YPs2qjBiUes8xMF5fRSPSLMvuY0fkcUfSadtY5uxTxQAseZ8JB7oJEOMDTEzcjn1ZXkCosnOgz2Xh8T4KdpMBNQPU; HttpOnly; SameSite=None; Secure; Path=/; Domain=npmjs.org; Expires=Mon, 14 Sep 2026 21:20:20 GMT',
2640 silly registry.get        '_cfuvid=g14wixMVOWbcro8E6qvYAI4zdOEJlZZcS9.VvrtEDfk-1789419020.9577441-1.0.1.1-nV1aTa.AulV5BBn.cQ6.gBXOGWjlYLTE.udWoTst0es; HttpOnly; SameSite=None; Secure; Path=/; Domain=npmjs.org' ],
2640 silly registry.get     'cf-ray': 'a3b24370feb114bc-IAD',
2640 silly registry.get     'cf-cache-status': 'HIT',
2640 silly registry.get     'access-control-allow-origin': '*',
2640 silly registry.get     age: '20',
2640 silly registry.get     'cache-control': 'public, max-age=300',
2640 silly registry.get     vary: 'accept-encoding, accept',
2640 silly registry.get     'last-modified': 'Tue, 11 Aug 2026 19:09:16 GMT',
2640 silly registry.get     server: 'cloudflare',
2640 silly registry.get     etag: 'W/"ec3edf7f52b189976ffbe28ddd656946"',
2640 silly registry.get     'content-encoding': 'gzip' } ]
2641 http 200 https://registry.npmjs.org/package-manager-detector
2642 silly registry.get cb [ 200,
2642 silly registry.get   { date: 'Mon, 14 Sep 2026 20:50:20 GMT',
2642 silly registry.get     'content-type': 'application/json',
2642 silly registry.get     'transfer-encoding': 'chunked',
2642 silly registry.get     connection: 'close',
2642 silly registry.get     'set-cookie':
2642 silly registry.get      [ '__cf_bm=L2C6a.QebXorZPxRy7JOEkecXd3wdwnqK14rkGdlcws-1789419020.951162-1.0.1.1-.uHRmfa.4Oju5O5L1FLlNmsKFuhCQBHsCaXPNCBFSOwXpd0VkBHC.uRUvdfP7soYKu0wNMyjCG9Yepg8890ZHz5b.3JUowFl8mRhjKm9.i1ltHGWc4B.pHtf1CCcE1zz; HttpOnly; SameSite=None; Secure; Path=/; Domain=npmjs.org; Expires=Mon, 14 Sep 2026 21:20:20 GMT',
2642 silly registry.get        '_cfuvid=F63GHkk1MCBGo6uL5XeCrclVOxRdKVhWR0mqe85KRSg-1789419020.951162-1.0.1.1-TaRGgIq.VXikCgt.KLFSB5hrE6j0fe1AtdfH5kxpWKM; HttpOnly; SameSite=None; Secure; Path=/; Domain=npmjs.org' ],
2642 silly registry.get     'cf-ray': 'a3b24370ea76bacc-IAD',
2642 silly registry.get     'cf-cache-status': 'HIT',
2642 silly registry.get     'access-control-allow-origin': '*',
2642 silly registry.get     age: '112',
2642 silly registry.get     'cache-control': 'public, max-age=300',
2642 silly registry.get     vary: 'accept-encoding, accept',
2642 silly registry.get     'last-modified': 'Tue, 21 Jul 2026 10:02:52 GMT',
2642 silly registry.get     server: 'cloudflare',
2642 silly registry.get     etag: 'W/"08286c97b07bd775a25e0a321d2b07b1"',
2642 silly registry.get     'content-encoding': 'gzip' } ]
2643 silly lockFile 74db82c3-ma-zod-to-json-schema-3-25-2-tgz https://registry.npmjs.org/zod-to-json-schema/-/zod-to-json-schema-3.25.2.tgz
2644 verbose lock https://registry.npmjs.org/zod-to-json-schema/-/zod-to-json-schema-3.25.2.tgz C:\Users\jerry\AppData\Roaming\npm-cache\74db82c3-ma-zod-to-json-schema-3-25-2-tgz.lock
2645 silly lockFile cdea505f-h-common-ancestor-path-1-0-1-tgz https://registry.npmjs.org/common-ancestor-path/-/common-ancestor-path-1.0.1.tgz
2646 silly lockFile cdea505f-h-common-ancestor-path-1-0-1-tgz https://registry.npmjs.org/common-ancestor-path/-/common-ancestor-path-1.0.1.tgz
2647 http 200 https://registry.npmjs.org/vitefu/-/vitefu-1.1.3.tgz
2648 info retry fetch attempt 1 at 16:50:22
2649 verbose fetch to= C:\Users\jerry\AppData\Local\Temp\npm-2864-W0YXzXam\registry.npmjs.org\magic-string\-\magic-string-0.30.21.tgz
2650 silly lockFile 2b4e81a2-common-ancestor-path-1-0-1 common-ancestor-path@1.0.1
2651 silly lockFile 2b4e81a2-common-ancestor-path-1-0-1 common-ancestor-path@1.0.1
2652 silly lockFile 58fdd92b-stry-npmjs-org-dlv-dlv-1-1-3-tgz https://registry.npmjs.org/dlv/-/dlv-1.1.3.tgz
2653 silly lockFile 58fdd92b-stry-npmjs-org-dlv-dlv-1-1-3-tgz https://registry.npmjs.org/dlv/-/dlv-1.1.3.tgz
2654 verbose addRemoteTarball [ 'https://registry.npmjs.org/zod-to-json-schema/-/zod-to-json-schema-3.25.2.tgz',
2654 verbose addRemoteTarball   '3fa799a7badd554541472fb65843fdc460b2e5aa' ]
2655 silly addNameRange number 2 { name: 'unstorage',
2655 silly addNameRange   range: '>=1.17.4-0 <2.0.0-0',
2655 silly addNameRange   hasData: true }
2656 silly addNameRange versions [ 'unstorage',
2656 silly addNameRange   [ '0.0.0',
2656 silly addNameRange     '0.0.1',
2656 silly addNameRange     '0.0.2',
2656 silly addNameRange     '0.0.3',
2656 silly addNameRange     '0.0.4',
2656 silly addNameRange     '0.1.0',
2656 silly addNameRange     '0.1.1',
2656 silly addNameRange     '0.1.2',
2656 silly addNameRange     '0.1.3',
2656 silly addNameRange     '0.1.4',
2656 silly addNameRange     '0.1.5',
2656 silly addNameRange     '0.1.6',
2656 silly addNameRange     '0.2.0',
2656 silly addNameRange     '0.2.1',
2656 silly addNameRange     '0.2.2',
2656 silly addNameRange     '0.2.3',
2656 silly addNameRange     '0.2.4',
2656 silly addNameRange     '0.2.5',
2656 silly addNameRange     '0.2.6',
2656 silly addNameRange     '0.2.7',
2656 silly addNameRange     '0.2.8',
2656 silly addNameRange     '0.2.9',
2656 silly addNameRange     '0.3.0',
2656 silly addNameRange     '0.3.1',
2656 silly addNameRange     '0.3.2',
2656 silly addNameRange     '0.3.3',
2656 silly addNameRange     '0.4.0',
2656 silly addNameRange     '0.4.1',
2656 silly addNameRange     '0.5.0',
2656 silly addNameRange     '0.5.1',
2656 silly addNameRange     '0.5.2',
2656 silly addNameRange     '0.5.3',
2656 silly addNameRange     '0.5.4',
2656 silly addNameRange     '0.5.5',
2656 silly addNameRange     '0.5.6',
2656 silly addNameRange     '0.4.2',
2656 silly addNameRange     '0.3.4',
2656 silly addNameRange     '0.2.10',
2656 silly addNameRange     '0.6.0',
2656 silly addNameRange     '1.0.0',
2656 silly addNameRange     '1.0.1',
2656 silly addNameRange     '1.1.0',
2656 silly addNameRange     '1.1.1',
2656 silly addNameRange     '1.1.2',
2656 silly addNameRange     '1.1.3',
2656 silly addNameRange     '1.1.4',
2656 silly addNameRange     '1.1.5',
2656 silly addNameRange     '1.1.5-hotfix.1',
2656 silly addNameRange     '1.2.0',
2656 silly addNameRange     '1.3.0',
2656 silly addNameRange     '1.4.0',
2656 silly addNameRange     '1.4.1',
2656 silly addNameRange     '1.5.0',
2656 silly addNameRange     '1.6.0',
2656 silly addNameRange     '1.6.1',
2656 silly addNameRange     '1.7.0',
2656 silly addNameRange     '1.8.0',
2656 silly addNameRange     '1.9.0',
2656 silly addNameRange     '1.10.0',
2656 silly addNameRange     '1.10.1',
2656 silly addNameRange     '1.10.2',
2656 silly addNameRange     '1.11.0',
2656 silly addNameRange     '1.11.1',
2656 silly addNameRange     '1.12.0',
2656 silly addNameRange     '1.13.0',
2656 silly addNameRange     '1.13.1',
2656 silly addNameRange     '1.14.0',
2656 silly addNameRange     '1.14.1',
2656 silly addNameRange     '1.14.2',
2656 silly addNameRange     '1.14.3',
2656 silly addNameRange     '1.14.4',
2656 silly addNameRange     '1.15.0',
2656 silly addNameRange     '1.16.0',
2656 silly addNameRange     '1.16.1',
2656 silly addNameRange     '1.17.0',
2656 silly addNameRange     '1.17.1',
2656 silly addNameRange     '2.0.0-alpha.2',
2656 silly addNameRange     '2.0.0-alpha.3',
2656 silly addNameRange     '2.0.0-alpha.4',
2656 silly addNameRange     '1.17.2',
2656 silly addNameRange     '1.17.3',
2656 silly addNameRange     '2.0.0-alpha.5',
2656 silly addNameRange     '1.17.4',
2656 silly addNameRange     '2.0.0-alpha.6',
2656 silly addNameRange     '2.0.0-alpha.7',
2656 silly addNameRange     '1.17.5',
2656 silly addNameRange     '2.0.0-alpha.8',
2656 silly addNameRange     '2.0.0-alpha.9',
2656 silly addNameRange     '2.0.0-alpha.10' ] ]
2657 verbose addNamed [ 'unstorage', '1.17.5' ]
2658 verbose addNamed [ '1.17.5', '1.17.5' ]
2659 silly lockFile eb6216a4-unstorage-1-17-5 unstorage@1.17.5
2660 verbose lock unstorage@1.17.5 C:\Users\jerry\AppData\Roaming\npm-cache\eb6216a4-unstorage-1-17-5.lock
2661 silly addNameRange number 2 { name: 'svgo', range: '>=4.0.0-0 <5.0.0-0', hasData: true }
2662 silly addNameRange versions [ 'svgo',
2662 silly addNameRange   [ '0.0.1',
2662 silly addNameRange     '0.0.1-2',
2662 silly addNameRange     '0.0.1-3',
2662 silly addNameRange     '0.0.2',
2662 silly addNameRange     '0.0.3',
2662 silly addNameRange     '0.0.4',
2662 silly addNameRange     '0.0.5',
2662 silly addNameRange     '0.0.5-1',
2662 silly addNameRange     '0.0.6',
2662 silly addNameRange     '0.0.7',
2662 silly addNameRange     '0.0.7-1',
2662 silly addNameRange     '0.0.8',
2662 silly addNameRange     '0.0.9',
2662 silly addNameRange     '0.0.9-1',
2662 silly addNameRange     '0.1.0',
2662 silly addNameRange     '0.1.1',
2662 silly addNameRange     '0.1.2',
2662 silly addNameRange     '0.1.3',
2662 silly addNameRange     '0.1.4',
2662 silly addNameRange     '0.1.5',
2662 silly addNameRange     '0.1.6',
2662 silly addNameRange     '0.1.7',
2662 silly addNameRange     '0.1.8',
2662 silly addNameRange     '0.1.9',
2662 silly addNameRange     '0.1.9-1',
2662 silly addNameRange     '0.2.0',
2662 silly addNameRange     '0.2.1',
2662 silly addNameRange     '0.2.2',
2662 silly addNameRange     '0.2.3',
2662 silly addNameRange     '0.2.4',
2662 silly addNameRange     '0.3.0',
2662 silly addNameRange     '0.3.1',
2662 silly addNameRange     '0.3.2',
2662 silly addNameRange     '0.3.3',
2662 silly addNameRange     '0.3.4',
2662 silly addNameRange     '0.3.5',
2662 silly addNameRange     '0.3.6',
2662 silly addNameRange     '0.3.7',
2662 silly addNameRange     '0.4.0',
2662 silly addNameRange     '0.4.1',
2662 silly addNameRange     '0.4.2',
2662 silly addNameRange     '0.4.3',
2662 silly addNameRange     '0.4.4',
2662 silly addNameRange     '0.4.5',
2662 silly addNameRange     '0.5.0',
2662 silly addNameRange     '0.5.1',
2662 silly addNameRange     '0.5.2',
2662 silly addNameRange     '0.5.3',
2662 silly addNameRange     '0.5.4',
2662 silly addNameRange     '0.5.5',
2662 silly addNameRange     '0.5.6',
2662 silly addNameRange     '0.6.0',
2662 silly addNameRange     '0.6.1',
2662 silly addNameRange     '0.6.2',
2662 silly addNameRange     '0.6.3',
2662 silly addNameRange     '0.6.4',
2662 silly addNameRange     '0.6.5',
2662 silly addNameRange     '0.6.6',
2662 silly addNameRange     '0.7.0',
2662 silly addNameRange     '0.7.1',
2662 silly addNameRange     '0.7.2',
2662 silly addNameRange     '1.0.0',
2662 silly addNameRange     '1.0.1',
2662 silly addNameRange     '1.0.2',
2662 silly addNameRange     '1.0.3',
2662 silly addNameRange     '1.0.4',
2662 silly addNameRange     '1.0.5',
2662 silly addNameRange     '1.1.0',
2662 silly addNameRange     '1.1.1',
2662 silly addNameRange     '1.2.0',
2662 silly addNameRange     '1.2.1',
2662 silly addNameRange     '1.2.2',
2662 silly addNameRange     '1.3.0',
2662 silly addNameRange     '1.3.1',
2662 silly addNameRange     '1.3.2',
2662 silly addNameRange     '2.0.0',
2662 silly addNameRange     '2.0.1',
2662 silly addNameRange     '2.0.2',
2662 silly addNameRange     '2.0.3',
2662 silly addNameRange     '2.1.0',
2662 silly addNameRange     '2.2.0',
2662 silly addNameRange     '2.2.1',
2662 silly addNameRange     '2.2.2',
2662 silly addNameRange     '2.3.0',
2662 silly addNameRange     '2.3.1',
2662 silly addNameRange     '2.4.0',
2662 silly addNameRange     '2.5.0',
2662 silly addNameRange     '2.6.0',
2662 silly addNameRange     '2.6.1',
2662 silly addNameRange     '2.7.0',
2662 silly addNameRange     '2.8.0',
2662 silly addNameRange     '3.0.0',
2662 silly addNameRange     '3.0.1',
2662 silly addNameRange     '3.0.2',
2662 silly addNameRange     '3.0.3',
2662 silly addNameRange     '3.0.4',
2662 silly addNameRange     '3.0.5',
2662 silly addNameRange     '3.1.0',
2662 silly addNameRange     '3.2.0',
2662 silly addNameRange     '3.3.0',
2662 silly addNameRange     '3.3.1',
2662 silly addNameRange     '3.3.2',
2662 silly addNameRange     '4.0.0-rc.0',
2662 silly addNameRange     '4.0.0-rc.1',
2662 silly addNameRange     '4.0.0-rc.2',
2662 silly addNameRange     '4.0.0-rc.3',
2662 silly addNameRange     '4.0.0-rc.4',
2662 silly addNameRange     '4.0.0-rc.5',
2662 silly addNameRange     '4.0.0',
2662 silly addNameRange     '4.0.1',
2662 silly addNameRange     '3.3.3',
2662 silly addNameRange     '2.8.1',
2662 silly addNameRange     '2.8.2',
2662 silly addNameRange     '4.0.2',
2662 silly addNameRange     '3.3.4',
2662 silly addNameRange     '2.8.3',
2662 silly addNameRange     '3.3.5',
2662 silly addNameRange     '2.8.4',
2662 silly addNameRange     '4.1.0' ] ]
2663 verbose addNamed [ 'svgo', '4.1.0' ]
2664 verbose addNamed [ '4.1.0', '4.1.0' ]
2665 silly lockFile 8b93e397-svgo-4-1-0 svgo@4.1.0
2666 verbose lock svgo@4.1.0 C:\Users\jerry\AppData\Roaming\npm-cache\8b93e397-svgo-4-1-0.lock
2667 silly lockFile 1649745b-common-ancestor-path-1-0-1 common-ancestor-path@^1.0.1
2668 silly lockFile 1649745b-common-ancestor-path-1-0-1 common-ancestor-path@^1.0.1
2669 silly lockFile 9f616f96-dlv-1-1-3 dlv@1.1.3
2670 silly lockFile 9f616f96-dlv-1-1-3 dlv@1.1.3
2671 http 200 https://registry.npmjs.org/unist-util-visit
2672 silly registry.get cb [ 200,
2672 silly registry.get   { date: 'Mon, 14 Sep 2026 20:50:21 GMT',
2672 silly registry.get     'content-type': 'application/json',
2672 silly registry.get     'transfer-encoding': 'chunked',
2672 silly registry.get     connection: 'close',
2672 silly registry.get     'set-cookie':
2672 silly registry.get      [ '__cf_bm=HTKFoTcnNMoCAznOa7QNhDNFivg6fYkEGbI3g8XYmKQ-1789419020.9775696-1.0.1.1-ciTUXcEFfOaiQ7KNUjn_2Z_0fLqfnr4ettx2Q043lhC9LjjuGhReGyrPI.t7ajdBrPpy.N1W7EEgZnEw2VSiXfUFxlks8ZAMHzkPjDkMe0oAxSKX7Hiqh2sABGJHhTYk; HttpOnly; SameSite=None; Secure; Path=/; Domain=npmjs.org; Expires=Mon, 14 Sep 2026 21:20:21 GMT',
2672 silly registry.get        '_cfuvid=TOeUANQdOMTTScpVNyzP40JRTxFl46t3oH3hxREevYQ-1789419020.9775696-1.0.1.1-N3sl42hKWgATOxO95_gE.lD3mNbTtVZxXPodsr9E_r4; HttpOnly; SameSite=None; Secure; Path=/; Domain=npmjs.org' ],
2672 silly registry.get     'cf-ray': 'a3b24371192c2d23-IAD',
2672 silly registry.get     'cf-cache-status': 'HIT',
2672 silly registry.get     'access-control-allow-origin': '*',
2672 silly registry.get     age: '219',
2672 silly registry.get     'cache-control': 'public, max-age=300',
2672 silly registry.get     vary: 'accept-encoding, accept',
2672 silly registry.get     'last-modified': 'Thu, 22 Jan 2026 19:03:00 GMT',
2672 silly registry.get     server: 'cloudflare',
2672 silly registry.get     etag: 'W/"ea82f1b79761fba5341707526d957c28"',
2672 silly registry.get     'content-encoding': 'gzip' } ]
2673 silly addNameRange number 2 { name: 'deterministic-object-hash',
2673 silly addNameRange   range: '>=2.0.2-0 <3.0.0-0',
2673 silly addNameRange   hasData: true }
2674 silly addNameRange versions [ 'deterministic-object-hash',
2674 silly addNameRange   [ '1.2.0',
2674 silly addNameRange     '1.2.1',
2674 silly addNameRange     '1.2.2',
2674 silly addNameRange     '1.2.3',
2674 silly addNameRange     '1.2.4',
2674 silly addNameRange     '1.3.1',
2674 silly addNameRange     '2.0.0',
2674 silly addNameRange     '2.0.1',
2674 silly addNameRange     '2.0.2' ] ]
2675 verbose addNamed [ 'deterministic-object-hash', '2.0.2' ]
2676 verbose addNamed [ '2.0.2', '2.0.2' ]
2677 silly lockFile 6133c104-deterministic-object-hash-2-0-2 deterministic-object-hash@2.0.2
2678 verbose lock deterministic-object-hash@2.0.2 C:\Users\jerry\AppData\Roaming\npm-cache\6133c104-deterministic-object-hash-2-0-2.lock
2679 silly lockFile 430ebac9-astrojs-compiler-2-13-0 astrojs/compiler@^2.13.0
2680 silly lockFile 430ebac9-astrojs-compiler-2-13-0 astrojs/compiler@^2.13.0
2681 http GET https://registry.npmjs.org/magic-string/-/magic-string-0.30.21.tgz
2682 silly lockFile a1a89127-dlv-1-1-3 dlv@^1.1.3
2683 silly lockFile a1a89127-dlv-1-1-3 dlv@^1.1.3
2684 http 200 https://registry.npmjs.org/prompts
2685 silly registry.get cb [ 200,
2685 silly registry.get   { date: 'Mon, 14 Sep 2026 20:50:20 GMT',
2685 silly registry.get     'content-type': 'application/json',
2685 silly registry.get     'transfer-encoding': 'chunked',
2685 silly registry.get     connection: 'close',
2685 silly registry.get     'set-cookie':
2685 silly registry.get      [ '__cf_bm=soxcu2VFJjPgcgZvgbYcb0De6LEF.HOJQG.in26K5mM-1789419020.9499023-1.0.1.1-emeAZVPeaeQ9RZkANWpret6A7UmtlFwQNc2XiOmZsCzPGhnJgFQei7qCvUFGSrGwEqfHaJHIeptf4PdQgEKqgvjtwVvvM2dNQeH1DoiPqxI_UzuqMTxl4VeTgMq9w09w; HttpOnly; SameSite=None; Secure; Path=/; Domain=npmjs.org; Expires=Mon, 14 Sep 2026 21:20:20 GMT',
2685 silly registry.get        '_cfuvid=AMM7vJW7ox6BEzotjNKyMSKpHq3mu7XiM3hEj_XVF9I-1789419020.9499023-1.0.1.1-87nCgGER1utjYaJ2ywkrfkPcanne._CSs.wwKBYTMVI; HttpOnly; SameSite=None; Secure; Path=/; Domain=npmjs.org' ],
2685 silly registry.get     'cf-ray': 'a3b24370ee3f0242-IAD',
2685 silly registry.get     'cf-cache-status': 'HIT',
2685 silly registry.get     'access-control-allow-origin': '*',
2685 silly registry.get     age: '20',
2685 silly registry.get     'cache-control': 'public, max-age=300',
2685 silly registry.get     vary: 'accept-encoding, accept',
2685 silly registry.get     'last-modified': 'Sat, 21 Oct 2023 01:41:37 GMT',
2685 silly registry.get     server: 'cloudflare',
2685 silly registry.get     etag: 'W/"3f2ab890057a20b6bfd56be0f87e4115"',
2685 silly registry.get     'content-encoding': 'gzip' } ]
2686 silly lockFile b593a1f8-g-unstorage-unstorage-1-17-5-tgz https://registry.npmjs.org/unstorage/-/unstorage-1.17.5.tgz
2687 verbose lock https://registry.npmjs.org/unstorage/-/unstorage-1.17.5.tgz C:\Users\jerry\AppData\Roaming\npm-cache\b593a1f8-g-unstorage-unstorage-1-17-5-tgz.lock
2688 silly addNameRange number 2 { name: 'yocto-spinner',
2688 silly addNameRange   range: '>=0.2.3-0 <0.3.0-0',
2688 silly addNameRange   hasData: true }
2689 silly addNameRange versions [ 'yocto-spinner',
2689 silly addNameRange   [ '0.1.0',
2689 silly addNameRange     '0.1.1',
2689 silly addNameRange     '0.1.2',
2689 silly addNameRange     '0.2.0',
2689 silly addNameRange     '0.2.1',
2689 silly addNameRange     '0.2.2',
2689 silly addNameRange     '0.2.3',
2689 silly addNameRange     '1.0.0',
2689 silly addNameRange     '1.1.0',
2689 silly addNameRange     '1.2.0',
2689 silly addNameRange     '1.2.1',
2689 silly addNameRange     '1.2.2' ] ]
2690 verbose addNamed [ 'yocto-spinner', '0.2.3' ]
2691 verbose addNamed [ '0.2.3', '0.2.3' ]
2692 silly lockFile c4d2ed1a-yocto-spinner-0-2-3 yocto-spinner@0.2.3
2693 verbose lock yocto-spinner@0.2.3 C:\Users\jerry\AppData\Roaming\npm-cache\c4d2ed1a-yocto-spinner-0-2-3.lock
2694 silly lockFile b26c7ab3-ry-npmjs-org-svgo-svgo-4-1-0-tgz https://registry.npmjs.org/svgo/-/svgo-4.1.0.tgz
2695 verbose lock https://registry.npmjs.org/svgo/-/svgo-4.1.0.tgz C:\Users\jerry\AppData\Roaming\npm-cache\b26c7ab3-ry-npmjs-org-svgo-svgo-4-1-0-tgz.lock
2696 info retry fetch attempt 1 at 16:50:22
2697 verbose fetch to= C:\Users\jerry\AppData\Local\Temp\npm-2864-W0YXzXam\registry.npmjs.org\zod-to-json-schema\-\zod-to-json-schema-3.25.2.tgz
2698 silly lockFile 5f8876e8-js-org-flattie-flattie-1-1-1-tgz https://registry.npmjs.org/flattie/-/flattie-1.1.1.tgz
2699 silly lockFile 5f8876e8-js-org-flattie-flattie-1-1-1-tgz https://registry.npmjs.org/flattie/-/flattie-1.1.1.tgz
2700 http 200 https://registry.npmjs.org/vfile
2701 silly registry.get cb [ 200,
2701 silly registry.get   { date: 'Mon, 14 Sep 2026 20:50:20 GMT',
2701 silly registry.get     'content-type': 'application/json',
2701 silly registry.get     'transfer-encoding': 'chunked',
2701 silly registry.get     connection: 'close',
2701 silly registry.get     'set-cookie':
2701 silly registry.get      [ '__cf_bm=bT9i2H.LzHggkfr2jATMnByNoawVa3PQWyWt9mYUTFk-1789419020.957747-1.0.1.1-m8M6wom5lKg6bp2IR3tWZa18UF1MxCKSTneTTm9jJE5WHepylWdr2.jcSCYMT4In5SV9w7l8tQKXThFCHGEXqbZqkh_ZKoyo4QGUqXOABq2ROjUxuyfL07DRo0vTwBN4; HttpOnly; SameSite=None; Secure; Path=/; Domain=npmjs.org; Expires=Mon, 14 Sep 2026 21:20:20 GMT',
2701 silly registry.get        '_cfuvid=bRWB8dj2LTuStWdV5stpAqOZg9peje6t42fIgcqqS3g-1789419020.957747-1.0.1.1-XBmFwYP7sH7cvOAvUzXQJTVxPO_3S1Xi.wQ0jIA.k.A; HttpOnly; SameSite=None; Secure; Path=/; Domain=npmjs.org' ],
2701 silly registry.get     'cf-ray': 'a3b24370fe1e91fa-IAD',
2701 silly registry.get     'cf-cache-status': 'HIT',
2701 silly registry.get     'access-control-allow-origin': '*',
2701 silly registry.get     age: '159',
2701 silly registry.get     'cache-control': 'public, max-age=300',
2701 silly registry.get     vary: 'accept-encoding, accept',
2701 silly registry.get     'last-modified': 'Tue, 27 Aug 2024 09:12:44 GMT',
2701 silly registry.get     server: 'cloudflare',
2701 silly registry.get     etag: 'W/"76fb83f41cb4a8350908381f2630e0f1"',
2701 silly registry.get     'content-encoding': 'gzip' } ]
2702 silly lockFile e6c3ee54-erministic-object-hash-2-0-2-tgz https://registry.npmjs.org/deterministic-object-hash/-/deterministic-object-hash-2.0.2.tgz
2703 verbose lock https://registry.npmjs.org/deterministic-object-hash/-/deterministic-object-hash-2.0.2.tgz C:\Users\jerry\AppData\Roaming\npm-cache\e6c3ee54-erministic-object-hash-2-0-2-tgz.lock
2704 silly lockFile 7e4369cf-pmjs-org-cssesc-cssesc-3-0-0-tgz https://registry.npmjs.org/cssesc/-/cssesc-3.0.0.tgz
2705 silly lockFile 7e4369cf-pmjs-org-cssesc-cssesc-3-0-0-tgz https://registry.npmjs.org/cssesc/-/cssesc-3.0.0.tgz
2706 silly lockFile 8c52c523-flattie-1-1-1 flattie@1.1.1
2707 silly lockFile 8c52c523-flattie-1-1-1 flattie@1.1.1
2708 silly lockFile fc320e9d--npmjs-org-boxen-boxen-8-0-1-tgz https://registry.npmjs.org/boxen/-/boxen-8.0.1.tgz
2709 silly lockFile fc320e9d--npmjs-org-boxen-boxen-8-0-1-tgz https://registry.npmjs.org/boxen/-/boxen-8.0.1.tgz
2710 verbose addRemoteTarball [ 'https://registry.npmjs.org/unstorage/-/unstorage-1.17.5.tgz',
2710 verbose addRemoteTarball   'e76c82fdc1d2c04cb0e2c0a1de08aa08b2253f51' ]
2711 verbose addRemoteTarball [ 'https://registry.npmjs.org/svgo/-/svgo-4.1.0.tgz',
2711 verbose addRemoteTarball   'c977eb69640ef232a5e8236a5a327ed8c9d52853' ]
2712 http GET https://registry.npmjs.org/zod-to-json-schema/-/zod-to-json-schema-3.25.2.tgz
2713 silly lockFile 48997d59-cssesc-3-0-0 cssesc@3.0.0
2714 silly lockFile 48997d59-cssesc-3-0-0 cssesc@3.0.0
2715 silly lockFile 9a84544f-flattie-1-1-1 flattie@^1.1.1
2716 silly lockFile 9a84544f-flattie-1-1-1 flattie@^1.1.1
2717 silly addNameRange number 2 { name: 'js-yaml', range: '>=4.1.1-0 <5.0.0-0', hasData: true }
2718 silly addNameRange versions [ 'js-yaml',
2718 silly addNameRange   [ '0.2.0',
2718 silly addNameRange     '0.2.1',
2718 silly addNameRange     '0.2.2',
2718 silly addNameRange     '0.3.0',
2718 silly addNameRange     '0.3.1',
2718 silly addNameRange     '0.3.2',
2718 silly addNameRange     '0.3.3',
2718 silly addNameRange     '0.3.4',
2718 silly addNameRange     '0.3.5',
2718 silly addNameRange     '0.3.6',
2718 silly addNameRange     '0.3.7',
2718 silly addNameRange     '1.0.0',
2718 silly addNameRange     '1.0.1',
2718 silly addNameRange     '1.0.2',
2718 silly addNameRange     '1.0.3',
2718 silly addNameRange     '2.0.0',
2718 silly addNameRange     '2.0.1',
2718 silly addNameRange     '2.0.2',
2718 silly addNameRange     '2.0.3',
2718 silly addNameRange     '2.0.4',
2718 silly addNameRange     '2.0.5',
2718 silly addNameRange     '2.1.0',
2718 silly addNameRange     '2.1.1',
2718 silly addNameRange     '2.1.2',
2718 silly addNameRange     '2.1.3',
2718 silly addNameRange     '3.0.0',
2718 silly addNameRange     '3.0.1',
2718 silly addNameRange     '3.0.2',
2718 silly addNameRange     '3.1.0',
2718 silly addNameRange     '3.2.1',
2718 silly addNameRange     '3.2.2',
2718 silly addNameRange     '3.2.3',
2718 silly addNameRange     '3.2.4',
2718 silly addNameRange     '3.2.5',
2718 silly addNameRange     '3.2.6',
2718 silly addNameRange     '3.2.7',
2718 silly addNameRange     '3.3.0',
2718 silly addNameRange     '3.3.1',
2718 silly addNameRange     '3.4.0',
2718 silly addNameRange     '3.4.1',
2718 silly addNameRange     '3.4.2',
2718 silly addNameRange     '3.4.3',
2718 silly addNameRange     '3.4.4',
2718 silly addNameRange     '3.4.5',
2718 silly addNameRange     '3.4.6',
2718 silly addNameRange     '3.5.0',
2718 silly addNameRange     '3.5.1',
2718 silly addNameRange     '3.5.2',
2718 silly addNameRange     '3.5.3',
2718 silly addNameRange     '3.5.4',
2718 silly addNameRange     '3.5.5',
2718 silly addNameRange     '3.6.0',
2718 silly addNameRange     '3.6.1',
2718 silly addNameRange     '3.7.0',
2718 silly addNameRange     '3.8.0',
2718 silly addNameRange     '3.8.1',
2718 silly addNameRange     '3.8.2',
2718 silly addNameRange     '3.8.3',
2718 silly addNameRange     '3.8.4',
2718 silly addNameRange     '3.9.0',
2718 silly addNameRange     '3.9.1',
2718 silly addNameRange     '3.10.0',
2718 silly addNameRange     '3.11.0',
2718 silly addNameRange     '3.12.0',
2718 silly addNameRange     '3.12.1',
2718 silly addNameRange     '3.12.2',
2718 silly addNameRange     '3.13.0',
2718 silly addNameRange     '3.13.1',
2718 silly addNameRange     '3.14.0',
2718 silly addNameRange     '3.14.1',
2718 silly addNameRange     '4.0.0',
2718 silly addNameRange     '4.1.0',
2718 silly addNameRange     '4.1.1',
2718 silly addNameRange     '3.14.2',
2718 silly addNameRange     '4.2.0',
2718 silly addNameRange     '5.0.0',
2718 silly addNameRange     '5.1.0',
2718 silly addNameRange     '5.2.0',
2718 silly addNameRange     '4.3.0',
2718 silly addNameRange     '3.15.0',
2718 silly addNameRange     '5.2.1',
2718 silly addNameRange     '5.2.2',
2718 silly addNameRange     '4.3.1',
2718 silly addNameRange     '3.15.1',
2718 silly addNameRange     '5.2.3',
2718 silly addNameRange     '5.3.0',
2718 silly addNameRange     '5.4.0',
2718 silly addNameRange     '5.4.1',
2718 silly addNameRange     '4.3.2',
2718 silly addNameRange     '3.15.2',
2718 silly addNameRange     '5.4.2' ] ]
2719 verbose addNamed [ 'js-yaml', '4.3.2' ]
2720 verbose addNamed [ '4.3.2', '4.3.2' ]
2721 silly lockFile a8092ee3-js-yaml-4-3-2 js-yaml@4.3.2
2722 verbose lock js-yaml@4.3.2 C:\Users\jerry\AppData\Roaming\npm-cache\a8092ee3-js-yaml-4-3-2.lock
2723 silly addNameRange number 2 { name: 'piccolore', range: '>=0.1.3-0 <0.2.0-0', hasData: true }
2724 silly addNameRange versions [ 'piccolore', [ '0.1.0', '0.1.1', '0.1.2', '0.1.3' ] ]
2725 verbose addNamed [ 'piccolore', '0.1.3' ]
2726 verbose addNamed [ '0.1.3', '0.1.3' ]
2727 silly lockFile b8863652-piccolore-0-1-3 piccolore@0.1.3
2728 verbose lock piccolore@0.1.3 C:\Users\jerry\AppData\Roaming\npm-cache\b8863652-piccolore-0-1-3.lock
2729 verbose addRemoteTarball [ 'https://registry.npmjs.org/deterministic-object-hash/-/deterministic-object-hash-2.0.2.tgz',
2729 verbose addRemoteTarball   'b251ddc801443905f0e9fef08816a46bc9fe3807' ]
2730 silly lockFile fa99b79d-boxen-8-0-1 boxen@8.0.1
2731 silly lockFile fa99b79d-boxen-8-0-1 boxen@8.0.1
2732 silly lockFile 23bc1829--spinner-yocto-spinner-0-2-3-tgz https://registry.npmjs.org/yocto-spinner/-/yocto-spinner-0.2.3.tgz
2733 verbose lock https://registry.npmjs.org/yocto-spinner/-/yocto-spinner-0.2.3.tgz C:\Users\jerry\AppData\Roaming\npm-cache\23bc1829--spinner-yocto-spinner-0-2-3-tgz.lock
2734 silly lockFile e965db62-cssesc-3-0-0 cssesc@^3.0.0
2735 silly lockFile e965db62-cssesc-3-0-0 cssesc@^3.0.0
2736 http 200 https://registry.npmjs.org/p-queue
2737 silly registry.get cb [ 200,
2737 silly registry.get   { date: 'Mon, 14 Sep 2026 20:50:20 GMT',
2737 silly registry.get     'content-type': 'application/json',
2737 silly registry.get     'transfer-encoding': 'chunked',
2737 silly registry.get     connection: 'close',
2737 silly registry.get     'set-cookie':
2737 silly registry.get      [ '__cf_bm=nWCK5VNSU7wNxSl4BvPQJqlcM9TB5FO0A5qoiayaCpM-1789419020.9488833-1.0.1.1-AWpqN8da7hMSTdK1_jOhJ0N8DxfKFLB4triFt_1Ax5.5_gx9.R7zSJY3vzuMXpXdatnbu9_Hg3ViYPqS0nFvffxhlpLKFkjAz_B3oOneqnasV47eUe2Fs2hd.q7PrCyW; HttpOnly; SameSite=None; Secure; Path=/; Domain=npmjs.org; Expires=Mon, 14 Sep 2026 21:20:20 GMT',
2737 silly registry.get        '_cfuvid=Nfw7e_ibv1fIS8OCWjd09xVgTfXvt8xXV2gSjf4vGtw-1789419020.9488833-1.0.1.1-hU_Gy06wnTO.Y6cso5dfTX1VbZxEFO1E5N2OFIPnZ1A; HttpOnly; SameSite=None; Secure; Path=/; Domain=npmjs.org' ],
2737 silly registry.get     'cf-ray': 'a3b24370edf70634-IAD',
2737 silly registry.get     'cf-cache-status': 'HIT',
2737 silly registry.get     'access-control-allow-origin': '*',
2737 silly registry.get     age: '101',
2737 silly registry.get     'cache-control': 'public, max-age=300',
2737 silly registry.get     vary: 'accept-encoding, accept',
2737 silly registry.get     'last-modified': 'Wed, 22 Jul 2026 12:15:06 GMT',
2737 silly registry.get     server: 'cloudflare',
2737 silly registry.get     etag: 'W/"83781a9cb7a4aa38e684bd83c9ef6b35"',
2737 silly registry.get     'content-encoding': 'gzip' } ]
2738 http 200 https://registry.npmjs.org/shiki
2739 silly registry.get cb [ 200,
2739 silly registry.get   { date: 'Mon, 14 Sep 2026 20:50:21 GMT',
2739 silly registry.get     'content-type': 'application/json',
2739 silly registry.get     'transfer-encoding': 'chunked',
2739 silly registry.get     connection: 'close',
2739 silly registry.get     'set-cookie':
2739 silly registry.get      [ '__cf_bm=lfrrqDkWmBtKGK2FtBHQ0_1Mmek1tC6BVx1fBjq46UA-1789419020.9775472-1.0.1.1-qyyBtxapqZjb9mY.5TKXr5lwQKfQl4bXA9e2ZX_jWoChl7ACUGmRWW2dr4NbZ4qdw3JZ4TJLzH1C20fZ7eIHYQakJ9cOT8iriPB.n5txZ_4OMy2_9eM_zNF0aUqp9Gvw; HttpOnly; SameSite=None; Secure; Path=/; Domain=npmjs.org; Expires=Mon, 14 Sep 2026 21:20:20 GMT',
2739 silly registry.get        '_cfuvid=hK1SXftFTNoLue1Rj7WSvqr8ZOcRHDn1Wq6tk8VBvTU-1789419020.9775472-1.0.1.1-5YI93JuDyerlaewiw.99gaY9dBu7sv2Guj0PJ01H37Q; HttpOnly; SameSite=None; Secure; Path=/; Domain=npmjs.org' ],
2739 silly registry.get     'cf-ray': 'a3b243711b3e81b1-IAD',
2739 silly registry.get     'cf-cache-status': 'HIT',
2739 silly registry.get     'access-control-allow-origin': '*',
2739 silly registry.get     age: '119',
2739 silly registry.get     'cache-control': 'public, max-age=300',
2739 silly registry.get     vary: 'accept-encoding, accept',
2739 silly registry.get     'last-modified': 'Mon, 10 Aug 2026 04:57:43 GMT',
2739 silly registry.get     server: 'cloudflare',
2739 silly registry.get     etag: 'W/"19a10d7de78054098014e73f8a2b62ac"',
2739 silly registry.get     'content-encoding': 'gzip' } ]
2740 silly addNameRange number 2 { name: 'smol-toml', range: '>=1.6.0-0 <2.0.0-0', hasData: true }
2741 silly addNameRange versions [ 'smol-toml',
2741 silly addNameRange   [ '0.1.0',
2741 silly addNameRange     '1.0.0',
2741 silly addNameRange     '1.0.1',
2741 silly addNameRange     '1.1.0',
2741 silly addNameRange     '1.1.1',
2741 silly addNameRange     '1.1.2',
2741 silly addNameRange     '1.1.3',
2741 silly addNameRange     '1.1.4',
2741 silly addNameRange     '1.2.0',
2741 silly addNameRange     '1.2.1',
2741 silly addNameRange     '1.2.2',
2741 silly addNameRange     '1.3.0',
2741 silly addNameRange     '1.3.1',
2741 silly addNameRange     '1.3.2',
2741 silly addNameRange     '1.3.3',
2741 silly addNameRange     '1.3.4',
2741 silly addNameRange     '1.4.0',
2741 silly addNameRange     '1.4.1',
2741 silly addNameRange     '1.4.2',
2741 silly addNameRange     '1.5.0',
2741 silly addNameRange     '1.5.1',
2741 silly addNameRange     '1.5.2',
2741 silly addNameRange     '1.6.0',
2741 silly addNameRange     '1.6.1',
2741 silly addNameRange     '1.7.0',
2741 silly addNameRange     '1.7.1',
2741 silly addNameRange     '1.7.2',
2741 silly addNameRange     '1.8.0' ] ]
2742 verbose addNamed [ 'smol-toml', '1.8.0' ]
2743 verbose addNamed [ '1.8.0', '1.8.0' ]
2744 silly lockFile ebdd52de-smol-toml-1-8-0 smol-toml@1.8.0
2745 verbose lock smol-toml@1.8.0 C:\Users\jerry\AppData\Roaming\npm-cache\ebdd52de-smol-toml-1-8-0.lock
2746 verbose addRemoteTarball [ 'https://registry.npmjs.org/yocto-spinner/-/yocto-spinner-0.2.3.tgz',
2746 verbose addRemoteTarball   'e803d2f267c7f0c3188645878522066764263a13' ]
2747 silly lockFile d80520a5-slugger-github-slugger-2-0-0-tgz https://registry.npmjs.org/github-slugger/-/github-slugger-2.0.0.tgz
2748 silly lockFile d80520a5-slugger-github-slugger-2-0-0-tgz https://registry.npmjs.org/github-slugger/-/github-slugger-2.0.0.tgz
2749 info retry fetch attempt 1 at 16:50:22
2750 verbose fetch to= C:\Users\jerry\AppData\Local\Temp\npm-2864-W0YXzXam\registry.npmjs.org\unstorage\-\unstorage-1.17.5.tgz
2751 info retry fetch attempt 1 at 16:50:22
2752 verbose fetch to= C:\Users\jerry\AppData\Local\Temp\npm-2864-W0YXzXam\registry.npmjs.org\svgo\-\svgo-4.1.0.tgz
2753 silly lockFile 3bf1d683-ry-npmjs-org-dset-dset-3-1-4-tgz https://registry.npmjs.org/dset/-/dset-3.1.4.tgz
2754 silly lockFile 3bf1d683-ry-npmjs-org-dset-dset-3-1-4-tgz https://registry.npmjs.org/dset/-/dset-3.1.4.tgz
2755 silly addNameRange number 2 { name: 'package-manager-detector',
2755 silly addNameRange   range: '>=1.6.0-0 <2.0.0-0',
2755 silly addNameRange   hasData: true }
2756 silly addNameRange versions [ 'package-manager-detector',
2756 silly addNameRange   [ '0.0.1',
2756 silly addNameRange     '0.1.0',
2756 silly addNameRange     '0.1.1',
2756 silly addNameRange     '0.1.2',
2756 silly addNameRange     '0.2.0',
2756 silly addNameRange     '0.2.1',
2756 silly addNameRange     '0.2.2',
2756 silly addNameRange     '0.2.4',
2756 silly addNameRange     '0.2.5',
2756 silly addNameRange     '0.2.6',
2756 silly addNameRange     '0.2.7',
2756 silly addNameRange     '0.2.8',
2756 silly addNameRange     '0.2.9',
2756 silly addNameRange     '0.2.10',
2756 silly addNameRange     '0.2.11',
2756 silly addNameRange     '1.0.0',
2756 silly addNameRange     '1.1.0',
2756 silly addNameRange     '1.2.0',
2756 silly addNameRange     '1.3.0',
2756 silly addNameRange     '1.4.0',
2756 silly addNameRange     '1.4.1',
2756 silly addNameRange     '1.5.0',
2756 silly addNameRange     '1.6.0',
2756 silly addNameRange     '1.7.0',
2756 silly addNameRange     '1.8.0' ] ]
2757 verbose addNamed [ 'package-manager-detector', '1.8.0' ]
2758 verbose addNamed [ '1.8.0', '1.8.0' ]
2759 silly lockFile 220691f8-package-manager-detector-1-8-0 package-manager-detector@1.8.0
2760 verbose lock package-manager-detector@1.8.0 C:\Users\jerry\AppData\Roaming\npm-cache\220691f8-package-manager-detector-1-8-0.lock
2761 silly lockFile 23bbdeb2-l-escaper-html-escaper-3-0-3-tgz https://registry.npmjs.org/html-escaper/-/html-escaper-3.0.3.tgz
2762 silly lockFile 23bbdeb2-l-escaper-html-escaper-3-0-3-tgz https://registry.npmjs.org/html-escaper/-/html-escaper-3.0.3.tgz
2763 silly lockFile a44204d7-js-org-js-yaml-js-yaml-4-3-2-tgz https://registry.npmjs.org/js-yaml/-/js-yaml-4.3.2.tgz
2764 verbose lock https://registry.npmjs.org/js-yaml/-/js-yaml-4.3.2.tgz C:\Users\jerry\AppData\Roaming\npm-cache\a44204d7-js-org-js-yaml-js-yaml-4-3-2-tgz.lock
2765 silly lockFile a18a59c0-rg-piccolore-piccolore-0-1-3-tgz https://registry.npmjs.org/piccolore/-/piccolore-0.1.3.tgz
2766 verbose lock https://registry.npmjs.org/piccolore/-/piccolore-0.1.3.tgz C:\Users\jerry\AppData\Roaming\npm-cache\a18a59c0-rg-piccolore-piccolore-0-1-3-tgz.lock
2767 info retry fetch attempt 1 at 16:50:22
2768 verbose fetch to= C:\Users\jerry\AppData\Local\Temp\npm-2864-W0YXzXam\registry.npmjs.org\deterministic-object-hash\-\deterministic-object-hash-2.0.2.tgz
2769 silly lockFile 40d6e534-github-slugger-2-0-0 github-slugger@2.0.0
2770 silly lockFile 40d6e534-github-slugger-2-0-0 github-slugger@2.0.0
2771 silly lockFile af7bbf6f-dset-3-1-4 dset@3.1.4
2772 silly lockFile af7bbf6f-dset-3-1-4 dset@3.1.4
2773 silly lockFile 9682b9e8-html-escaper-3-0-3 html-escaper@3.0.3
2774 silly lockFile 9682b9e8-html-escaper-3-0-3 html-escaper@3.0.3
2775 silly addNameRange number 2 { name: 'unist-util-visit',
2775 silly addNameRange   range: '>=5.0.0-0 <6.0.0-0',
2775 silly addNameRange   hasData: true }
2776 silly addNameRange versions [ 'unist-util-visit',
2776 silly addNameRange   [ '1.0.0',
2776 silly addNameRange     '1.0.1',
2776 silly addNameRange     '1.1.0',
2776 silly addNameRange     '1.1.1',
2776 silly addNameRange     '1.1.2',
2776 silly addNameRange     '1.1.3',
2776 silly addNameRange     '1.2.0',
2776 silly addNameRange     '1.3.0',
2776 silly addNameRange     '1.3.1',
2776 silly addNameRange     '1.4.0',
2776 silly addNameRange     '1.4.1',
2776 silly addNameRange     '2.0.0',
2776 silly addNameRange     '2.0.1',
2776 silly addNameRange     '2.0.2',
2776 silly addNameRange     '2.0.3',
2776 silly addNameRange     '3.0.0',
2776 silly addNameRange     '3.0.1',
2776 silly addNameRange     '3.1.0',
2776 silly addNameRange     '4.0.0',
2776 silly addNameRange     '4.1.0',
2776 silly addNameRange     '4.1.1',
2776 silly addNameRange     '4.1.2',
2776 silly addNameRange     '5.0.0',
2776 silly addNameRange     '5.1.0' ] ]
2777 verbose addNamed [ 'unist-util-visit', '5.1.0' ]
2778 verbose addNamed [ '5.1.0', '5.1.0' ]
2779 silly lockFile 6d7906c0-unist-util-visit-5-1-0 unist-util-visit@5.1.0
2780 verbose lock unist-util-visit@5.1.0 C:\Users\jerry\AppData\Roaming\npm-cache\6d7906c0-unist-util-visit-5-1-0.lock
2781 silly lockFile 014cbb61-js-org-fontace-fontace-0-4-1-tgz https://registry.npmjs.org/fontace/-/fontace-0.4.1.tgz
2782 silly lockFile 014cbb61-js-org-fontace-fontace-0-4-1-tgz https://registry.npmjs.org/fontace/-/fontace-0.4.1.tgz
2783 silly lockFile 6f76c7dc-ry-npmjs-org-clsx-clsx-2-1-1-tgz https://registry.npmjs.org/clsx/-/clsx-2.1.1.tgz
2784 silly lockFile 6f76c7dc-ry-npmjs-org-clsx-clsx-2-1-1-tgz https://registry.npmjs.org/clsx/-/clsx-2.1.1.tgz
2785 http 200 https://registry.npmjs.org/picomatch/-/picomatch-4.0.7.tgz
2786 http GET https://registry.npmjs.org/unstorage/-/unstorage-1.17.5.tgz
2787 http GET https://registry.npmjs.org/svgo/-/svgo-4.1.0.tgz
2788 silly lockFile da9fbfda-github-slugger-2-0-0 github-slugger@^2.0.0
2789 silly lockFile da9fbfda-github-slugger-2-0-0 github-slugger@^2.0.0
2790 silly addNameRange number 2 { name: 'prompts', range: '>=2.4.2-0 <3.0.0-0', hasData: true }
2791 silly addNameRange versions [ 'prompts',
2791 silly addNameRange   [ '0.0.0',
2791 silly addNameRange     '0.1.0-1',
2791 silly addNameRange     '0.1.0',
2791 silly addNameRange     '0.1.1',
2791 silly addNameRange     '0.1.2',
2791 silly addNameRange     '0.1.3',
2791 silly addNameRange     '0.1.4',
2791 silly addNameRange     '0.1.5',
2791 silly addNameRange     '0.1.6',
2791 silly addNameRange     '0.1.7',
2791 silly addNameRange     '0.1.8',
2791 silly addNameRange     '0.1.9',
2791 silly addNameRange     '0.1.10',
2791 silly addNameRange     '0.1.11',
2791 silly addNameRange     '0.1.12',
2791 silly addNameRange     '0.1.13',
2791 silly addNameRange     '0.1.14',
2791 silly addNameRange     '1.0.0',
2791 silly addNameRange     '1.1.0',
2791 silly addNameRange     '1.1.1',
2791 silly addNameRange     '1.2.0',
2791 silly addNameRange     '1.2.1',
2791 silly addNameRange     '2.0.0',
2791 silly addNameRange     '2.0.1',
2791 silly addNameRange     '2.0.2',
2791 silly addNameRange     '2.0.3',
2791 silly addNameRange     '2.0.4',
2791 silly addNameRange     '2.1.0',
2791 silly addNameRange     '2.2.0',
2791 silly addNameRange     '2.2.1',
2791 silly addNameRange     '2.3.0',
2791 silly addNameRange     '2.3.1',
2791 silly addNameRange     '2.3.2',
2791 silly addNameRange     '2.4.0',
2791 silly addNameRange     '2.4.1',
2791 silly addNameRange     '2.4.2' ] ]
2792 verbose addNamed [ 'prompts', '2.4.2' ]
2793 verbose addNamed [ '2.4.2', '2.4.2' ]
2794 silly lockFile 4dc9b363-prompts-2-4-2 prompts@2.4.2
2795 verbose lock prompts@2.4.2 C:\Users\jerry\AppData\Roaming\npm-cache\4dc9b363-prompts-2-4-2.lock
2796 silly lockFile a04bebfe-dset-3-1-4 dset@^3.1.4
2797 silly lockFile a04bebfe-dset-3-1-4 dset@^3.1.4
2798 verbose addRemoteTarball [ 'https://registry.npmjs.org/js-yaml/-/js-yaml-4.3.2.tgz',
2798 verbose addRemoteTarball   '8e44fb14a2643c59726bb15787b5f1512cb3d3fb' ]
2799 verbose addRemoteTarball [ 'https://registry.npmjs.org/piccolore/-/piccolore-0.1.3.tgz',
2799 verbose addRemoteTarball   'ef33f6180e6a37b35fe12a45765a900171cfaedc' ]
2800 silly lockFile 154e1fe7-fontace-0-4-1 fontace@0.4.1
2801 silly lockFile 154e1fe7-fontace-0-4-1 fontace@0.4.1
2802 silly lockFile 0c6348bb-clsx-2-1-1 clsx@2.1.1
2803 silly lockFile 0c6348bb-clsx-2-1-1 clsx@2.1.1
2804 silly lockFile 3cfa37cb-rg-smol-toml-smol-toml-1-8-0-tgz https://registry.npmjs.org/smol-toml/-/smol-toml-1.8.0.tgz
2805 verbose lock https://registry.npmjs.org/smol-toml/-/smol-toml-1.8.0.tgz C:\Users\jerry\AppData\Roaming\npm-cache\3cfa37cb-rg-smol-toml-smol-toml-1-8-0-tgz.lock
2806 info retry fetch attempt 1 at 16:50:22
2807 verbose fetch to= C:\Users\jerry\AppData\Local\Temp\npm-2864-W0YXzXam\registry.npmjs.org\yocto-spinner\-\yocto-spinner-0.2.3.tgz
2808 http GET https://registry.npmjs.org/deterministic-object-hash/-/deterministic-object-hash-2.0.2.tgz
2809 silly lockFile 1c6d21ba-ckage-manager-detector-1-8-0-tgz https://registry.npmjs.org/package-manager-detector/-/package-manager-detector-1.8.0.tgz
2810 verbose lock https://registry.npmjs.org/package-manager-detector/-/package-manager-detector-1.8.0.tgz C:\Users\jerry\AppData\Roaming\npm-cache\1c6d21ba-ckage-manager-detector-1-8-0-tgz.lock
2811 silly addNameRange number 2 { name: 'vfile', range: '>=6.0.3-0 <7.0.0-0', hasData: true }
2812 silly addNameRange versions [ 'vfile',
2812 silly addNameRange   [ '1.0.0',
2812 silly addNameRange     '1.0.1',
2812 silly addNameRange     '1.1.0',
2812 silly addNameRange     '1.1.1',
2812 silly addNameRange     '1.1.2',
2812 silly addNameRange     '1.2.0',
2812 silly addNameRange     '1.3.1',
2812 silly addNameRange     '1.4.0',
2812 silly addNameRange     '2.0.0',
2812 silly addNameRange     '2.0.1',
2812 silly addNameRange     '2.1.0',
2812 silly addNameRange     '2.2.0',
2812 silly addNameRange     '2.3.0',
2812 silly addNameRange     '3.0.0',
2812 silly addNameRange     '3.0.1',
2812 silly addNameRange     '4.0.0',
2812 silly addNameRange     '4.0.1',
2812 silly addNameRange     '4.0.2',
2812 silly addNameRange     '4.0.3',
2812 silly addNameRange     '4.1.0',
2812 silly addNameRange     '4.1.1',
2812 silly addNameRange     '4.2.0',
2812 silly addNameRange     '4.2.1',
2812 silly addNameRange     '5.0.0',
2812 silly addNameRange     '5.0.1',
2812 silly addNameRange     '5.0.2',
2812 silly addNameRange     '5.1.0',
2812 silly addNameRange     '5.1.1',
2812 silly addNameRange     '5.2.0',
2812 silly addNameRange     '5.2.1',
2812 silly addNameRange     '5.3.0',
2812 silly addNameRange     '5.3.1',
2812 silly addNameRange     '5.3.2',
2812 silly addNameRange     '5.3.3',
2812 silly addNameRange     '5.3.4',
2812 silly addNameRange     '5.3.5',
2812 silly addNameRange     '5.3.6',
2812 silly addNameRange     '5.3.7',
2812 silly addNameRange     '6.0.0',
2812 silly addNameRange     '6.0.1',
2812 silly addNameRange     '6.0.2',
2812 silly addNameRange     '6.0.3' ] ]
2813 verbose addNamed [ 'vfile', '6.0.3' ]
2814 verbose addNamed [ '6.0.3', '6.0.3' ]
2815 silly lockFile 9419d301-vfile-6-0-3 vfile@6.0.3
2816 verbose lock vfile@6.0.3 C:\Users\jerry\AppData\Roaming\npm-cache\9419d301-vfile-6-0-3.lock
2817 silly lockFile 4f25a20a-fontace-0-4-0 fontace@~0.4.0
2818 silly lockFile 4f25a20a-fontace-0-4-0 fontace@~0.4.0
2819 silly lockFile 0fe28845-clsx-2-1-1 clsx@^2.1.1
2820 silly lockFile 0fe28845-clsx-2-1-1 clsx@^2.1.1
2821 silly lockFile 0b8f9147-visit-unist-util-visit-5-1-0-tgz https://registry.npmjs.org/unist-util-visit/-/unist-util-visit-5.1.0.tgz
2822 verbose lock https://registry.npmjs.org/unist-util-visit/-/unist-util-visit-5.1.0.tgz C:\Users\jerry\AppData\Roaming\npm-cache\0b8f9147-visit-unist-util-visit-5-1-0-tgz.lock
2823 verbose addRemoteTarball [ 'https://registry.npmjs.org/smol-toml/-/smol-toml-1.8.0.tgz',
2823 verbose addRemoteTarball   'dc5e0936825f1fef37bdf2c569081f709d8a009f' ]
2824 http GET https://registry.npmjs.org/yocto-spinner/-/yocto-spinner-0.2.3.tgz
2825 silly lockFile ef229fce-js-org-prompts-prompts-2-4-2-tgz https://registry.npmjs.org/prompts/-/prompts-2.4.2.tgz
2826 verbose lock https://registry.npmjs.org/prompts/-/prompts-2.4.2.tgz C:\Users\jerry\AppData\Roaming\npm-cache\ef229fce-js-org-prompts-prompts-2-4-2-tgz.lock
2827 verbose addRemoteTarball [ 'https://registry.npmjs.org/package-manager-detector/-/package-manager-detector-1.8.0.tgz',
2827 verbose addRemoteTarball   '70c9a2c4bd1a513dcd6cad006a9fcebec22a1253' ]
2828 http 200 https://registry.npmjs.org/magic-string/-/magic-string-0.30.21.tgz
2829 http 200 https://registry.npmjs.org/zod-to-json-schema/-/zod-to-json-schema-3.25.2.tgz
2830 http 200 https://registry.npmjs.org/neotraverse/-/neotraverse-0.6.18.tgz
2831 http 200 https://registry.npmjs.org/p-limit/-/p-limit-6.2.0.tgz
2832 http 200 https://registry.npmjs.org/svgo/-/svgo-4.1.0.tgz
2833 http 200 https://registry.npmjs.org/deterministic-object-hash/-/deterministic-object-hash-2.0.2.tgz
2834 http 200 https://registry.npmjs.org/unstorage/-/unstorage-1.17.5.tgz
2835 http 200 https://registry.npmjs.org/xxhash-wasm/-/xxhash-wasm-1.1.0.tgz
2836 http 200 https://registry.npmjs.org/semver
2837 silly registry.get cb [ 200,
2837 silly registry.get   { date: 'Mon, 14 Sep 2026 20:50:20 GMT',
2837 silly registry.get     'content-type': 'application/json',
2837 silly registry.get     'transfer-encoding': 'chunked',
2837 silly registry.get     connection: 'close',
2837 silly registry.get     'set-cookie':
2837 silly registry.get      [ '__cf_bm=aBvzJ47PwLN8fMQxBMff1zVgR43wJWQpCVD_e3LAe7A-1789419020.9488895-1.0.1.1-NwJ2bHV0aidW_tgYu4j.e_.0Ws6Wr90WLrLHbllEf8zf07vkUpA5v9uy8flJz4YGMnghIDIiiFInR8cbrfQQPzwVmLJ0kN5q_1GthzoDYOVCiidNmYTeBBJ7U5qBHJzH; HttpOnly; SameSite=None; Secure; Path=/; Domain=npmjs.org; Expires=Mon, 14 Sep 2026 21:20:20 GMT',
2837 silly registry.get        '_cfuvid=F_.ViYt.xJCE3vQDbzmh59YICSDFKnSWszcdQ6HekU8-1789419020.9488895-1.0.1.1-5_X6BiHRBHu4rTjSDZeg5OMQ3.g5lBhlTPCc1wKvF28; HttpOnly; SameSite=None; Secure; Path=/; Domain=npmjs.org' ],
2837 silly registry.get     'cf-ray': 'a3b24370e92eefbc-IAD',
2837 silly registry.get     'cf-cache-status': 'HIT',
2837 silly registry.get     'access-control-allow-origin': '*',
2837 silly registry.get     age: '117',
2837 silly registry.get     'cache-control': 'public, max-age=300',
2837 silly registry.get     vary: 'accept-encoding, accept',
2837 silly registry.get     'last-modified': 'Wed, 09 Sep 2026 20:11:29 GMT',
2837 silly registry.get     server: 'cloudflare',
2837 silly registry.get     etag: 'W/"208b026b29ad96dceaf075a1a77d7df1"',
2837 silly registry.get     'content-encoding': 'gzip' } ]
2838 info retry fetch attempt 1 at 16:50:22
2839 verbose fetch to= C:\Users\jerry\AppData\Local\Temp\npm-2864-W0YXzXam\registry.npmjs.org\js-yaml\-\js-yaml-4.3.2.tgz
2840 info retry fetch attempt 1 at 16:50:22
2841 verbose fetch to= C:\Users\jerry\AppData\Local\Temp\npm-2864-W0YXzXam\registry.npmjs.org\piccolore\-\piccolore-0.1.3.tgz
2842 silly lockFile 2acccb5b--npmjs-org-vfile-vfile-6-0-3-tgz https://registry.npmjs.org/vfile/-/vfile-6.0.3.tgz
2843 verbose lock https://registry.npmjs.org/vfile/-/vfile-6.0.3.tgz C:\Users\jerry\AppData\Roaming\npm-cache\2acccb5b--npmjs-org-vfile-vfile-6-0-3-tgz.lock
2844 verbose addRemoteTarball [ 'https://registry.npmjs.org/unist-util-visit/-/unist-util-visit-5.1.0.tgz',
2844 verbose addRemoteTarball   '9a2a28b0aa76a15e0da70a08a5863a2f060e2468' ]
2845 silly addNameRange number 2 { name: 'p-queue', range: '>=8.1.1-0 <9.0.0-0', hasData: true }
2846 silly addNameRange versions [ 'p-queue',
2846 silly addNameRange   [ '0.0.0',
2846 silly addNameRange     '0.1.0',
2846 silly addNameRange     '0.2.0',
2846 silly addNameRange     '1.0.0',
2846 silly addNameRange     '1.1.0',
2846 silly addNameRange     '1.2.0',
2846 silly addNameRange     '2.0.0',
2846 silly addNameRange     '2.1.0',
2846 silly addNameRange     '2.2.0',
2846 silly addNameRange     '2.3.0',
2846 silly addNameRange     '2.3.1',
2846 silly addNameRange     '2.4.0',
2846 silly addNameRange     '2.4.1',
2846 silly addNameRange     '2.4.2',
2846 silly addNameRange     '3.0.0',
2846 silly addNameRange     '3.1.0',
2846 silly addNameRange     '3.2.0',
2846 silly addNameRange     '4.0.0',
2846 silly addNameRange     '5.0.0',
2846 silly addNameRange     '6.0.0',
2846 silly addNameRange     '6.0.1',
2846 silly addNameRange     '6.0.2',
2846 silly addNameRange     '6.1.0',
2846 silly addNameRange     '6.1.1',
2846 silly addNameRange     '6.2.0',
2846 silly addNameRange     '6.2.1',
2846 silly addNameRange     '6.3.0',
2846 silly addNameRange     '6.4.0',
2846 silly addNameRange     '6.5.0',
2846 silly addNameRange     '6.6.0',
2846 silly addNameRange     '6.6.1',
2846 silly addNameRange     '6.6.2',
2846 silly addNameRange     '7.0.0',
2846 silly addNameRange     '7.1.0',
2846 silly addNameRange     '7.2.0',
2846 silly addNameRange     '7.3.0',
2846 silly addNameRange     '7.3.1',
2846 silly addNameRange     '7.3.2',
2846 silly addNameRange     '7.3.3',
2846 silly addNameRange     '7.3.4',
2846 silly addNameRange     '7.4.0',
2846 silly addNameRange     '7.4.1',
2846 silly addNameRange     '8.0.0',
2846 silly addNameRange     '8.0.1',
2846 silly addNameRange     '8.1.0',
2846 silly addNameRange     '8.1.1',
2846 silly addNameRange     '9.0.0',
2846 silly addNameRange     '9.0.1',
2846 silly addNameRange     '9.1.0',
2846 silly addNameRange     '9.1.1',
2846 silly addNameRange     '9.1.2',
2846 silly addNameRange     '9.2.0',
2846 silly addNameRange     '9.3.0',
2846 silly addNameRange     '9.3.1',
2846 silly addNameRange     '9.3.2',
2846 silly addNameRange     '9.3.3' ] ]
2847 verbose addNamed [ 'p-queue', '8.1.1' ]
2848 verbose addNamed [ '8.1.1', '8.1.1' ]
2849 silly lockFile 63e24b7c-p-queue-8-1-1 p-queue@8.1.1
2850 verbose lock p-queue@8.1.1 C:\Users\jerry\AppData\Roaming\npm-cache\63e24b7c-p-queue-8-1-1.lock
2851 silly addNameRange number 2 { name: 'shiki', range: '>=3.21.0-0 <4.0.0-0', hasData: true }
2852 silly addNameRange versions [ 'shiki',
2852 silly addNameRange   [ '0.0.1',
2852 silly addNameRange     '0.0.2',
2852 silly addNameRange     '0.0.2-next',
2852 silly addNameRange     '0.0.3-next.1',
2852 silly addNameRange     '0.0.3-next.2',
2852 silly addNameRange     '0.0.3-next.3',
2852 silly addNameRange     '0.0.4',
2852 silly addNameRange     '0.0.5',
2852 silly addNameRange     '0.0.6',
2852 silly addNameRange     '0.1.0',
2852 silly addNameRange     '0.1.1',
2852 silly addNameRange     '0.1.2',
2852 silly addNameRange     '0.1.4',
2852 silly addNameRange     '0.1.5',
2852 silly addNameRange     '0.1.6',
2852 silly addNameRange     '0.1.7',
2852 silly addNameRange     '0.2.0',
2852 silly addNameRange     '0.2.1',
2852 silly addNameRange     '0.2.2',
2852 silly addNameRange     '0.2.3',
2852 silly addNameRange     '0.2.4',
2852 silly addNameRange     '0.2.5',
2852 silly addNameRange     '0.2.6',
2852 silly addNameRange     '0.2.7',
2852 silly addNameRange     '0.9.0',
2852 silly addNameRange     '0.9.1',
2852 silly addNameRange     '0.9.2',
2852 silly addNameRange     '0.9.3',
2852 silly addNameRange     '0.9.4',
2852 silly addNameRange     '0.9.5',
2852 silly addNameRange     '0.9.6',
2852 silly addNameRange     '0.9.7',
2852 silly addNameRange     '0.9.8',
2852 silly addNameRange     '0.9.9',
2852 silly addNameRange     '0.9.10',
2852 silly addNameRange     '0.9.11',
2852 silly addNameRange     '0.9.12',
2852 silly addNameRange     '0.9.13',
2852 silly addNameRange     '0.9.14',
2852 silly addNameRange     '0.9.15',
2852 silly addNameRange     '0.10.0',
2852 silly addNameRange     '0.10.1',
2852 silly addNameRange     '0.11.0',
2852 silly addNameRange     '0.11.1',
2852 silly addNameRange     '0.12.0',
2852 silly addNameRange     '0.12.1',
2852 silly addNameRange     '0.13.0',
2852 silly addNameRange     '0.14.0',
2852 silly addNameRange     '0.14.1',
2852 silly addNameRange     '0.14.2',
2852 silly addNameRange     '0.14.3',
2852 silly addNameRange     '0.14.4',
2852 silly addNameRange     '0.14.5',
2852 silly addNameRange     '0.14.6',
2852 silly addNameRange     '0.14.7',
2852 silly addNameRange     '1.0.0-beta.0',
2852 silly addNameRange     '1.0.0-beta.1',
2852 silly addNameRange     '1.0.0-beta.2',
2852 silly addNameRange     '1.0.0-beta.3',
2852 silly addNameRange     '1.0.0-beta.4',
2852 silly addNameRange     '1.0.0-beta.5',
2852 silly addNameRange     '1.0.0-beta.6',
2852 silly addNameRange     '1.0.0-rc.0',
2852 silly addNameRange     '1.0.0',
2852 silly addNameRange     '1.1.0',
2852 silly addNameRange     '1.1.1',
2852 silly addNameRange     '1.1.2',
2852 silly addNameRange     '1.1.3',
2852 silly addNameRange     '1.1.4',
2852 silly addNameRange     '1.1.5',
2852 silly addNameRange     '1.1.6',
2852 silly addNameRange     '1.1.7',
2852 silly addNameRange     '1.2.0',
2852 silly addNameRange     '1.2.1',
2852 silly addNameRange     '1.2.2',
2852 silly addNameRange     '1.2.3',
2852 silly addNameRange     '1.2.4',
2852 silly addNameRange     '1.3.0',
2852 silly addNameRange     '1.4.0',
2852 silly addNameRange     '1.5.0',
2852 silly addNameRange     '1.5.1',
2852 silly addNameRange     '1.5.2',
2852 silly addNameRange     '1.6.0',
2852 silly addNameRange     '1.6.1',
2852 silly addNameRange     '1.6.2',
2852 silly addNameRange     '1.6.3',
2852 silly addNameRange     '1.6.4',
2852 silly addNameRange     '1.6.5',
2852 silly addNameRange     '1.7.0',
2852 silly addNameRange     '1.8.0',
2852 silly addNameRange     '1.9.0',
2852 silly addNameRange     '1.9.1',
2852 silly addNameRange     '1.10.0',
2852 silly addNameRange     '1.10.1',
2852 silly addNameRange     '1.10.2',
2852 silly addNameRange     '1.10.3',
2852 silly addNameRange     '1.11.0',
2852 silly addNameRange     '1.11.1',
2852 silly addNameRange     '1.11.2',
2852 silly addNameRange     '1.12.0',
2852 silly addNameRange     '1.12.1',
2852 silly addNameRange     '1.13.0',
2852 silly addNameRange     '1.14.0',
2852 silly addNameRange     '1.14.1',
2852 silly addNameRange     '1.15.0',
2852 silly addNameRange     '1.15.1',
2852 silly addNameRange     '1.15.2',
2852 silly addNameRange     '1.16.0',
2852 silly addNameRange     '1.16.1',
2852 silly addNameRange     '1.16.2',
2852 silly addNameRange     '1.16.3',
2852 silly addNameRange     '1.17.0',
2852 silly addNameRange     '1.17.4',
2852 silly addNameRange     '1.17.5',
2852 silly addNameRange     '1.17.6',
2852 silly addNameRange     '1.17.7',
2852 silly addNameRange     '1.18.0',
2852 silly addNameRange     '1.19.0',
2852 silly addNameRange     '1.20.0',
2852 silly addNameRange     '1.21.0',
2852 silly addNameRange     '1.21.1',
2852 silly addNameRange     '1.22.0',
2852 silly addNameRange     '1.22.1',
2852 silly addNameRange     '1.22.2',
2852 silly addNameRange     '1.23.0',
2852 silly addNameRange     '1.23.1',
2852 silly addNameRange     '1.24.0',
2852 silly addNameRange     '1.24.1',
2852 silly addNameRange     '1.24.2',
2852 silly addNameRange     '1.24.3',
2852 silly addNameRange     '1.24.4',
2852 silly addNameRange     '1.25.0',
2852 silly addNameRange     '1.25.1',
2852 silly addNameRange     '1.26.0',
2852 silly addNameRange     '1.26.1',
2852 silly addNameRange     '1.26.2',
2852 silly addNameRange     '1.27.0',
2852 silly addNameRange     '1.27.1',
2852 silly addNameRange     '1.27.2',
2852 silly addNameRange     '1.28.0',
2852 silly addNameRange     '1.29.0',
2852 silly addNameRange     '1.29.1',
2852 silly addNameRange     '2.0.0',
2852 silly addNameRange     '2.0.1',
2852 silly addNameRange     '2.0.2',
2852 silly addNameRange     '2.0.3',
2852 silly addNameRange     '2.1.0',
2852 silly addNameRange     '1.29.2',
2852 silly addNameRange     '2.2.0',
2852 silly addNameRange     '2.3.0',
2852 silly addNameRange     '2.3.1',
2852 silly addNameRange     '2.3.2',
2852 silly addNameRange     '2.4.0',
2852 silly addNameRange     '2.4.1',
2852 silly addNameRange     '2.4.2',
2852 silly addNameRange     '2.5.0',
2852 silly addNameRange     '3.0.0',
2852 silly addNameRange     '3.1.0',
2852 silly addNameRange     '3.2.0',
2852 silly addNameRange     '3.2.1',
2852 silly addNameRange     '3.2.2',
2852 silly addNameRange     '3.3.0',
2852 silly addNameRange     '3.4.0',
2852 silly addNameRange     '3.4.1',
2852 silly addNameRange     '3.4.2',
2852 silly addNameRange     '3.5.0',
2852 silly addNameRange     '3.6.0',
2852 silly addNameRange     '3.7.0',
2852 silly addNameRange     '3.8.0',
2852 silly addNameRange     '3.8.1',
2852 silly addNameRange     '3.9.0',
2852 silly addNameRange     '3.9.1',
2852 silly addNameRange     '3.9.2',
2852 silly addNameRange     '3.10.0',
2852 silly addNameRange     '3.11.0',
2852 silly addNameRange     '3.12.0',
2852 silly addNameRange     '3.12.1',
2852 silly addNameRange     '3.12.2',
2852 silly addNameRange     '3.12.3',
2852 silly addNameRange     '3.13.0',
2852 silly addNameRange     '3.14.0',
2852 silly addNameRange     '3.15.0',
2852 silly addNameRange     '3.16.0',
2852 silly addNameRange     '3.17.0',
2852 silly addNameRange     '3.17.1',
2852 silly addNameRange     '3.18.0',
2852 silly addNameRange     '3.19.0',
2852 silly addNameRange     '3.20.0',
2852 silly addNameRange     '3.21.0',
2852 silly addNameRange     '3.22.0',
2852 silly addNameRange     '3.23.0',
2852 silly addNameRange     '4.0.0',
2852 silly addNameRange     '4.0.1',
2852 silly addNameRange     '4.0.2',
2852 silly addNameRange     '4.1.0',
2852 silly addNameRange     '4.2.0',
2852 silly addNameRange     '4.3.0',
2852 silly addNameRange     '4.3.1',
2852 silly addNameRange     '4.4.0',
2852 silly addNameRange     '4.4.1',
2852 silly addNameRange     '4.4.2',
2852 silly addNameRange     '4.4.3' ] ]
2853 verbose addNamed [ 'shiki', '3.23.0' ]
2854 verbose addNamed [ '3.23.0', '3.23.0' ]
2855 silly lockFile 72ca99c9-shiki-3-23-0 shiki@3.23.0
2856 verbose lock shiki@3.23.0 C:\Users\jerry\AppData\Roaming\npm-cache\72ca99c9-shiki-3-23-0.lock
2857 verbose addRemoteTarball [ 'https://registry.npmjs.org/prompts/-/prompts-2.4.2.tgz',
2857 verbose addRemoteTarball   '7b57e73b3a48029ad10ebd44f74b01722a4cb069' ]
2858 http GET https://registry.npmjs.org/js-yaml/-/js-yaml-4.3.2.tgz
2859 http GET https://registry.npmjs.org/piccolore/-/piccolore-0.1.3.tgz
2860 silly lockFile a826b774-js-org-ci-info-ci-info-4-4-0-tgz https://registry.npmjs.org/ci-info/-/ci-info-4.4.0.tgz
2861 silly lockFile a826b774-js-org-ci-info-ci-info-4-4-0-tgz https://registry.npmjs.org/ci-info/-/ci-info-4.4.0.tgz
2862 http 200 https://registry.npmjs.org/yargs-parser
2863 silly registry.get cb [ 200,
2863 silly registry.get   { date: 'Mon, 14 Sep 2026 20:50:20 GMT',
2863 silly registry.get     'content-type': 'application/json',
2863 silly registry.get     'transfer-encoding': 'chunked',
2863 silly registry.get     connection: 'close',
2863 silly registry.get     'set-cookie':
2863 silly registry.get      [ '__cf_bm=e6vRywKeE2S8OswcPTdOwrVFV4Z91yinE07kgJ.CtuE-1789419020.9769185-1.0.1.1-WYAA9tojaaungK2bw9OcRlCrotQ_UjZBHAIVwmLmrndXj4Upl1Kho0z_uHJOrBpA1WHsNaxVkXEb4NvRKZKGTZu9VYqyIu.oeNH61iElYKs69RHDg3p8WJ0ZAcw0TKse; HttpOnly; SameSite=None; Secure; Path=/; Domain=npmjs.org; Expires=Mon, 14 Sep 2026 21:20:20 GMT',
2863 silly registry.get        '_cfuvid=0g7q3ilRFpGv8pqRSQHk6bCOshi3X9VSNLXOUJLen6I-1789419020.9769185-1.0.1.1-ZzoiLnYd.FHU0fVfDnuIOLM2KfbzXRmHEOuK_YVWrhQ; HttpOnly; SameSite=None; Secure; Path=/; Domain=npmjs.org' ],
2863 silly registry.get     'cf-ray': 'a3b243711e65c981-IAD',
2863 silly registry.get     'cf-cache-status': 'HIT',
2863 silly registry.get     'access-control-allow-origin': '*',
2863 silly registry.get     age: '197',
2863 silly registry.get     'cache-control': 'public, max-age=300',
2863 silly registry.get     vary: 'accept-encoding, accept',
2863 silly registry.get     'last-modified': 'Thu, 20 Aug 2026 21:27:57 GMT',
2863 silly registry.get     server: 'cloudflare',
2863 silly registry.get     etag: 'W/"cb4ae2048d4aa232018974ccddefe2a0"',
2863 silly registry.get     'content-encoding': 'gzip' } ]
2864 verbose addRemoteTarball [ 'https://registry.npmjs.org/vfile/-/vfile-6.0.3.tgz',
2864 verbose addRemoteTarball   '3652ab1c496531852bf55a6bac57af981ebc38ab' ]
2865 info retry fetch attempt 1 at 16:50:22
2866 verbose fetch to= C:\Users\jerry\AppData\Local\Temp\npm-2864-W0YXzXam\registry.npmjs.org\smol-toml\-\smol-toml-1.8.0.tgz
2867 info retry fetch attempt 1 at 16:50:22
2868 verbose fetch to= C:\Users\jerry\AppData\Local\Temp\npm-2864-W0YXzXam\registry.npmjs.org\package-manager-detector\-\package-manager-detector-1.8.0.tgz
2869 silly lockFile 4d1c5d55-ci-info-4-4-0 ci-info@4.4.0
2870 silly lockFile 4d1c5d55-ci-info-4-4-0 ci-info@4.4.0
2871 silly lockFile fc3ba4a5-pmjs-org-mrmime-mrmime-2-0-1-tgz https://registry.npmjs.org/mrmime/-/mrmime-2.0.1.tgz
2872 silly lockFile fc3ba4a5-pmjs-org-mrmime-mrmime-2-0-1-tgz https://registry.npmjs.org/mrmime/-/mrmime-2.0.1.tgz
2873 silly lockFile e215cf22-js-org-p-queue-p-queue-8-1-1-tgz https://registry.npmjs.org/p-queue/-/p-queue-8.1.1.tgz
2874 verbose lock https://registry.npmjs.org/p-queue/-/p-queue-8.1.1.tgz C:\Users\jerry\AppData\Roaming\npm-cache\e215cf22-js-org-p-queue-p-queue-8-1-1-tgz.lock
2875 silly lockFile 0b2c1e36-pmjs-org-cookie-cookie-1-1-1-tgz https://registry.npmjs.org/cookie/-/cookie-1.1.1.tgz
2876 silly lockFile 0b2c1e36-pmjs-org-cookie-cookie-1-1-1-tgz https://registry.npmjs.org/cookie/-/cookie-1.1.1.tgz
2877 info retry fetch attempt 1 at 16:50:22
2878 verbose fetch to= C:\Users\jerry\AppData\Local\Temp\npm-2864-W0YXzXam\registry.npmjs.org\unist-util-visit\-\unist-util-visit-5.1.0.tgz
2879 silly lockFile 60924ed6-npmjs-org-shiki-shiki-3-23-0-tgz https://registry.npmjs.org/shiki/-/shiki-3.23.0.tgz
2880 verbose lock https://registry.npmjs.org/shiki/-/shiki-3.23.0.tgz C:\Users\jerry\AppData\Roaming\npm-cache\60924ed6-npmjs-org-shiki-shiki-3-23-0-tgz.lock
2881 silly lockFile 254ebbf1-ci-info-4-3-1 ci-info@^4.3.1
2882 silly lockFile 254ebbf1-ci-info-4-3-1 ci-info@^4.3.1
2883 info retry fetch attempt 1 at 16:50:22
2884 verbose fetch to= C:\Users\jerry\AppData\Local\Temp\npm-2864-W0YXzXam\registry.npmjs.org\prompts\-\prompts-2.4.2.tgz
2885 http GET https://registry.npmjs.org/smol-toml/-/smol-toml-1.8.0.tgz
2886 http GET https://registry.npmjs.org/package-manager-detector/-/package-manager-detector-1.8.0.tgz
2887 silly lockFile c8de7e33-mrmime-2-0-1 mrmime@2.0.1
2888 silly lockFile c8de7e33-mrmime-2-0-1 mrmime@2.0.1
2889 silly lockFile 6280d45b-tinyglobby-tinyglobby-0-2-17-tgz https://registry.npmjs.org/tinyglobby/-/tinyglobby-0.2.17.tgz
2890 silly lockFile 6280d45b-tinyglobby-tinyglobby-0-2-17-tgz https://registry.npmjs.org/tinyglobby/-/tinyglobby-0.2.17.tgz
2891 silly lockFile 5917d034-cookie-1-1-1 cookie@1.1.1
2892 silly lockFile 5917d034-cookie-1-1-1 cookie@1.1.1
2893 info retry fetch attempt 1 at 16:50:22
2894 verbose fetch to= C:\Users\jerry\AppData\Local\Temp\npm-2864-W0YXzXam\registry.npmjs.org\vfile\-\vfile-6.0.3.tgz
2895 verbose addRemoteTarball [ 'https://registry.npmjs.org/p-queue/-/p-queue-8.1.1.tgz',
2895 verbose addRemoteTarball   'dac3e8c57412fffa18fe6c341b141dbb3a16408b' ]
2896 silly lockFile b31a73ec-mrmime-2-0-1 mrmime@^2.0.1
2897 silly lockFile b31a73ec-mrmime-2-0-1 mrmime@^2.0.1
2898 http GET https://registry.npmjs.org/unist-util-visit/-/unist-util-visit-5.1.0.tgz
2899 silly lockFile c446741c-tinyglobby-0-2-17 tinyglobby@0.2.17
2900 silly lockFile c446741c-tinyglobby-0-2-17 tinyglobby@0.2.17
2901 verbose addRemoteTarball [ 'https://registry.npmjs.org/shiki/-/shiki-3.23.0.tgz',
2901 verbose addRemoteTarball   'fca5332195e3afd6c94b384103ae9671a29c7fb9' ]
2902 silly lockFile a17f8d96-cookie-1-1-1 cookie@^1.1.1
2903 silly lockFile a17f8d96-cookie-1-1-1 cookie@^1.1.1
2904 http GET https://registry.npmjs.org/prompts/-/prompts-2.4.2.tgz
2905 silly lockFile f9b94bf2-tinyglobby-0-2-15 tinyglobby@^0.2.15
2906 silly lockFile f9b94bf2-tinyglobby-0-2-15 tinyglobby@^0.2.15
2907 http GET https://registry.npmjs.org/vfile/-/vfile-6.0.3.tgz
2908 silly addNameRange number 2 { name: 'semver', range: '>=7.7.3-0 <8.0.0-0', hasData: true }
2909 silly addNameRange versions [ 'semver',
2909 silly addNameRange   [ '1.0.0',
2909 silly addNameRange     '1.0.1',
2909 silly addNameRange     '1.0.2',
2909 silly addNameRange     '1.0.3',
2909 silly addNameRange     '1.0.4',
2909 silly addNameRange     '1.0.5',
2909 silly addNameRange     '1.0.6',
2909 silly addNameRange     '1.0.7',
2909 silly addNameRange     '1.0.8',
2909 silly addNameRange     '1.0.9',
2909 silly addNameRange     '1.0.10',
2909 silly addNameRange     '1.0.11',
2909 silly addNameRange     '1.0.12',
2909 silly addNameRange     '1.0.13',
2909 silly addNameRange     '1.0.14',
2909 silly addNameRange     '1.1.0',
2909 silly addNameRange     '1.1.1',
2909 silly addNameRange     '1.1.2',
2909 silly addNameRange     '1.1.3',
2909 silly addNameRange     '1.1.4',
2909 silly addNameRange     '2.0.0-alpha',
2909 silly addNameRange     '2.0.0-beta',
2909 silly addNameRange     '2.0.1',
2909 silly addNameRange     '2.0.2',
2909 silly addNameRange     '2.0.3',
2909 silly addNameRange     '2.0.4',
2909 silly addNameRange     '2.0.5',
2909 silly addNameRange     '2.0.6',
2909 silly addNameRange     '2.0.7',
2909 silly addNameRange     '2.0.8',
2909 silly addNameRange     '2.0.9',
2909 silly addNameRange     '2.0.10',
2909 silly addNameRange     '2.0.11',
2909 silly addNameRange     '2.1.0',
2909 silly addNameRange     '2.2.0',
2909 silly addNameRange     '2.2.1',
2909 silly addNameRange     '2.3.0',
2909 silly addNameRange     '2.3.1',
2909 silly addNameRange     '2.3.2',
2909 silly addNameRange     '3.0.0',
2909 silly addNameRange     '3.0.1',
2909 silly addNameRange     '4.0.0',
2909 silly addNameRange     '4.0.2',
2909 silly addNameRange     '4.0.3',
2909 silly addNameRange     '4.1.0',
2909 silly addNameRange     '4.1.1',
2909 silly addNameRange     '4.2.0',
2909 silly addNameRange     '4.2.1',
2909 silly addNameRange     '4.2.2',
2909 silly addNameRange     '4.3.0',
2909 silly addNameRange     '4.3.1',
2909 silly addNameRange     '4.3.2',
2909 silly addNameRange     '4.3.3',
2909 silly addNameRange     '4.3.4',
2909 silly addNameRange     '4.3.5',
2909 silly addNameRange     '4.3.6',
2909 silly addNameRange     '5.0.0',
2909 silly addNameRange     '5.0.1',
2909 silly addNameRange     '5.0.2',
2909 silly addNameRange     '5.0.3',
2909 silly addNameRange     '5.1.0',
2909 silly addNameRange     '5.1.1',
2909 silly addNameRange     '5.2.0',
2909 silly addNameRange     '5.3.0',
2909 silly addNameRange     '5.4.0',
2909 silly addNameRange     '5.4.1',
2909 silly addNameRange     '5.5.0',
2909 silly addNameRange     '5.5.1',
2909 silly addNameRange     '5.6.0',
2909 silly addNameRange     '5.7.0',
2909 silly addNameRange     '6.0.0',
2909 silly addNameRange     '6.1.0',
2909 silly addNameRange     '6.1.1',
2909 silly addNameRange     '6.1.2',
2909 silly addNameRange     '6.1.3',
2909 silly addNameRange     '6.2.0',
2909 silly addNameRange     '6.3.0',
2909 silly addNameRange     '5.7.1',
2909 silly addNameRange     '7.0.0',
2909 silly addNameRange     '7.1.0',
2909 silly addNameRange     '7.1.1',
2909 silly addNameRange     '7.1.2',
2909 silly addNameRange     '7.1.3',
2909 silly addNameRange     '7.2.0',
2909 silly addNameRange     '7.2.1',
2909 silly addNameRange     '7.2.2',
2909 silly addNameRange     '7.2.3',
2909 silly addNameRange     '7.3.0',
2909 silly addNameRange     '7.3.1',
2909 silly addNameRange     '7.3.2',
2909 silly addNameRange     '7.3.3',
2909 silly addNameRange     '7.3.4',
2909 silly addNameRange     '7.3.5',
2909 silly addNameRange     '7.3.6',
2909 silly addNameRange     '7.3.7',
2909 silly addNameRange     '7.3.8',
2909 silly addNameRange     '7.4.0',
2909 silly addNameRange     '7.5.0',
2909 silly addNameRange     '7.5.1',
2909 silly addNameRange     '7.5.2',
2909 silly addNameRange     '7.5.3',
2909 silly addNameRange     '7.5.4',
2909 silly addNameRange     '5.7.2',
2909 silly addNameRange     '6.3.1',
2909 silly addNameRange     '7.6.0',
2909 silly addNameRange     '7.6.1',
2909 silly addNameRange     '7.6.2',
2909 silly addNameRange     '7.6.3',
2909 silly addNameRange     '7.7.0',
2909 silly addNameRange     '7.7.1',
2909 silly addNameRange     '7.7.2',
2909 silly addNameRange     '7.7.3',
2909 silly addNameRange     '7.7.4',
2909 silly addNameRange     '7.8.0',
2909 silly addNameRange     '7.8.1',
2909 silly addNameRange     '7.8.2',
2909 silly addNameRange     '7.8.3',
2909 silly addNameRange     '7.8.4',
2909 silly addNameRange     '7.8.5' ] ]
2910 verbose addNamed [ 'semver', '7.8.5' ]
2911 verbose addNamed [ '7.8.5', '7.8.5' ]
2912 silly lockFile e5e71e56-semver-7-8-5 semver@7.8.5
2913 verbose lock semver@7.8.5 C:\Users\jerry\AppData\Roaming\npm-cache\e5e71e56-semver-7-8-5.lock
2914 error 404 Not Found
2914 error 404
2914 error 404 'capsizecss/unpack' is not in the npm registry.
2914 error 404 You should bug the author to publish it
2914 error 404 It was specified as a dependency of 'astro'
2914 error 404
2914 error 404 Note that you can also install from a
2914 error 404 tarball, folder, or http url, or git url.
2915 error System Windows_NT 10.0.26200
2916 error command "node" "C:\\Users\\jerry\\anaconda3\\Library\\lib\\node_modules\\npm\\bin\\npm-cli.js" "install"
2917 error cwd C:\Users\jerry\Documents\mingxu-liu-portfolio
2918 error node -v v0.12.18
2919 error npm -v 1.4.12
2920 error code E404
2921 verbose exit [ 1, true ]
